consensus text,line number,line slope,consensus score,line edited (T/F),original transcriber username,line editor username,flagged for low consensus (T/F),page number,column,number of transcribers,line start x,line end x,line start y,line end y
59,1,-0.6990000000000123,3,false,"","",false,1,1,3,916.8185312151909,992.6933317780495,113.81220096349716,112.88689851760864
[Pencil sketch of chalk and basalt labelled as 'close to Kinbane'],2,,0,true,"",E_L_Bird,false,1,1,0,,,,
[unclear]rises[/unclear] close to Kinbane,3,92.213,3,true,"",E_L_Bird,false,1,2,3,984.7961312532425,953.3358480930328,831.4952661991119,1531.0239152908325
about 3/4 of a mile,4,92.213,3,false,"","",false,1,2,3,846.0007643699646,818.241690993309,879.6109933853149,1584.6914571523666
from where it dips,5,92.213,3,true,"",E_L_Bird,false,1,2,3,786.7814078330994,758.0970320105553,823.1675441861153,1521.7708908319473
high B[superscript][unclear]t[/unclear][/superscript]. [unclear]Topps[/unclear],6,92.213,3,false,"","",false,1,2,3,730.337898671627,702.5788252949715,895.3411349654198,1282.1175573468208
chalk,7,92.213,3,false,"","",false,1,1,3,508.60599398612976,503.97948175668716,427.48978674411774,576.4634805321693
Basalt,8,92.213,3,false,"","",false,1,2,3,524.3361355662346,523.4108331203461,905.8711512684822,1157.5534165501595
