consensus text,line number,line slope,consensus score,line edited (T/F),original transcriber username,line editor username,flagged for low consensus (T/F),page number,column,number of transcribers,line start x,line end x,line start y,line end y
Ambition can not move it now.,1,0.877,3.5,false,"","",false,1,1,4,139.09479939937592,1001.7386138439178,354.1266071796417,336.8521378040314
From these bright eyes;,2,0.877,3.25,false,"","",false,1,1,4,141.2541080713272,906.7290322780609,844.2897131443024,843.2100588083267
[deletion]for many a year.[/deletion],3,0.877,5,false,"","",false,1,1,6,374.45944464206696,1025.0422982693246,953.3348010778427,959.8127270936966
-.,4,,0,true,"",E_L_Bird,false,1,1,0,,,,
; Loveliest of women,5,0.877,4,true,"",E_L_Bird,false,1,1,4,307.52087581157684,859.2242414951324,1313.9393223524094,1315.018976688385
- And [underline]like a sea of light[/underline],6,0.877,4,true,"",E_L_Bird,false,1,1,4,365.8222099542618,1066.5178740024567,1525.5515993833542,1534.1888340711594
expand,7,0.877,4,false,"","",false,1,1,4,632.4968309402466,776.0908576250076,1601.1274029016495,1609.7646375894547
- And lift above their summits,8,0.877,3.5714285714285716,true,"",E_L_Bird,false,1,1,5,270.81262838840485,1076.2347630262375,1709.0928364992142,1749.040046930313
blue.,9,,0,true,"",E_L_Bird,false,1,1,0,,,,
