consensus text,line number,line slope,consensus score,line edited (T/F),original transcriber username,line editor username,flagged for low consensus (T/F),page number,column,number of transcribers,line start x,line end x,line start y,line end y
10 grs Phos[superscript][unclear]s[/unclear][/superscript] -,1,-1.2320000000000277,3,true,"",E_L_Bird,false,1,1,3,526.6728876829147,815.1714576482773,138.13680255413055,117.35512590408325
7 1/2 Sulphur,2,-1.2320000000000277,3,false,"","",false,1,1,3,552.3443706035614,856.7348109483719,218.81860601902008,194.36957466602325
8 grs Potass[superscript]m[/superscript],3,-1.2320000000000277,3,false,"","",false,1,1,3,520.572247505188,1024.767970442772,808.3522626161575,815.4823031425476
26 [superscript]grs[/superscript] Bora[superscript]c[/superscript]. A,4,-1.2320000000000277,3,false,"","",false,1,1,3,359.5294228196144,491.62609446048737,841.3928380608559,843.7205327153206
"9 """,5,-1.2320000000000277,3,false,"","",false,1,1,3,354.87403351068497,449.7275906801224,893.7659677863121,889.1105784773827
[underline]12[/underline],6,-1.2320000000000277,3,false,"","",false,1,1,3,360.1113464832306,437.5071937441826,939.1560135483742,936.8283188939095
47 grs,7,-1.2320000000000277,3.5,false,"","",false,1,1,4,357.2017281651497,463.1118349432945,983.9641356468201,982.8002883195877
29/60,8,-1.2320000000000277,1,false,"","",true,1,2,1,969.3830285425993,1033.137504245924,405.34822186085984,407.80031708021846
