consensus text,line number,line slope,consensus score,line edited (T/F),original transcriber username,line editor username,flagged for low consensus (T/F),page number,column,number of transcribers,line start x,line end x,line start y,line end y
201,1,1.317,1,true,Nomad Purple,FrankPearson,true,1,1,1,1354.9505797474876,1493.8277763463025,492.0399353420509,495.23246585931446
"from that feeling, probably",2,178.922,1,true,Nomad Purple,FrankPearson,true,1,1,1,1510.6412021683159,134.12587106808405,2721.856266745744,2719.196333738787
induced him to attach,3,178.922,1,true,"",FrankPearson,true,1,1,1,1494.6816041265743,123.48613904025615,2586.1996833909384,2586.1996833909384
them to the soberer ,4,178.922,1,true,"",FrankPearson,true,1,1,1,1506.6513026578805,320.3211815550719,2430.5936024839557,2450.543100036133
"[unclear]genre[/unclear] of prose, - in",5,178.922,1,true,"",FrankPearson,true,1,1,1,1492.5412511206816,213.11347477437903,2296.281113406119,2350.809740048737
which they were to,6,178.922,1,true,Nomad Purple,FrankPearson,true,1,1,1,1504.5109293583096,237.05287183699193,2144.664891422215,2201.8534916591466
"form ornaments, - but",7,178.922,1,true,"",FrankPearson,true,1,1,1,1509.8308156659018,173.2144796700245,1967.7793870469332,2026.2979131999866
useful ornaments - &,8,178.922,1,true,"",FrankPearson,true,1,1,1,1503.1809831485093,242.37273785090565,1809.5133731329936,1820.1531051608215
of high price. -,9,178.922,1,true,"",FrankPearson,true,1,1,1,1504.5109293583096,550.9249666579142,1640.6076271912261,1636.6177276807907
