consensus text,line number,line slope,consensus score,line edited (T/F),original transcriber username,line editor username,flagged for low consensus (T/F),page number,column,number of transcribers,line start x,line end x,line start y,line end y
279,1,0.202,3,false,"","",false,1,2,3,934.809312825132,992.0783890159863,89.55914538629789,87.12217578290311
Oxygene is expelled,2,0.202,3,false,"","",false,1,1,3,319.4709204919251,883.6326025405493,149.26526090320544,168.76111069390828
[underline]from Potash.[/underline] by oxymuriatic,3,0.202,3,false,"","",false,1,1,3,243.9244676916223,1015.2297513139966,224.81178342616676,241.8706171317025
acid,4,0.202,3,false,"","",false,1,1,3,298.75659751996795,457.16052813518877,288.173295245951,288.173295245951
