consensus text,line number,line slope,consensus score,line edited (T/F),original transcriber username,line editor username,flagged for low consensus (T/F),page number,column,number of transcribers,line start x,line end x,line start y,line end y
Upon the mountains crowded round [insertion]thy banks[/insertion],1,-0.8190000000000168,3.857142857142857,false,"","",false,1,1,4,266.5178996278749,1207.279637838827,276.7602741118816,223.19376944506584
"O lovely Rhone no ice no snows are [insertion]seen,[/insertion]",2,-0.8190000000000168,3,false,"","",false,1,1,3,289.9532454196068,1247.454516338939,403.98072269556906,418.48831770949835
But Lovely tints & varied,3,-0.8190000000000168,3,false,"","",false,1,1,3,293.30115196128276,1084.523064644041,554.6365170709885,511.1137320292007
"Such as might, [deletion]b[/deletion] bespeak",4,-0.8190000000000168,3,true,"",a_s_wolf,false,1,1,3,549.9739868231085,1273.1217998251218,637.2182117656629,612.6668971267056
[insertion][deletion]Besp[/deletion] bespeak[/insertion] Autumnal days. The oak that [deletion]still[/deletion] long [deletion][insertion]has kept.[/insertion][/deletion],5,-0.8190000000000168,4.8,true,"",LH1980Lancaster,false,1,1,5,156.03698375256727,1284.2814882973748,762.2067226548997,727.6116883909145
[insertion]Has kept[/insertion] The faded foliage cloakes [deletion]around[/deletion] [insertion]their base [/insertion],6,-0.8190000000000168,3.9,true,"",a_s_wolf,false,1,1,4,202.8777239837523,1261.648757344208,895.9318132591403,883.3772160256171
The bracken to their sides a richer [insertion]tint.[/insertion],7,-0.8190000000000168,3,false,"","",false,1,1,3,347.06939911391396,1274.4251038119005,1025.2114272510373,1027.6909879587859
"Of chesnut gives, [deletion]their dusted summits[/deletion] [insertion]And the green herbage cloaths[/insertion]",8,-0.8190000000000168,3.909090909090909,true,"",LH1980Lancaster,false,1,1,4,367.27278629616205,1277.2230892771697,1139.229297759413,1170.6768556104844
Their summits bathed in dew [insertion]Save where the cliff[/insertion],9,-0.8190000000000168,3,false,"","",false,1,1,3,389.1683747942641,1228.108063272852,1380.2969296930999,1386.3835537933073
