consensus text,line number,line slope,consensus score,line edited (T/F),original transcriber username,line editor username,flagged for low consensus (T/F),page number,column,number of transcribers,line start x,line end x,line start y,line end y
found in Nature; [deletion][unclear]so as[/unclear][/deletion],1,2.393,3,true,"",E_L_Bird,false,1,1,3,138.97023178064163,1096.5249460876223,192.62583981467583,243.41464744155166
discovery as it were,2,2.393,3,false,"","",false,1,1,3,150.11898866768612,1121.2999718931906,294.2034314411217,343.753483052258
The essence of Matter,3,2.393,3,false,"","",false,1,1,3,143.92523221629406,1136.1650440820654,419.3173401120078,455.24109917731465
forming to himself,4,2.393,3,false,"","",false,1,1,3,152.59647707185948,1058.1236749908364,539.4761774653241,574.1612513968087
instruments for forcing,5,2.393,3,false,"","",false,1,1,3,148.88023265194656,1121.2999718931906,646.008816782034,680.693843458907
Nature ravishing her,6,2.393,3,false,"","",false,1,1,3,178.61025889316718,1152.2687541501507,757.4964329070907,803.330240098314
[unclear]if[/unclear] generating producing,7,2.393,5.333333333333333,false,"","",false,1,1,6,199.6690402788224,1152.2687541501507,878.8940971580639,908.6240997719786
