consensus text,line number,line slope,consensus score,line edited (T/F),original transcriber username,line editor username,flagged for low consensus (T/F),page number,column,number of transcribers,line start x,line end x,line start y,line end y
533,1,2.038,3,false,"","",false,1,2,3,993.4872001409531,1060.052642941475,124.54179680347443,127.76270532608032
March 5. 1811 533,2,2.038,3.4,true,"",E_L_Bird,false,1,1,4,576.3262259859839,992.0697995282535,108.56881523370143,131.05108223840116
Returned to M.[superscript]r[/superscript] Allen Plough Court.,3,2.038,3,false,"","",false,1,1,3,217.33988931169029,1031.3331697395765,206.7718015451596,217.68323984378455
2 Doz[superscript]n[/superscript]. 3lb Stoppered Bottles. -,4,2.038,5.666666666666667,false,"","",false,1,1,7,311.17828365416494,1028.0597881985896,311.52157175050843,346.43818263087496
