consensus text,line number,line slope,consensus score,line edited (T/F),original transcriber username,line editor username,flagged for low consensus (T/F),page number,column,number of transcribers,line start x,line end x,line start y,line end y
proofs of the agency of fire are ([unclear]that[/unclear] of the [insertion]Hill[/insertion],1,179.09,2.8181818181818183,true,TEHark,FrankPearson,true,1,1,3,1277.7100920677185,124.23331096768379,583.2351452112198,602.2405561208727
"those of Agde, St. Thibery, the Tour",2,179.09,3,true,TEHark,FrankPearson,false,1,1,3,1286.7861590385437,151.83071112632751,492.44735288619995,506.9551413059236
of Valois; St Hilaire [unclear]Cadalles[/unclear] &,3,179.09,3,true,TEHark,FrankPearson,false,1,1,3,1266.7957377433777,225.58292269706726,407.12478685379034,418.2846240997316
the elevations in the neighborhood,4,179.09,3,true,TEHark,FrankPearson,false,1,1,3,1249.9820001125336,247.8286154270172,321.08706140518194,359.030508041382
of Fontes -,5,179.09,3,true,"",E_L_Bird,false,1,1,3,1239.9381465911865,965.4061503410338,249.66410303115845,253.0120542049409
I have examined all these spots,6,179.09,3,true,TEHark,FrankPearson,false,1,1,3,1169.7336753606796,330.46171522140503,192.71540999412542,212.23336255550396
the time first with considerable attention,7,179.09,6.5,true,E_L_Bird,FrankPearson,false,1,1,7,1241.2995014190674,268.1901522874832,132.30269968509674,149.0323733091356
during the course of a journey [deletion]to the[/deletion],8,179.09,3,true,TEHark,FrankPearson,false,1,1,3,1229.0909638404846,301.1291294693947,85.24545568227768,82.05932062864315
