consensus text,line number,line slope,consensus score,line edited (T/F),original transcriber username,line editor username,flagged for low consensus (T/F),page number,column,number of transcribers,line start x,line end x,line start y,line end y
[unclear]11 oz[/unclear] of Apple juice vinegar,1,1.215,3,false,"","",false,1,1,3,483.6314649581909,1400.4428741931915,296.5044767856598,308.9105851650238
[underline]contain[/underline] -,2,1.215,3,true,"",E_L_Bird,false,1,1,3,671.5761051177979,1028.4428143501282,374.95594477653503,375.91013383865356
= to [unclear]water oz[/unclear] ins 4 1/2 ozs,3,1.215,3,false,"","",false,1,1,3,508.44368171691895,1314.8407263755798,511.1301517486572,514.8519842624664
4. of Sum [deletion][unclear]x[/unclear][/deletion] 4 1/2 ozs,4,1.215,3,true,"",E_L_Bird,false,1,1,3,487.50074887275696,1308.103342294693,745.9581401348114,757.4084088802338
About 1/11 of pure,5,1.215,3,true,"",E_L_Bird,false,1,1,3,532.3476347923279,1324.324556350708,997.8640415668488,988.3221509456635
acetic acid,6,1.215,3,false,"","",false,1,1,3,593.4157347679138,1039.976215839386,1129.542132139206,1120.9544305801392
2 1/2 of [underline]Malt vinegar[/underline],7,1.215,3,false,"","",false,1,1,3,491.3175051212311,1383.4842782020569,1401.4860482215881,1443.4703669548035
2 [unclear]oz[/unclear],8,1.215,3,false,"","",false,1,2,3,1060.5155045986176,1236.6822435855865,574.4013078212738,595.4916920661926
