consensus text,line number,line slope,consensus score,line edited (T/F),original transcriber username,line editor username,flagged for low consensus (T/F),page number,column,number of transcribers,line start x,line end x,line start y,line end y
which appears to sublime leaving only a,1,-2.5889999999999986,3,true,E_L_Bird,FrankPearson,false,1,1,3,163.77420322044296,965.6636558718732,117.98423439369478,79.60320076251523
very little solid matter dark coloured & probably,2,-2.5889999999999986,3,true,E_L_Bird,FrankPearson,false,1,1,3,186.93621103214173,1072.9663617859105,184.42487032877312,124.30139581333879
"[unclear]tin[/unclear] & a little of the Iodine separated,",3,-2.5889999999999986,3.875,true,E_L_Bird,FrankPearson,false,1,1,4,163.47623192502945,1092.334562561927,233.30428340831088,190.88852091639768
with Sulphuric acid this salt gave,4,-2.5889999999999986,3,true,E_L_Bird,FrankPearson,false,1,1,3,183.46420552583487,982.8234584664831,287.87382967711625,256.99729200988094
iodine & brown powder which gave,5,-2.5889999999999986,3.4285714285714284,true,E_L_Bird,FrankPearson,false,1,1,4,178.318115914629,1022.2768121523948,361.634447437734,311.88891452941044
iodine by heat. neutralized by Potassi[unclear]m[/unclear],6,-2.5889999999999986,3,true,E_L_Bird,FrankPearson,false,1,1,3,188.7893512674511,1104.2361674109488,421.6608860539321,387.86429412568094
"& only little precipitate, when ammonia",7,-2.5889999999999986,2,true,E_L_Bird,FrankPearson,true,1,1,2,184.24997064564792,1073.2472800626883,478.59790780790183,449.2095670007269
"was poured in the mixture became black ,",8,-2.5889999999999986,3.75,true,deehar,FrankPearson,false,1,1,4,198.84547520999016,1099.6740602636612,540.313423502969,491.7336147888476
[unclear]Montpeliers[/unclear],9,-2.5889999999999986,3,true,E_L_Bird,FrankPearson,false,1,1,5,211.89398580261764,432.30718522872957,613.1548998708192,605.1606387517375
