consensus text,line number,line slope,consensus score,line edited (T/F),original transcriber username,line editor username,flagged for low consensus (T/F),page number,column,number of transcribers,line start x,line end x,line start y,line end y
143,1,-2.0299999999999727,3,false,"","",false,1,1,3,1088.8559435606003,1177.5113275051117,98.6130256652832,98.6130256652832
[short horizontal rule],2,-2.0299999999999727,3,false,"","",false,1,1,3,328.17085909843445,544.8840198516846,94.23498201370239,92.04596018791199
"[underline]16..3[/underline] ,, 3[/underline]",3,-2.0299999999999727,2,false,"","",true,1,1,5,298.619064450264,539.4114652872086,223.3872697353363,208.06411695480347
[short horizontal rule],4,-2.0299999999999727,3,false,"","",false,1,1,3,848.0635427236557,950.9475685358047,142.3934621810913,139.1099294424057
"1,, 10. [underline]29.,,[/underline]",5,-2.0299999999999727,3.3333333333333335,true,"",Fierengraw,false,1,1,5,594.1370109319687,797.7160407304764,278.11281538009644,249.65553164482117
1.9,6,-2.0299999999999727,1.6666666666666667,true,"",Fierengraw,true,1,1,5,821.7952808141708,1004.5786032676697,343.7834701538086,344.8779810667038
