consensus text,line number,line slope,consensus score,line edited (T/F),original transcriber username,line editor username,flagged for low consensus (T/F),page number,column,number of transcribers,line start x,line end x,line start y,line end y
{That from thy throne,1,-178.817,5.25,true,"",E_L_Bird,false,1,1,6,1065.4977578475336,326.2494904198941,1277.7105584997958,1269.6225030574803
glorious,2,-178.817,3,false,"","",false,1,1,3,826.091316754994,623.8899306971056,1224.3293925805133,1213.0061149612716
brilliant with dew,3,-178.817,3,false,"","",false,1,1,3,915.0599266204649,285.80921320831635,1170.9482266612308,1145.0664492458213
oerspread,4,-178.817,3,false,"","",false,1,1,3,882.7077048512026,586.6848756624541,1086.8324500611493,1085.2148389726863
brightest,5,-178.817,3,false,"","",false,1,1,3,1112.4084794129637,834.1793721973095,950.9531186302482,954.1883408071747
tranquil light,6,-178.817,3,false,"","",false,1,1,3,1130.2022013860578,644.918874847126,633.9013452914796,624.1956787607011
lamp of night},7,-178.817,3,true,"",E_L_Bird,false,1,1,3,1133.4374235629841,491.2458214431309,517.4333469221359,502.87484712596813
