consensus text,line number,line slope,consensus score,line edited (T/F),original transcriber username,line editor username,flagged for low consensus (T/F),page number,column,number of transcribers,line start x,line end x,line start y,line end y
101,1,-9.230000000000018,2,true,TEHark,FrankPearson,true,1,1,2,987.9111003480991,1100.8279132757837,139.0289220268823,120.67988985218756
2,2,179.914,3,true,TEHark,FrankPearson,false,1,2,3,668.3961250020352,569.6902612435399,1361.3522873249585,1356.6520260285058
The memory will cheer thy soul,3,179.914,3.8333333333333335,true,TEHark,FrankPearson,false,1,1,4,1012.6915962802624,208.9437947420879,1272.0469999497955,1295.5484140129129
In days of solitude & sadness,4,179.914,3,true,TEHark,FrankPearson,false,1,1,3,1007.9913349838097,279.4479831410131,1186.2669219945788,1202.7178634273769
[deletion]The memory will cheer thy soul.[/deletion],5,179.914,3.6666666666666665,true,TEHark,FrankPearson,false,1,1,4,989.1902091123584,166.6412817027326,1100.486790248935,1115.7627335956536
The thoughts of bitter times recall,6,179.914,3.6666666666666665,true,a_s_wolf,FrankPearson,false,1,1,4,1004.4661255638634,145.4900251830552,1022.9321830101172,1024.1072886770507
And waken all thy [underline]heart[/underline] to gladness.,7,179.914,2,true,a_s_wolf,FrankPearson,true,1,1,2,986.840078464132,126.68897999724436,941.8523663513532,935.9770531783943
