consensus text,line number,line slope,consensus score,line edited (T/F),original transcriber username,line editor username,flagged for low consensus (T/F),page number,column,number of transcribers,line start x,line end x,line start y,line end y
|_When the different Nature of the,1,-0.9189999999999827,2,true,"",plphy,false,1,1,2,144.95864965351893,1025.1672303820467,207.83852658782735,178.85705873693507
substances composing Air & their different,2,-0.9189999999999827,2.8333333333333335,true,plphy,plphy,false,1,1,3,187.18878852196192,1094.7227532241882,260.83321065803034,253.380833210658
"specific gravities are examined, we",3,-0.9189999999999827,2,false,"","",false,1,1,2,202.92158535530345,1053.320656294342,327.0765657457841,308.03160115805485
are necessarily led to an,4,-0.9189999999999827,2,false,"","",false,1,1,2,224.4506757588234,988.7333850837822,399.11621440371624,378.4151659387932
investigation of the causes that,5,-0.9189999999999827,2.8,false,"","",false,1,1,3,229.41892739040495,1068.2254111890866,471.9839050002454,457.9071920440977
produce their accurate [deletion]mixture[/deletion] [insertion]union[/insertion],6,-0.9189999999999827,2.8,true,"",plphy,false,1,1,3,226.10675963601724,1134.4687662768404,540.7113859037898,529.9468407020298
[deletion][unclear]xx this subsxxxxxx very different[/unclear][/deletion],7,-0.9189999999999827,2,true,"",raspence,false,1,1,2,250.11997585532797,1077.3338725136528,620.2034120090943,604.4706151757528
[deletion]been formed by[/deletion],8,-0.9189999999999827,1,true,"",raspence,true,1,2,1,592.3310202360153,984.4144017696381,677.6209236383438,679.6111946105957
"Earth "" where these",9,,0,true,"",raspence,false,1,1,0,,,,
