consensus text,line number,line slope,consensus score,line edited (T/F),original transcriber username,line editor username,flagged for low consensus (T/F),page number,column,number of transcribers,line start x,line end x,line start y,line end y
"And oft I think upon the time,",1,1.081,3,false,"","",false,1,1,3,145.08033990859985,927.0480620861053,354.04874181747437,368.9433650970459
"Ere I had stepp'd beyond my prime,",2,1.081,3,false,"","",false,1,1,3,153.59155321121216,1007.9045884609222,454.30373907089233,469.19836235046387
When thou just bounding into life,3,1.081,3,false,"","",false,1,1,3,153.59155321121216,947.2621936798096,561.7578070163727,581.9719386100769
Alike unknown to grief or strife,4,1.081,3,false,"","",false,1,1,3,171.6778814792633,965.3485219478607,659.6367599964142,667.0840716362
Panted with transport for the hour,5,1.081,3,false,"","",false,1,1,3,172.74178314208984,1014.2879984378815,751.1323029994965,772.4103362560272
When the whole world should feel thy power.,6,1.081,3,false,"","",false,1,1,3,142.95253658294678,1044.0772449970245,853.2668626308441,885.1839125156403
[person_002]A.B[/person_002],7,1.081,3,true,"",sruston,false,1,2,3,778.10182929039,901.5144221782684,966.661052942276,966.661052942276
