consensus text,line number,line slope,consensus score,line edited (T/F),original transcriber username,line editor username,flagged for low consensus (T/F),page number,column,number of transcribers,line start x,line end x,line start y,line end y
State [underline]of[/underline] Accounts,1,-3.516999999999996,3,false,"","",false,1,1,3,145.93134355545044,699.1174725294113,234.26281881332397,202.95039641857147
- 872 : 14 . 11,2,-3.516999999999996,3.6666666666666665,true,"",Fierengraw,false,1,1,4,513.5623768568039,900.9086390733719,306.16541838645935,284.1307507753372
Aug[superscript]t[/superscript] 26 Bank,3,-3.516999999999996,3,true,"",Fierengraw,false,1,1,3,169.12573051452637,449.7778127193451,386.1860533952713,373.42914056777954
1809,4,-3.516999999999996,3,false,"","",false,1,1,3,249.14636552333832,453.2569707632065,511.4357429742813,502.15798819065094
"461 ,, 12 } against me",5,-3.516999999999996,3,true,"",Fierengraw,false,1,1,3,307.13233292102814,674.7633662223816,685.3936396837234,655.2409366369247
"99 ,, 10 }",6,-3.516999999999996,3,true,"",Fierengraw,false,1,1,3,345.4030714035034,666.645330786705,756.136519908905,730.6226942539215
