consensus text,line number,line slope,consensus score,line edited (T/F),original transcriber username,line editor username,flagged for low consensus (T/F),page number,column,number of transcribers,line start x,line end x,line start y,line end y
Oh Anna should thy,1,-0.375,3,true,"",sruston,false,1,1,3,216.81390380859375,783.8739624023438,303.0413818359375,290.0552673339844
spirit rest,2,-0.375,3,false,"","",false,1,1,3,215.73171997070312,498.1795959472656,408.0124206542969,389.6154479980469
A peaceful inmate,3,-0.375,3,false,"","",false,1,1,3,267.6761474609375,747.0800170898438,515.1478271484375,494.58648681640625
inmate,4,-0.375,3,false,"","",false,1,1,3,272.0048522949219,378.0580749511719,672.0632934570312,665.5702514648438
The him,5,-0.375,3,false,"","",false,1,1,3,215.73171997070312,528.4805297851562,807.3352661132812,801.9243774414062
o Kala paida,6,-0.375,2.6666666666666665,false,"","",true,1,1,4,289.91827392578125,780.6415405273438,962.4967651367188,966.2861328125
"Ouk moi, ouk moi",7,-0.375,2.5,false,"","",true,1,1,3,193.2893829345703,674.5391845703125,1070.4937744140625,1106.4927978515625
[underline]Kaka[/underline],8,-0.375,1,false,"","",true,1,1,1,238.76181030273438,496.4388732910156,1222.0684814453125,1231.5418701171875
[unclear]Zrünt[/unclear],9,-0.375,1,false,"","",true,1,1,1,354.3375549316406,511.5963439941406,1366.064453125,1364.1697998046875
