consensus text,line number,line slope,consensus score,line edited (T/F),original transcriber username,line editor username,flagged for low consensus (T/F),page number,column,number of transcribers,line start x,line end x,line start y,line end y
22,1,-1.9979999999999905,3,false,"","",false,1,1,3,163.93373934635522,274.7803976681388,96.02413579848678,92.15740190869559
4 4 4,2,87.4,3.6666666666666665,false,"","",false,1,1,4,732.3852344065659,741.4077445979162,661.6965806554684,1242.997083245208
[Pencil sketch of the outlines of rock formations],3,87.4,3,false,"","",false,1,1,3,316.0256738850193,370.16004667847403,495.58765388614995,1024.0426294214465
B,4,87.4,3,false,"","",false,1,2,3,939.900559566358,942.4783985489485,1092.1940190296502,1231.3968324076454
