consensus text,line number,line slope,consensus score,line edited (T/F),original transcriber username,line editor username,flagged for low consensus (T/F),page number,column,number of transcribers,line start x,line end x,line start y,line end y
"""The branches the divisions &",1,-1.1329999999999814,3,false,"","",false,1,1,3,108.7523910010822,1047.9002730590896,223.16064648225856,193.44897687331766
the distinctions of this Science,2,-1.1329999999999814,3,false,"","",false,1,1,3,126.83776368108849,1049.1920660338697,308.42028870442726,277.4167891616491
are founded upon the natural,3,-1.1329999999999814,3,false,"","",false,1,1,3,120.37870024970258,1152.5370809360445,380.7618040638241,345.88290095733464
"order of things.""",4,-1.1329999999999814,3,false,"","",false,1,1,3,112.62784384353674,647.4383403131615,468.6050815142959,454.3951123980009
[Pencil geological sketch of rock formations],5,-1.1329999999999814,3,false,"","",false,1,2,3,522.3808721943661,867.5916578794464,877.9860982590544,887.1917192106565
