consensus text,line number,line slope,consensus score,line edited (T/F),original transcriber username,line editor username,flagged for low consensus (T/F),page number,column,number of transcribers,line start x,line end x,line start y,line end y
"& that even in cases, when they",1,-0.6059999999999945,3,false,"","",false,1,1,3,248.4954762108932,1532.1659996006915,305.8409636264284,275.68762918438625
have remained in their natural,2,-0.6059999999999945,3,false,"","",false,1,1,3,282.95642985894153,1560.883460974065,404.91620536456725,370.45525171651894
State.-,3,-0.6059999999999945,3,true,"",deehar,false,1,1,5,290.13579520228484,443.77421354983346,528.4012892700734,531.2730354074108
