consensus text,line number,line slope,consensus score,line edited (T/F),original transcriber username,line editor username,flagged for low consensus (T/F),page number,column,number of transcribers,line start x,line end x,line start y,line end y
43,1,-2.3109999999999786,3,true,E_L_Bird,FrankPearson,false,1,2,3,1173.7854930737349,1237.115083285752,84.21284548958374,81.12359718655853
-. [unclear]Iron[/unclear] with Iodine gave a deep red acid,2,-2.3109999999999786,3,true,E_L_Bird,FrankPearson,false,1,1,3,157.0264481420047,1119.9248043982946,159.89357262847813,134.77448507396622
solution to water- precipitable by ammonia,3,-2.3109999999999786,3.8333333333333335,true,E_L_Bird,FrankPearson,false,1,1,4,182.76941048140938,1118.8116462980524,224.8390566433384,193.94657361308614
giving green oxide -,4,-2.3109999999999786,3.5,true,Purple Helen,FrankPearson,false,1,1,4,183.2287540377389,643.8805723339512,291.5496137955111,290.36845528705925
[deletion][unclear]x[/unclear][/deletion] distilled - [unclear]pure[/unclear] iodine,5,-2.3109999999999786,3,true,E_L_Bird,FrankPearson,false,1,1,3,288.6686582148093,885.1537049829817,368.6180257884044,340.2702215855606
- Made several exp[superscript]t.[/superscript] to make oxyionic,6,-2.3109999999999786,3.5714285714285716,true,E_L_Bird,FrankPearson,false,1,1,4,148.86251126724136,1185.4435243500996,470.2092168271163,394.85195416358044
acid without success - oxygene given,7,-2.3109999999999786,3,true,E_L_Bird,FrankPearson,false,1,1,3,174.40953369487355,1085.3951090051723,524.8690672595679,476.30549798751167
off when Sulphuric acid is poured,8,-2.3109999999999786,3,true,E_L_Bird,FrankPearson,false,1,1,3,220.48849995802902,1078.9792243767313,578.8196508016454,545.9412826324183
into the Barytic solution- it becomes,9,-2.3109999999999786,3,true,E_L_Bird,FrankPearson,false,1,1,3,262.8154484667107,1198.0223652802756,635.9164325166868,597.5583363192554
