consensus text,line number,line slope,consensus score,line edited (T/F),original transcriber username,line editor username,flagged for low consensus (T/F),page number,column,number of transcribers,line start x,line end x,line start y,line end y
67,1,-5.009999999999991,3,false,"","",false,1,2,3,866.467187166214,901.939783334732,126.35469365119934,122.41329407691956
"producing life, it must be from",2,-5.009999999999991,3,false,"","",false,1,1,3,58.48027443885803,864.4964873790741,192.37313652038574,146.06169152259827
toil & labor of hands & of head,3,-5.009999999999991,3.875,false,"","",false,1,1,4,85.08472156524658,808.3315434455872,255.4355297088623,184.49033737182617
it must be the result of,4,-5.009999999999991,3,false,"","",false,1,1,3,85.08472156524658,731.4742517471313,309.62977385520935,243.61133098602295
slow and painful investigations. -,5,-5.009999999999991,3,false,"","",false,1,1,3,81.1433219909668,816.2143425941467,367.7654175758362,316.527223110199
[Horizontal rule],6,,0,true,"",Fierengraw,false,1,1,0,,,,
