consensus text,line number,line slope,consensus score,line edited (T/F),original transcriber username,line editor username,flagged for low consensus (T/F),page number,column,number of transcribers,line start x,line end x,line start y,line end y
- It is of great importance in judging,1,-1.8279999999999745,5.25,false,"","",false,1,1,6,95.05292205537526,1192.0433416912801,165.60211554060942,116.87628918988003
of stones to take them in their,2,-1.8279999999999745,3,false,"","",false,1,1,3,94.06589430597182,1208.5481689934945,237.7837877348147,200.56545574153935
various states of decomposition,3,-1.8279999999999745,3.5,false,"","",false,1,1,4,127.14885607777211,1169.2621518894819,308.08508149989035,270.866749506615
& with their [underline]natural fracture[/underline],4,-1.8279999999999745,3,false,"","",false,1,1,3,110.60737519187194,1220.9542796579196,413.5370221475039,359.7772092683283
Werners method of making them,5,-1.8279999999999745,3,false,"","",false,1,1,3,131.92654074092687,1269.7413651871084,489.5632671937542,450.0558078371634
all square or oblong is bad.,6,-1.8279999999999745,3,false,"","",false,1,1,3,131.92654074092687,1249.987635508813,575.1627624663676,523.803095444599
[deletion]one [pencil undertext]Near Llyn [unclear]V.[/unclear] [deletion]Llyn Tal[/deletion][/pencil undertext] In wales[/deletion] Near.,7,-1.8279999999999745,3.2222222222222223,true,"",Fierengraw,false,1,1,5,125.34196418149506,1284.2274135233254,673.9314108578445,637.0577921722929
[underline]Tallyn[/underline] - in a [underline]trans: Slate[/underline] carboniferous,8,-1.8279999999999745,3.125,true,"",Fierengraw,false,1,1,4,133.2434610764465,1296.0796714248354,754.2632750247119,743.7279123405551
matter evidently of the [unclear]anthracalite[/unclear],9,-1.8279999999999745,3,false,"","",false,1,1,3,138.51111730035868,1284.2274135233254,820.1090406190299,817.4751999479906
