consensus text,line number,line slope,consensus score,line edited (T/F),original transcriber username,line editor username,flagged for low consensus (T/F),page number,column,number of transcribers,line start x,line end x,line start y,line end y
1[underline][superscript]a[/superscript][/underline],1,-11.725000000000023,3,false,"","",false,1,1,4,481.58873654931114,565.7196868776458,184.18854221101384,166.72742328473032
Shist on the Suire above Waterford,2,-94.459,3,false,"","",false,1,2,3,201.119717014927,158.2605353597786,1034.7959530515504,371.27252554857455
[underline]Shist on the River Suire[/underline],3,-94.459,3,false,"","",false,1,2,3,286.83808032522336,229.69248460048777,1001.4610676273315,282.3794573815819
[underline]above Waterford Bridge[/underline] -,4,-94.459,3,false,"","",false,1,2,3,353.50785117366104,310.64873007212634,904.6310556577577,207.77268217694927
Shist on the River,5,-94.459,3,false,"","",false,1,1,3,434.8490095771189,377.7034138523834,1494.7071676577875,962.9359899769527
Suire above Waterford,6,-94.459,3,false,"","",false,1,1,3,485.64501392762116,430.0868311848473,1464.5470173670717,828.0089747445022
Bridge [underline]J.D.[/underline],7,-94.459,3,false,"","",false,1,1,3,550.7274929013244,499.93142799720835,1472.4839006160394,913.7272775011847
"[Pencil sketch of cliffs and hills on both banks of a river. Two small houses perch on the far side, with a couple of trees beside them. A boat floats upon the river. Details of the cliffs, houses, and vegetation have been inked over]",8,-94.459,3,false,"","",false,1,1,3,1130.1199700759655,1103.134615472366,1328.032619429466,835.9458579934696
