consensus text,line number,line slope,consensus score,line edited (T/F),original transcriber username,line editor username,flagged for low consensus (T/F),page number,column,number of transcribers,line start x,line end x,line start y,line end y
Dark in the midnight tempest -,1,-1.3319999999999936,5.666666666666667,false,"","",false,1,1,7,193.6072006225586,909.9436645507812,189.04898071289062,167.00538635253906
Superstition raised the bloody dagger,2,-1.3319999999999936,6.4,false,"","",false,1,1,7,188.94569396972656,1009.3617553710938,255.4343490600586,257.22425842285156
"She stole upon their dream,",3,-1.3319999999999936,6.4,false,"","",false,1,1,7,196.01407623291016,957.7447509765625,328.6027526855469,313.8632354736328
& bade them sleep without [insertion]a[/insertion],4,-1.3319999999999936,5.333333333333333,false,"","",false,1,1,7,179.9644012451172,967.8976135253906,411.04417419433594,377.1780090332031
dream.,5,-1.3319999999999936,4,false,"","",false,1,1,4,173.49977111816406,375.58306884765625,463.03880310058594,460.6618347167969
Soundest along Killarney,6,-1.3319999999999936,3.6,true,"",a_s_wolf,false,1,1,7,193.60709381103516,851.3107299804688,543.1227722167969,518.8938598632812
