consensus text,line number,line slope,consensus score,line edited (T/F),original transcriber username,line editor username,flagged for low consensus (T/F),page number,column,number of transcribers,line start x,line end x,line start y,line end y
107,1,4.927,3,true,TEHark,FrankPearson,false,1,1,3,1150.2324658632278,1214.5761259794235,72.10927248001099,77.65613973140717
of Radicophani - has a base of basalt -,2,179.42,3,true,"",FrankPearson,false,1,1,3,1188.217144727707,208.45764273405075,567.9110725522041,582.5178128480912
containing fused rocks. - & possessing all,3,179.42,3,true,"",FrankPearson,false,1,1,3,1146.7650389671326,275.90688049793243,486.3538306951523,495.2288182973863
the transitions from Sienite into Basalt -,4,179.42,3,true,"",FrankPearson,false,1,1,3,1177.5676896572113,131.4285260438919,403.49861431121826,422.35796296596544
When there are cavities distinct chrystals,5,179.42,3,true,E_L_Bird,FrankPearson,false,1,1,3,1187.965652704239,174.07473754882812,328.49295580387115,334.54001891613024
"of Hornblend & feldspar appear,",6,179.42,3,true,TEHark,FrankPearson,false,1,1,3,1161.7002918720245,356.48182767629623,266.6401655077934,255.54645532369625
& chrystals of primary rocks are,7,179.42,3,true,"",FrankPearson,false,1,1,3,1141.3618232011795,311.1825110912323,168.64572554826736,179.73943573236477
found [insertion]partly[/insertion] matted down in the mass. [unclear]Time[/unclear],8,179.42,3,true,deehar,FrankPearson,false,1,1,3,1123.2795636057854,154.42887419462204,84.8040696978569,114.38729685544985
