consensus text,line number,line slope,consensus score,line edited (T/F),original transcriber username,line editor username,flagged for low consensus (T/F),page number,column,number of transcribers,line start x,line end x,line start y,line end y
[deletion]-. When Nature sinking seems [insertion]to die[/insertion][/deletion],1,-0.036000000000001364,3.5714285714285716,true,"",raspence,false,1,1,5,172.42070859509357,1193.666909416348,571.7233004597621,562.9947004527428
[deletion]When wintry cloud[deletion]s[/deletion] oerhangs [insertion]the sky[/insertion][/deletion],2,-0.036000000000001364,3.6666666666666665,true,"",raspence,false,1,1,5,244.43165865300256,1165.2989593935354,702.6523005650511,726.6559505843541
[deletion]And[/deletion],3,-0.036000000000001364,3,true,TEHark,FrankPearson,false,1,1,3,226.974458638964,425.5501087986524,888.1350507142106,875.0421507036816
[deletion]And [insertion]Nature[/insertion] sinking seems to die;[/deletion],4,-0.036000000000001364,3.6666666666666665,true,TEHark,FrankPearson,false,1,1,4,314.2604587091567,1222.0348594391608,977.603200786158,960.1460007721196
- Then may society impart,5,-0.036000000000001364,3.8,true,TEHark,FrankPearson,false,1,1,4,224.7923086372092,1213.3062594321414,1143.4466009195241,1117.2608008984664
[deletion]Its [deletion]cheerful[/deletion][insertion]varied[/insertion] influence to thy [deletion]heart[/deletion] heart.[/deletion],6,-0.036000000000001364,3.5714285714285716,true,"",raspence,false,1,1,5,303.7721186258313,1237.732319376893,1259.522960937978,1224.608560909901
[deletion]The wise and good of thee be [insertion]proud[/insertion][/deletion],7,-0.036000000000001364,3,true,TEHark,FrankPearson,false,1,1,4,268.43530867230555,1217.670559435651,1396.5760011230832,1390.0295511178185
[deletion][deletion]The wise & good[/deletion] around thee [insertion]crowd.[/insertion][/deletion],8,-0.036000000000001364,3.7142857142857144,true,TEHark,FrankPearson,false,1,1,5,272.79960867581514,1243.8563594567088,1518.776401221353,1527.5050012283718
