consensus text,line number,line slope,consensus score,line edited (T/F),original transcriber username,line editor username,flagged for low consensus (T/F),page number,column,number of transcribers,line start x,line end x,line start y,line end y
with the truth and Theories of Modern times,1,2.024,1,true,"",deehar,true,1,1,1,639.8986097336048,2864.955142593656,600.947408258078,666.5832941831533
appear as the vain toys and amusements,2,2.024,1,false,"","",true,1,1,1,623.489638252336,2789.4738737798193,863.4909519583791,988.1991352160221
of Children when contrasted with the,3,2.024,1,false,"","",true,1,1,1,590.6716952897983,2710.710810669729,1135.8798785474414,1178.5432043987403
useful occupations and pursuits of Men,4,2.024,1,false,"","",true,1,1,1,607.0806667710672,2773.064902298551,1329.5057420264134,1467.3411024690715
-,5,2.024,1,true,"",deehar,true,1,2,1,1473.4743609820607,2579.4390388195784,1483.7500739503403,1490.3136625428479
