consensus text,line number,line slope,consensus score,line edited (T/F),original transcriber username,line editor username,flagged for low consensus (T/F),page number,column,number of transcribers,line start x,line end x,line start y,line end y
arguments of the greatest,1,-1.7889999999999873,3,false,"","",false,1,1,3,132.07894897460938,863.4285278320312,168.11402893066406,145.62744140625
weight: whilst differences,2,-1.7889999999999873,5.333333333333333,false,"","",false,1,1,6,156.70712280273438,873.065673828125,233.43223571777344,216.29959106445312
of the most striking,3,-1.7889999999999873,4,false,"","",false,1,1,4,145.9992218017578,785.2608642578125,303.0335693359375,280.5469970703125
nature are considered,4,-1.7889999999999873,4,false,"","",false,1,1,4,153.4947509765625,867.7117309570312,382.27203369140625,361.9270324707031
as altogether nugatory.,5,-1.7889999999999873,4,false,"","",false,1,1,4,148.1407928466797,860.2161865234375,472.2184143066406,447.5902404785156
Cullens Transl[superscript]n[/superscript] of Bergmans,6,-1.7889999999999873,4,false,"","",false,1,1,4,188.83082580566406,904.1185913085938,558.952392578125,537.53662109375
Essays page 24 - Introduction,7,-1.7889999999999873,4,false,"","",false,1,1,4,149.2115936279297,927.6759643554688,667.1021728515625,639.2616577148438
[unclear]27[/unclear],8,176.269,3,false,"","",false,1,1,4,166.0587158203125,116.80237579345703,1568.8502197265625,1572.0626220703125
