consensus text,line number,line slope,consensus score,line edited (T/F),original transcriber username,line editor username,flagged for low consensus (T/F),page number,column,number of transcribers,line start x,line end x,line start y,line end y
159,1,1.515,3,false,"","",false,1,2,3,947.2014766481645,1007.726722464417,115.6916054448657,120.73537592955341
1 gr of Phosphorus & 1 of Potassium,2,1.515,3,false,"","",false,1,1,3,160.37248736725485,1031.6846743552244,177.4778960973179,181.26069389759022
1 3/10 grs of Potassium & 10 of Phosphorus,3,1.515,3,false,"","",false,1,1,3,130.10981635793905,1014.0314415829253,724.727462672532,734.815051743097
10 grs of Sulphur & 1 3/10 of Potassium -,4,1.515,3,false,"","",false,1,1,3,109.93473441918826,1031.6846743552244,1139.5779999108559,1145.8827190293641
