consensus text,line number,line slope,consensus score,line edited (T/F),original transcriber username,line editor username,flagged for low consensus (T/F),page number,column,number of transcribers,line start x,line end x,line start y,line end y
about three miles from the [unclear]Flghery[/unclear],1,-84.827,3,false,"","",false,1,1,3,134.8951396942138,237.8356024026869,708.8331354856491,51.398247599601746
"[Pencil sketch depicting three rock spires, focusing on the foremost two. Rock strata are indicated, and rocks cluster in the foreground. Diagram labelled as below, minimal detail]",2,,0,true,"",Fierengraw,false,1,1,0,,,,
Basalt above [unclear]Wh de the spires[/unclear]-,3,-84.827,3,true,"",Fierengraw,false,1,1,4,259.84006452560425,235.6187791824339,1500.3898984193802,643.129406452179
Flint [unclear]has change[/unclear] altered,4,-84.827,3.25,false,"","",false,1,1,4,378.35135352611536,364.5106190443037,1417.345491528511,685.5166558027266
B,5,-84.827,3,false,"","",false,1,1,3,477.72985160350794,477.7298516035079,1034.4749890565872,964.4062707424164
S,6,-84.827,3,false,"","",false,1,1,5,567.6946257352829,573.7499470710753,1140.8756353855133,1097.6233401298523
[unclear]20[/unclear],7,-84.827,3,false,"","",false,1,1,3,587.5866948265277,607.8080551519463,854.2892868209233,764.3042179451369
W[superscript]h[/superscript] L,8,-84.827,3.5,false,"","",false,1,1,4,649.0089386701583,663.714719057083,907.3132410049437,765.4457125663756
Wh,9,-84.827,3,false,"","",false,1,1,3,859.2150816917418,869.5956325531005,1123.574717283249,1055.2360907793045
