consensus text,line number,line slope,consensus score,line edited (T/F),original transcriber username,line editor username,flagged for low consensus (T/F),page number,column,number of transcribers,line start x,line end x,line start y,line end y
54,1,1.878,3,false,"","",false,1,1,3,175.34072051255112,211.29122991282418,82.47469803592057,80.35996218884569
"The ""proofs"" that the sap [deletion]does[/deletion]",2,1.878,3,true,"",Fierengraw,false,1,1,3,351.9211637433042,936.6456254595103,1283.6446591744564,1310.0788572628924
ascends through the alburnum are,3,1.878,3.8,false,"","",false,1,1,4,280.020144942758,1063.5297762840034,1341.7998949690157,1371.4061968280641
distinct: bit it requires some,4,1.878,3.4,false,"","",false,1,1,4,271.5612015544585,971.538766936246,1406.2993383047997,1446.4793193992227
reasoning to prove that it descends,5,1.878,3.8333333333333335,false,"","",false,1,1,4,268.3890977838461,1065.6445121310785,1458.1103665581345,1496.1756118054825
"from the leaves.""",6,1.878,3,true,"",Fierengraw,false,1,1,3,282.1348807898329,595.1157861569161,1496.1756118054825,1517.3229702762312
