consensus text,line number,line slope,consensus score,line edited (T/F),original transcriber username,line editor username,flagged for low consensus (T/F),page number,column,number of transcribers,line start x,line end x,line start y,line end y
MIlford Haven. [underline]J.D[/underline],1,-91.14499999999998,3,false,"","",false,1,2,3,470.57950866547384,461.17878560619016,1020.994435736922,427.1820480109616
Milford Haven,2,-91.14499999999998,3,false,"","",false,1,2,3,552.0524179386562,547.3520564090143,1027.2616322576612,599.52873306026
W,3,-91.14499999999998,3,false,"","",false,1,3,3,674.261817709342,674.261817709342,518.0557520652526,452.25069065026787
W,4,-91.14499999999998,3,false,"","",false,1,3,3,716.565071476118,718.1319064672155,530.5900016630806,441.28313259988704
S S,5,-91.14499999999998,3,false,"","",false,1,1,3,916.8155114746755,907.414788415392,1491.3655623836776,1387.9576087315586
"[Pencil sketch of the outline of what appears to be a promontory, with water and other land masses, labelled Milford Haven]",6,,0,true,"",E_L_Bird,false,1,1,0,,,,
