consensus text,line number,line slope,consensus score,line edited (T/F),original transcriber username,line editor username,flagged for low consensus (T/F),page number,column,number of transcribers,line start x,line end x,line start y,line end y
49,1,-2.208000000000027,3,false,"","",false,1,2,3,1118.4523542394704,1237.6286647048005,68.75556372999816,71.04741585433143
- To try if Ammoniaret,2,-2.208000000000027,3,false,"","",false,1,1,3,139.8314971491631,1196.3753264668017,371.28004414199006,346.0696707743241
of silver can be formed,3,-2.208000000000027,3,false,"","",false,1,1,3,220.04632150082767,1200.959030715468,508.79117160198643,453.78672061798795
by - electrifying - a,4,-2.208000000000027,3,false,"","",false,1,1,3,199.4196523818282,1123.0360584881369,657.7615596836491,602.7571086996506
solution of oxide of,5,-2.208000000000027,3,false,"","",false,1,1,3,222.33817362516095,1086.3664244988045,770.0623137759794,726.5171234136473
silver in [underline]Ammonia[/underline] -,6,-2.208000000000027,3,true,"",E_L_Bird,false,1,1,3,229.21372999816077,1161.9975446018025,914.4489976089756,875.48751149531
- To try if - the Metals,7,-2.208000000000027,3,false,"","",false,1,1,3,181.08483538716206,1207.834587088468,1093.2134633069709,1061.127533566305
can be extra hydruretted,8,-2.208000000000027,2,false,"","",true,1,1,2,139.8314971491631,1120.7442063638036,1260.5186683832997,1226.1408865183007
[Horizontal rule],9,,0,true,"",E_L_Bird,false,1,1,0,,,,
