consensus text,line number,line slope,consensus score,line edited (T/F),original transcriber username,line editor username,flagged for low consensus (T/F),page number,column,number of transcribers,line start x,line end x,line start y,line end y
17..3/10 .,1,-179.922,3,false,"","",false,1,1,3,972.3079248157926,787.4715414330299,1542.6555035484928,1540.1060464535096
1.28 carbonic oxide,2,-179.922,3,false,"","",false,1,1,3,707.1633365895668,320.9191132948158,1559.2270476067151,1554.1281042404162
4.9. common air,3,-179.922,3,false,"","",false,1,1,3,698.2402221689591,313.2707128335337,1496.7651007807997,1489.1167003195176
Whole weight 17.7,4,-179.922,3,false,"","",false,1,1,3,1108.7043899832142,730.1085379734133,1342.5223775958302,1351.445492016438
- - -,5,-179.922,3,false,"","",false,1,1,3,499.68605394172187,371.5767136773437,1329.842756727141,1333.6669243029512
[underline]100 weigh .[/underline] 105 grains,6,-179.922,3,false,"","",false,1,1,3,525.4991358438932,136.3908563464496,1271.5243270176568,1265.7880865949521
"[Small ink sketch showing a vertical rectangle, with another vertical rectangle, this one with a rounded top, mounted on top.]",7,,0,true,"",LH1980Lancaster,false,1,1,0,,,,
