consensus text,line number,line slope,consensus score,line edited (T/F),original transcriber username,line editor username,flagged for low consensus (T/F),page number,column,number of transcribers,line start x,line end x,line start y,line end y
10 grs pure gold wire,1,0.897,3,false,"","",false,1,1,3,661.4706344604492,1162.0319299697876,174.63805198669434,178.32769298553467
dissolved in Nit Mur[superscript]c[/superscript].,2,0.897,3,false,"","",false,1,1,3,692.2176427841187,1235.8247499465942,227.52290630340576,238.59182929992676
precip[superscript]d[/superscript] by pure pot. -,3,0.897,3.75,true,"",E_L_Bird,false,1,1,4,549.5515241622925,1071.020785331726,286.5571622848511,295.1663246154785
Aug[superscript]t[/superscript]. 17. Barom[superscript]r[/superscript]. 30.2[superscript]o[/superscript] Ther. 63.[superscript]o[/superscript],4,0.897,3,false,"","",false,1,1,3,807.8263940811157,1458.433090209961,748.9921798706055,762.52086353302
Silica[superscript]d[/superscript] [underline]fluoric[/underline] quite pure,5,0.897,3,false,"","",false,1,1,3,786.9184284210205,1377.2609882354736,847.3826065063477,837.5435638427734
1 1/2 grn Potass[superscript]m[/superscript]. burnt in 1 34/80 Cub In.,6,0.897,3,false,"","",false,1,1,3,566.7698488235474,1410.4677572250366,929.7845888137817,948.2327938079834
"Silica[superscript]d[/superscript],, fluoric gas",7,0.897,3.6666666666666665,false,"","",false,1,1,4,879.1594533920288,1328.0657749176025,999.887767791748,1003.5774087905884
1 Cub. In. Silica[superscript]d[/superscript]. fluoric heated with,8,0.897,3,false,"","",false,1,1,3,500.3563108444214,1373.5713472366333,1590.2303409576416,1612.3681869506836
pure Ammonia.,9,0.897,3,false,"","",false,1,1,3,683.6084804534912,1080.8598279953003,1639.4255542755127,1654.184118270874
