consensus text,line number,line slope,consensus score,line edited (T/F),original transcriber username,line editor username,flagged for low consensus (T/F),page number,column,number of transcribers,line start x,line end x,line start y,line end y
"Quartz given the Matrix - Metals, lead copper",1,-0.016000000000019554,3,false,"","",false,1,1,3,54.21118790724148,1293.008851507071,147.46061855466596,153.88591741089422
"[underline]Blende & pyrites[/underline], about 4 miles from",2,-0.016000000000019554,3.857142857142857,false,"","",false,1,1,4,83.53499351994145,1249.0841913334011,224.85007557286144,241.55574475254696
[unclear]Nanney[/unclear] - a pretty considerable[deletion]y[/deletion] vein,3,-0.016000000000019554,3.6666666666666665,false,"","",false,1,1,4,92.65693808610084,1187.52784848105,315.8751248599027,299.1693576379373
of [underline]yellow copper[/underline] - Bog below,4,-0.016000000000019554,3,false,"","",false,1,1,3,125.82361922567551,1107.6093285763757,418.62217008406424,380.07037694669486
is burnt for copper [underline]strong[/underline] indication,5,-0.016000000000019554,3.7142857142857144,true,"",Fierengraw,false,1,1,4,141.24437079542142,1255.3912022696252,503.4362424412409,488.01541733978524
the [underline]marine pink[/underline] indicates the course,6,-0.016000000000019554,3,false,"","",false,1,1,3,150.23977448779894,1300.3682942632229,586.965029529928,610.0960956081216
of copper water,7,-0.016000000000019554,3,false,"","",false,1,1,3,66.71088935683187,535.7577303720631,673.0640440076143,676.9193115594031
No primitive peak [underline]occurs in N Wales[/underline].-,8,-0.016000000000019554,3,false,"","",false,1,1,3,165.6605015469747,1308.0786332822408,756.5929291385813,766.8734955465984
