consensus text,line number,line slope,consensus score,line edited (T/F),original transcriber username,line editor username,flagged for low consensus (T/F),page number,column,number of transcribers,line start x,line end x,line start y,line end y
"at Balleras, He attempts to",1,178.389,3.8333333333333335,true,"",E_L_Bird,false,1,1,5,997.755605719748,210.64172335851038,1175.037786147936,1216.0959101549977
kill himself is hindered by [person_706]Brutus[/person_706],2,178.389,4.5,true,"",E_L_Bird,false,1,1,5,964.7088490708658,165.57795387339002,1106.9414310106267,1140.989627679797
"He throws, himself over a cliff. -",3,178.389,3.5714285714285716,false,"","",false,1,1,4,967.7130927296677,186.6077740880952,1063.8804269629898,1069.888990682655
Code of law. education speech,4,178.389,5.4,false,"","",false,1,1,6,992.7485202214012,182.60209040900565,991.7784645486522,1024.8252211975346
of [unclear]xxxxxxxxx[/unclear] incorporation of,5,178.389,4,true,"",Fierengraw,false,1,1,6,955.6960798934294,159.56946655578622,948.7175216226642,942.7090343050605
Britans & Trojans. - Marriages,6,178.389,4,false,"","",false,1,1,4,973.7215991477868,167.58083391396553,859.0826384986929,858.0812557799513
[person_706]Brutus[/person_706] & Theora. -,7,178.389,4,true,"",E_L_Bird,false,1,1,6,917.6422377462005,231.67154357321579,802.5106403513523,822.5389823447392
[Horizontal rule],8,178.389,4,false,"","",false,1,1,4,836.5274488528806,381.8841085236172,757.4468708662318,761.4525545453216
