consensus text,line number,line slope,consensus score,line edited (T/F),original transcriber username,line editor username,flagged for low consensus (T/F),page number,column,number of transcribers,line start x,line end x,line start y,line end y
From Kinbane,1,88.043,3,false,"","",false,1,2,3,889.2814702987671,865.791540980339,673.813022851944,1129.6916511058807
"[Pencil sketch of cliffs facing onto the sea with at least one rock formation protruding from the sea; minimal detail, labelled as below]",2,,0,true,"",Fierengraw,false,1,1,0,,,,
B,3,88.043,4,false,"","",false,1,1,4,633.1003561019897,640.0603351593019,71.18538832664501,150.35515010356914
B,4,88.043,4,false,"","",false,1,2,4,630.8922563791275,616.1023008823395,817.3625909090042,879.1324050426483
B,5,88.043,3,false,"","",false,1,3,4,695.2309464216235,686.5309725999834,1348.6270266771317,1426.0567936897278
C C,6,88.043,4,false,"","",false,1,2,4,532.5825521945953,462.9827616214753,706.002925992012,1180.1514992713928
C,7,88.043,4,false,"","",false,1,2,4,472.55273282527924,496.0426621437073,553.7533841133118,586.8132846355438
B B,8,88.043,4,false,"","",false,1,2,4,361.19306790828705,410.7829186916352,489.37357783317566,806.0526249408722
W B,9,88.043,5,false,"","",false,1,1,6,317.6405641436577,314.92492258548737,154.52579665184024,216.98555248975754
