consensus text,line number,line slope,consensus score,line edited (T/F),original transcriber username,line editor username,flagged for low consensus (T/F),page number,column,number of transcribers,line start x,line end x,line start y,line end y
100 grs Calomel },1,-0.12000000000000455,3.25,false,"","",false,1,1,4,460.52810709257596,931.891718616444,153.19317242311794,150.4204879160521
50 grs pure potash },2,-0.12000000000000455,3.4,false,"","",false,1,1,4,488.2553752477702,1045.5734757442865,208.64770873350628,198.94320718764195
100 grs Corros[superscript]e[/superscript]. Sublimate },3,-0.12000000000000455,3.4,false,"","",false,1,1,4,441.1190511152803,1209.1644001683858,746.5567268099435,754.8748861022748
90 grs pure potash },4,-0.12000000000000455,3.4,false,"","",false,1,1,4,454.9826851928774,1132.9144127416018,817.2612394514617,820.0339768440947
},5,84.53,3,false,"","",false,1,1,3,1088.5507202306108,1101.028012054675,92.19316132746397,221.12497411478697
},6,84.53,3,false,"","",false,1,2,3,1249.3689601476442,1261.8461462005744,702.1930871845193,833.8976109216917
