consensus text,line number,line slope,consensus score,line edited (T/F),original transcriber username,line editor username,flagged for low consensus (T/F),page number,column,number of transcribers,line start x,line end x,line start y,line end y
100 parts of Limestone dissolved in Muriatic acid & then [deletion]fil[/deletion] [unclear]prexxx[/unclear].,1,0.492,3,false,"","",false,1,1,3,289.7128880620003,1202.3360362052917,197.252097427845,218.24342942237854
Solid by Carbonate of Ammonia,2,0.492,3,false,"","",false,1,1,3,415.6963691711426,874.472846031189,256.03253746032715,246.04242992401123
N[superscript]o[/superscript]. 1 gave 36 gr of carbonate of lime &c,3,0.492,3,false,"","",false,1,1,3,415.1796464920044,949.2661647796631,322.74366188049316,323.512131690979
2 ___ 39 ______,4,0.492,3,false,"","",false,1,1,3,448.2238483428955,947.7292251586914,396.5167598724365,386.5266523361206
3 ___ 60. ______,5,0.492,3,false,"","",false,1,1,3,448.99231815338135,973.85719871521,448.0042371749878,455.6889352798462
4 ___ 69 ______ .,6,0.492,3,false,"","",false,1,1,3,452.83466720581055,982.3103666305542,521.0088691711426,535.6097955703735
5 ___ 75[deletion]8[/deletion]. ______,7,0.492,3,false,"","",false,1,1,3,459.7508955001831,986.1527156829834,585.5603332519531,596.3189105987549
6 ___ 37.,8,0.492,3,false,"","",false,1,1,3,453.6031370162964,651.0998783111572,656.2595634460449,660.87038230896
