consensus text,line number,line slope,consensus score,line edited (T/F),original transcriber username,line editor username,flagged for low consensus (T/F),page number,column,number of transcribers,line start x,line end x,line start y,line end y
89,1,-0.8290000000000077,3,false,"","",false,1,2,3,1160.81722877262,1235.2151753349592,116.3188288897087,116.3188288897087
14. Frances wax tapers 1 . for costs/,2,-0.8290000000000077,3,true,"",LH1980Lancaster,false,1,1,3,248.6566273991943,1146.3919438533026,264.72190977467676,254.80210788486
1 Frank. -,3,-0.8290000000000077,3,true,"",LH1980Lancaster,false,1,1,3,273.4232753336508,763.8044004261044,346.9686119009183,335.67696615461364
Received 10.,4,-0.8290000000000077,3,false,"","",false,1,1,3,243.8959927957452,582.2576045746778,452.8709914856601,444.81475185759945
