consensus text,line number,line slope,consensus score,line edited (T/F),original transcriber username,line editor username,flagged for low consensus (T/F),page number,column,number of transcribers,line start x,line end x,line start y,line end y
148,1,-179.52,3,true,TEHark,FrankPearson,false,1,2,3,218.3537154197693,145.81477332115173,630.8655862808229,626.4016513824465
Its central parts contain immense chrystals,2,-179.52,3,true,TEHark,FrankPearson,false,1,1,3,1308.0702016353607,324.737163066864,553.3822910785675,568.2531120777132
of hornblende & feld spar-.,3,-179.52,3,true,TEHark,FrankPearson,false,1,1,3,1269.583517074585,547.1273936629295,501.12904554605484,498.73944425582897
That which appear lava is evidently,4,-179.52,3,true,TEHark,FrankPearson,false,1,1,3,1227.7632046937943,492.7843964099884,369.65429913997656,373.0847719907762
decomposed Basalt [unclear]xxxxxxx[/unclear] from which the,5,-179.52,3,true,"",FrankPearson,false,1,1,3,1258.0121585726738,401.2535907626152,308.45972752571106,317.3842959403993
Calcarous stone has been washed out.,6,-179.52,3,true,"",FrankPearson,false,1,1,3,1253.3427246809006,501.43683791160583,225.33205932378775,228.12033826112759
& decomposed -,7,-179.52,3,true,TEHark,FrankPearson,false,1,1,3,1246.3215186595917,845.2459177970886,158.12345600128174,146.96524763107305
