consensus text,line number,line slope,consensus score,line edited (T/F),original transcriber username,line editor username,flagged for low consensus (T/F),page number,column,number of transcribers,line start x,line end x,line start y,line end y
Another Water,1,1.33,3,false,"","",false,1,1,3,233.86337953971858,576.1887534358234,157.10735759818425,173.34906198170717
Very little SA _ MA more abundant,2,1.33,3,false,"","",false,1,1,3,152.65483379240325,754.8475969733784,239.5652707203169,257.0563663083577
Lime _ Magnesia,3,1.33,3,false,"","",false,1,1,3,236.36211428935317,617.4177099968897,305.78152711832786,312.0283401627137
33,4,1.33,3,false,"","",false,1,2,3,1049.6971536046296,1123.4095665921432,140.86565321466128,140.86565321466128
