consensus text,line number,line slope,consensus score,line edited (T/F),original transcriber username,line editor username,flagged for low consensus (T/F),page number,column,number of transcribers,line start x,line end x,line start y,line end y
61,1,-1.295000000000016,3,false,"","",false,1,2,3,1240.035739647337,1329.0598784039605,71.67757673035794,72.98676111692362
[underline]Craig a Huller[/underline] Here [underline]prismatic basalt[/underline],2,-1.295000000000016,3,false,"","",false,1,1,3,53.919180129561454,1115.6636973652858,167.24768736104025,124.04480236929427
[underline]above columnar[/underline] which is tolerably,3,-1.295000000000016,3,false,"","",false,1,1,3,90.86173776242583,1102.8574480735756,246.21307450808183,192.5366894531951
regular,4,-1.295000000000016,3,false,"","",false,1,1,3,126.20959134662337,275.4560620615772,312.9812035461646,305.1261471680009
[Ink sketch of rock formation],5,,0,true,"",Fierengraw,false,1,1,0,,,,
Examined the upper & lower parts of,6,-1.295000000000016,3,false,"","",false,1,1,3,130.1647699367732,1136.9237427016603,629.026089124441,613.3159264268832
the pillars with a view towards,7,-1.295000000000016,3,false,"","",false,1,1,3,114.4546322098306,1063.6097167013643,706.2676932550493,699.7217962928361
detecting difference of hardness or,8,-1.295000000000016,3,false,"","",false,1,1,3,122.30971355860953,1084.5565670039546,758.6348689527551,757.3256595955742
compactness but could perceive none,9,-1.295000000000016,3,false,"","",false,1,1,3,111.83626343669926,1182.745021437153,820.1663103858057,812.3112040664115
