consensus text,line number,line slope,consensus score,line edited (T/F),original transcriber username,line editor username,flagged for low consensus (T/F),page number,column,number of transcribers,line start x,line end x,line start y,line end y
 B[superscript]r[/superscript] Zois a [unclear]Laybach[/unclear]{,1,-93.11599999999999,3,true,"",E_L_Bird,false,1,1,4,325.4316971724425,259.99519924606676,1500.2083186579391,899.501145000347
M[superscript]r[/superscript] [unclear]Th[superscript]os[/superscript][/unclear] [unclear]Thom[/unclear] Hay{,2,-93.11599999999999,3.5,true,"",E_L_Bird,false,1,1,4,454.79457391618234,397.2000453148896,1409.1452949624133,810.1619827565489
{Advanced to the,3,-93.11599999999999,4.666666666666667,true,"",E_L_Bird,false,1,2,5,259.19441414424534,255.42365232924953,652.1130290255697,414.325453459538
{[underline][unclear]men[/unclear] 9 florins[/underline],4,-93.11599999999999,2.4,true,"",E_L_Bird,true,1,2,5,404.9528523356754,368.3151273128184,671.5042561001271,266.74466987026494
at [underline]Trieste[/underline].,5,-93.11599999999999,4,true,"",E_L_Bird,false,1,1,4,513.416371885881,509.5717803411087,1117.0895121038147,1077.105724839897
Sept [deletion][unclear]6[/deletion][/unclear] 7,6,-93.11599999999999,4,true,"",E_L_Bird,false,1,2,4,477.24447421220225,479.8618708654401,462.3851682315599,256.91454653042933
in the House of Hepburn & Grant,7,-93.11599999999999,4,false,"","",false,1,1,4,655.2526273358759,563.9285182073085,1115.0477420281077,124.01203926254402
[Pencil sketches of two faces in profile],8,,0,true,"",E_L_Bird,false,1,1,0,,,,
