consensus text,line number,line slope,consensus score,line edited (T/F),original transcriber username,line editor username,flagged for low consensus (T/F),page number,column,number of transcribers,line start x,line end x,line start y,line end y
33,1,-2.651999999999987,3,false,"","",false,1,2,3,1142.9666740521366,1229.8366982076643,84.53341360561242,84.53341360561242
"[underline]""Perhaps [deletion]of[/deletion][insertion]of[/insertion] Green""[/underline]",2,-2.651999999999987,3,true,"",raspence,false,1,1,3,234.60180665700776,765.3503332339211,564.1415533381801,548.2190994845316
"perhaps, the N Pole is",3,-2.651999999999987,3,false,"","",false,1,1,3,256.8366739567275,945.1906848472436,820.5729486310972,745.6826382682486
more fertile than the South,4,-2.651999999999987,3,true,"",E_L_Bird,false,1,1,3,189.91337443381974,1131.6198763753437,946.4525368369718,889.0897086744794
from its electrical energy.,5,-2.651999999999987,3,false,"","",false,1,1,3,199.47384579423516,1123.652719654187,1089.8596072432026,1021.3428471998204
"""currents"" natural electrical",6,-2.651999999999987,3,true,"",E_L_Bird,false,1,1,3,209.03431715465052,1192.1694796975692,1198.2115673675053,1153.5961316063772
"currents ""- Germination",7,-2.651999999999987,3,true,"",E_L_Bird,false,1,1,3,209.03431715465052,1117.2791693347206,1297.0032020126082,1263.5415522511541
more vigorous at the,8,-2.651999999999987,4,true,"",E_L_Bird,false,1,1,4,244.08935449597095,1059.9163411722284,1418.1024086570592,1379.8605232153975
pos: side,9,-2.651999999999987,3,false,"","",false,1,1,3,215.87918321002064,674.7818085099594,1578.3536853907513,1564.012978350128
