consensus text,line number,line slope,consensus score,line edited (T/F),original transcriber username,line editor username,flagged for low consensus (T/F),page number,column,number of transcribers,line start x,line end x,line start y,line end y
Mt valoise,1,179.785,3,true,TEHark,FrankPearson,false,1,1,3,433.4015887975692,173.72268390655518,605.7257083654404,611.4731287956238
[unclear]xxxxx xxx[/unclear] Bit Gapose,2,179.785,3,true,TEHark,FrankPearson,false,1,1,3,453.89392572641367,225.84966796636576,282.03053432703024,305.4759374558926
[unclear]calcose[/unclear],3,179.785,3,true,TEHark,FrankPearson,false,1,1,3,233.3180235624313,128.4174233675003,243.12814509868625,243.12814509868625
[unclear]Tufa[/unclear],4,179.785,3,true,"",FrankPearson,false,1,1,3,320.7663049697876,224.1629273891449,159.50182390213016,191.50539684295657
Gren earth,5,179.785,3,true,"",FrankPearson,false,1,1,3,219.24547672271729,152.93877765536308,163.82709294557577,129.98781204223638
[unclear]xxxx[/unclear],6,179.785,3,true,TEHark,FrankPearson,false,1,1,3,296.0697901248932,228.39122831821442,111.23902127146727,112.61088401079184
[unclear]green[/unclear] earth,7,179.785,3,true,TEHark,FrankPearson,false,1,1,3,381.5116678774356,172.61446118354797,77.47084072232249,84.45069965720182
