consensus text,line number,line slope,consensus score,line edited (T/F),original transcriber username,line editor username,flagged for low consensus (T/F),page number,column,number of transcribers,line start x,line end x,line start y,line end y
72,1,-4.7590000000000146,3,false,"","",false,1,1,3,147.08817061293735,202.29085987161096,120.14702956299547,119.06462389125679
feeble efforts should in the,2,-4.7590000000000146,3,false,"","",false,1,1,3,189.30199181074659,1071.4626142777854,176.43212449340777,106.07575583039241
smallest degree assist the,3,-4.7590000000000146,3,false,"","",false,1,1,3,201.20845419987228,994.6118115843378,248.9533044999005,156.94882240211118
Views of the [underline]Board[/underline] in the,4,-4.7590000000000146,3,false,"","",false,1,1,3,213.11491658899791,1089.8635106973431,323.6392958498707,232.71721942382
improvement of the most,5,-4.7590000000000146,3,false,"","",false,1,1,3,218.52694494769145,1050.89690651475,391.83085316940856,298.7439653998806
useful & important of [underline]all[/underline],6,-4.7590000000000146,3,false,"","",false,1,1,3,238.01024703898798,1087.6986993538658,453.52797645851433,379.9243907802829
[underline]Arts[/underline]. -,7,-4.7590000000000146,3,false,"","",false,1,1,3,242.33986972594278,472.8922778062854,540.1204301976102,524.9667507932684
