consensus text,line number,line slope,consensus score,line edited (T/F),original transcriber username,line editor username,flagged for low consensus (T/F),page number,column,number of transcribers,line start x,line end x,line start y,line end y
A. 1,1,-0.25499999999999545,3,false,"","",false,1,1,3,380.61634349823,639.1496524810791,232.4795684814453,231.4775013923645
B. 2,2,-0.25499999999999545,3,false,"","",false,1,1,3,378.61220932006836,663.1992626190186,316.6532039642334,312.64493560791016
C 3,3,-0.25499999999999545,3,false,"","",false,1,1,3,376.60807514190674,694.2633423805237,434.89712047576904,436.90125465393066
6,4,-0.25499999999999545,3,false,"","",false,1,1,3,536.9388093948364,659.1909942626953,647.3353433609009,641.322940826416
If .1. 1 : 6,5,-0.25499999999999545,2.4,false,"","",true,1,1,3,329.51092195510864,765.4101057052612,852.7591052055359,850.7549710273743
1/3 of 1 hour,6,-0.25499999999999545,3,false,"","",false,1,1,3,826.5361981391907,1163.230740070343,1042.1497821807861,1055.1766543388367
