consensus text,line number,line slope,consensus score,line edited (T/F),original transcriber username,line editor username,flagged for low consensus (T/F),page number,column,number of transcribers,line start x,line end x,line start y,line end y
over which the divine,1,1.788,5.5,false,"","",false,1,1,6,289.9460443853784,1062.9679427890533,143.60202663065286,190.75493089743452
intelligence watched,2,1.788,3.3333333333333335,true,"",E_L_Bird,false,1,1,6,312.8081021811646,1098.6898835666889,228.99061238765717,272.2008564491482
"& in which, nothing was",3,1.788,5,false,"","",false,1,1,5,298.5192997066114,1164.4180871511458,327.92701603716273,360.7911832381384
permitted but what,4,1.788,5,false,"","",false,1,1,5,295.66159153869853,1098.6898835666889,419.3751164028131,443.66596287380844
he willed. -,5,1.788,5,false,"","",false,1,1,7,301.37707328327144,724.3243576003492,525.111888425522,537.9717714073715
it was,6,1.788,4,false,"","",false,1,1,4,347.89969301223755,572.8216844797134,931.2357605695724,925.1292811632156
