consensus text,line number,line slope,consensus score,line edited (T/F),original transcriber username,line editor username,flagged for low consensus (T/F),page number,column,number of transcribers,line start x,line end x,line start y,line end y
95,1,-1.1469999999999914,3,false,"","",false,1,2,3,1184.4016357660294,1281.372337937355,120.1106995344162,121.21263933181763
Are there any veins in high Mountain,2,-1.1469999999999914,3,false,"","",false,1,1,3,317.17501521110535,1189.9113347530365,439.6732407808304,406.61504685878754
chains [deletion]for[/deletion] if filled from above` there,3,-1.1469999999999914,3.4285714285714284,false,"","",false,1,1,4,216.89849364757538,1160.158960223198,519.0129028558731,479.3430701494217
ought not to be any. -,4,-1.1469999999999914,3.8333333333333335,false,"","",false,1,1,4,231.22371101379395,900.1011680364609,565.2943743467331,557.5807957649231
[Ink sketch showing rock formations and what might be water and promontories],5,,0,true,"",E_L_Bird,false,1,1,0,,,,
