consensus text,line number,line slope,consensus score,line edited (T/F),original transcriber username,line editor username,flagged for low consensus (T/F),page number,column,number of transcribers,line start x,line end x,line start y,line end y
Thus in the stratified Rocks,1,-3.122000000000014,3,false,"","",false,1,1,3,108.86505496501923,1083.7920591831207,267.79935348033905,196.8623194694519
there is never a compactness,2,-3.122000000000014,3,false,"","",false,1,1,3,117.50228202342987,1138.8543816804886,374.63728523254395,309.8580822944641
but uniformly a splitting,3,-3.122000000000014,3,false,"","",false,1,1,3,111.02436172962189,1194.9963575601578,467.4874761104584,440.4961415529251
[unclear]Shistic[/unclear] Bars,4,-3.122000000000014,3.5,false,"","",false,1,1,4,135.8563895225525,770.6925783157349,564.6562805175781,540.9039061069489
& are filled with images [deletion]which[/deletion] [insertion]which seem[/insertion],5,-3.122000000000014,3.625,true,deehar,E_L_Bird,false,1,1,4,171.34372997283936,1152.7466220855713,1012.3896012306213,945.8047442436218
[deletion][unclear]xx xxxx[/unclear][/deletion] [insertion]to[/insertion] have damped even,6,-3.122000000000014,3.6666666666666665,false,"","",false,1,1,4,200.50692355632782,1085.2476131916046,1107.9243960380554,1017.515533208847
the fire of these [deletion]Genius of the[/deletion] immortal,7,-3.122000000000014,3.875,false,"","",false,1,1,4,237.34380745887756,1192.8370507955551,1181.1383414268494,1133.6335926055908
Poets,8,-3.122000000000014,3,false,"","",false,1,1,3,262.17583525180817,438.15933656692505,1265.3513052463531,1262.1123450994492
