consensus text,line number,line slope,consensus score,line edited (T/F),original transcriber username,line editor username,flagged for low consensus (T/F),page number,column,number of transcribers,line start x,line end x,line start y,line end y
169,1,-1.9159999999999968,3,false,"","",false,1,2,3,1100.128255724025,1191.6798611261888,97.59143288977684,93.77675841180913
immortal in his works- [note to text on facing page],2,-1.9159999999999968,3,true,"",Fierengraw,false,1,1,3,79.07422859760996,854.7193054769765,171.3412685250335,170.06971440785722
habits which cannot fail to improve the,3,-1.9159999999999968,3,false,"","",false,1,1,3,85.43197493061396,1167.5204056584716,1156.7919986464099,1107.201533593799
moral character - [this and previous line constitute insertion to text on facing page],4,-1.9159999999999968,3,true,"",Fierengraw,false,1,1,3,87.97505891208905,713.5773562865896,1220.3694377235724,1192.3953441572037
