consensus text,line number,line slope,consensus score,line edited (T/F),original transcriber username,line editor username,flagged for low consensus (T/F),page number,column,number of transcribers,line start x,line end x,line start y,line end y
If Heat be composed,1,-1.6379999999999768,3,false,"","",false,1,1,3,150.10481535119482,1134.1668821764767,338.74031929933454,306.5814282266129
of the two Electricities,2,-1.6379999999999768,3,false,"","",false,1,1,3,141.52911106513574,1211.3482207510085,525.2618875211199,535.9815178786939
then as there,3,-1.6379999999999768,3,false,"","",false,1,1,3,152.2487414227096,1014.1070221716493,728.9348643150236,671.0488603841247
"is a synthesis, by",4,-1.6379999999999768,3.75,true,Nomad Purple,E_L_Bird,false,1,1,4,154.39266749422438,1136.3108082479914,861.8582807489397,799.6844246750113
ex[superscript]t[/superscript] so there,5,-1.6379999999999768,4.666666666666667,false,"","",false,1,1,7,186.55155856694603,973.3724268128685,1035.5162925416364,1020.508810041033
ought to be,6,-1.6379999999999768,3,false,"","",false,1,1,3,227.28615392572675,975.5163528843834,1183.4471914761561,1144.8565221888903
an Analysis -,7,-1.6379999999999768,3,false,"","",false,1,1,3,225.14222785421197,1063.4173218164892,1346.3855729112788,1329.2341643391605
+ - = Heat,8,-1.6379999999999768,3,false,"","",false,1,1,3,232.38246648054323,1108.8998897046154,1555.2058215282805,1557.153638024334
Heat = + -,9,-1.6379999999999768,3,false,"","",false,1,1,3,236.2780994726502,1118.638972184883,1753.883104125737,1740.2483886533623
