consensus text,line number,line slope,consensus score,line edited (T/F),original transcriber username,line editor username,flagged for low consensus (T/F),page number,column,number of transcribers,line start x,line end x,line start y,line end y
30,1,-0.29000000000002046,2,false,"","",false,1,1,2,275.37329292297363,395.9722981452942,199.65398240089417,202.5253872871399
in the Science of Geommetry,2,-0.29000000000002046,2,false,"","",false,1,1,2,367.2582492828369,1461.263510942459,328.8672022819519,331.73860716819763
"[Sketch, possibly of pyramid]",3,-0.29000000000002046,2,true,"",aplacey,false,1,1,2,304.0873417854309,447.6575860977173,535.6083540916443,535.6083540916443
[underline]Gardens[/underline] of the [underline]Chineses[/underline],4,-0.29000000000002046,2,false,"","",false,1,1,2,562.5137815475464,1636.4192090034485,647.5931446552277,618.8790957927704
But though there [unclear]b[/unclear],5,-0.29000000000002046,2,false,"","",false,1,1,2,539.5425424575806,1688.1044969558716,885.9197653532028,857.2057164907455
