consensus text,line number,line slope,consensus score,line edited (T/F),original transcriber username,line editor username,flagged for low consensus (T/F),page number,column,number of transcribers,line start x,line end x,line start y,line end y
& when seen through,1,0.311,3,false,"","",false,1,1,3,179.40060138702393,1187.3954367637634,326.0216546058655,306.7810320854187
a tube it diminishes,2,0.311,3.75,false,"","",false,1,1,4,179.40060138702393,1236.5659165382385,428.63831663131714,464.9817147254944
to little or nothing.,3,0.311,3,false,"","",false,1,1,3,166.57351970672607,1190.602207183838,598.5971517562866,616.7688508033752
- Mist enlarges,4,0.311,3,false,"","",false,1,1,3,199.71014738082886,991.7824411392212,783.52090883255,780.3141384124756
objects by apparently,5,0.311,3,false,"","",false,1,1,3,194.3655300140381,1190.602207183838,940.6526594161987,927.8255777359009
increasing distance,6,0.311,3,false,"","",false,1,1,3,215.74399948120117,1059.124619960785,1081.750557899475,1095.646563053131
