consensus text,line number,line slope,consensus score,line edited (T/F),original transcriber username,line editor username,flagged for low consensus (T/F),page number,column,number of transcribers,line start x,line end x,line start y,line end y
175,1,-0.9940000000000282,3,false,"","",false,1,3,3,1183.1785127327844,1272.795497586947,103.37960300995655,100.81910796093285
[unclear]Impress[/unclear] with mingled feeling. [deletion]Such thy height[/deletion],2,-0.9940000000000282,3,false,"","",false,1,1,3,148.43077016152967,1249.8123784562767,210.22750907343948,163.8669767486001
".[deletion]So far above the wave[/deletion] thy [deletion]loftiest craig[/deletion],",3,-0.9940000000000282,3,false,"","",false,1,1,3,126.02956930212358,1258.007792599016,272.93689302396245,245.02451328238607
The [deletion]Eagles [unclear]soar[/unclear]. that [unclear]xx xxx[/unclear][/deletion],4,-0.9940000000000282,3.4,true,"",Fierengraw,false,1,1,4,151.6820462215374,1003.5320816553892,338.36598606983773,291.4786685245883
The wild storm,5,-0.9940000000000282,3,false,"","",false,1,2,3,808.898053713245,1128.8601300346481,353.29271609389286,361.4372141861355
That whitens thy foundations touches not,6,-0.9940000000000282,3,false,"","",false,1,1,3,161.99288368396896,1195.1795067104747,423.10262365492645,416.1216506524005
"Seen with [deletion]thy[/deletion] [insertion]its[/insertion] lightest spray, thy [deletion]great craig[/deletion] [insertion]topmost craig[/insertion]",7,-0.9940000000000282,3,true,"",Fierengraw,false,1,1,3,163.804633322438,1257.4932073039336,489.56303555311604,482.5820181666461
Such is thy Great loftiness & Such,8,-0.9940000000000282,3,false,"","",false,1,1,3,166.38678935831086,1004.3114610843301,534.9321613566606,533.8323595147859
"Thy Magnitude of form, yet still enhanced.",9,-0.9940000000000282,3,false,"","",false,1,1,3,162.58461442980243,1167.8792935709116,602.0504195492488,592.4558622586335
