consensus text,line number,line slope,consensus score,line edited (T/F),original transcriber username,line editor username,flagged for low consensus (T/F),page number,column,number of transcribers,line start x,line end x,line start y,line end y
51,1,-4.1440000000000055,3,false,"","",false,1,2,3,1115.3054983615875,1205.228340268135,146.83603298664093,143.42124152183533
not always intelligible to,2,-4.1440000000000055,3,false,"","",false,1,1,3,101.11243331432343,991.234741806984,269.76852571964264,206.02575170993805
himself[unclear]?[/unclear] -,3,-4.1440000000000055,2,true,deehar,E_L_Bird,true,1,1,5,102.2506971359253,545.0353237390518,357.41483998298645,309.607759475708
