consensus text,line number,line slope,consensus score,line edited (T/F),original transcriber username,line editor username,flagged for low consensus (T/F),page number,column,number of transcribers,line start x,line end x,line start y,line end y
Bengavari,1,-4.435999999999979,2,true,"",E_L_Bird,true,1,1,4,391.4542374600917,525.1689071632823,196.91348210618347,192.58204275024048
from a crag about 1000 feet below the summit,2,-4.435999999999979,3,false,"","",false,1,1,3,331.5898614908469,973.1069761652311,267.06050202215516,203.85510997648066
near the limestone quarry -,3,-4.435999999999979,1,true,"",Fierengraw,true,1,1,1,786.5586689012723,891.4192301600642,289.96592246705194,279.2415382765093
