consensus text,line number,line slope,consensus score,line edited (T/F),original transcriber username,line editor username,flagged for low consensus (T/F),page number,column,number of transcribers,line start x,line end x,line start y,line end y
Physiology is the Science which refers the,1,-0.9970000000000141,3,false,"","",false,1,1,3,190.51716017723083,933.4709799289703,184.9009027481079,171.10600423812866
phaenomena of life to changes taking place,2,-0.9970000000000141,3,false,"","",false,1,1,3,187.561110496521,964.0168266296387,233.34727454185486,209.69887709617615
In organised Matter. -,3,-0.9970000000000141,3,true,"",aplacey,false,1,1,3,185.5904107093811,538.3456726074219,278.83759665489197,270.9547975063324
But those changes considered as imperceptible,4,-0.9970000000000141,3,false,"","",false,1,1,3,202.3413589000702,970.9142758846283,324.24579763412476,318.3336982727051
as following,5,-0.9970000000000141,3,false,"","",false,1,1,3,200.3706591129303,324.52474570274353,368.58654284477234,367.6011929512024
