consensus text,line number,line slope,consensus score,line edited (T/F),original transcriber username,line editor username,flagged for low consensus (T/F),page number,column,number of transcribers,line start x,line end x,line start y,line end y
I trust always dignified,1,-3.619000000000028,3,false,"","",false,1,1,3,301.42373257197977,1622.1018475094352,397.73588059935184,342.01106965928943
objects of pursuit.-,2,-3.619000000000028,3.5714285714285716,true,"",LH1980Lancaster,false,1,1,4,371.0797462470577,1452.1412166569019,615.0626220082667,520.3304008955039
[Horizontal rule],3,-3.619000000000028,2,true,"",E_L_Bird,true,1,2,3,730.5047661817957,1148.4408482322633,704.2223407696946,679.1461333320098
