consensus text,line number,line slope,consensus score,line edited (T/F),original transcriber username,line editor username,flagged for low consensus (T/F),page number,column,number of transcribers,line start x,line end x,line start y,line end y
called into activity for one end,1,1.64,1,false,"","",true,1,1,1,178.571884703431,1741.6704820090226,353.1362598694282,363.0848367149951
And though the [underline]Laws[/underline] that govern,2,1.64,1,false,"","",true,1,1,1,170.89092490705855,1810.1172416306877,519.7561671674903,555.4841853421499
the material world are few and simple,3,1.64,1,false,"","",true,1,1,1,116.84281009350605,1876.083230764676,661.9606832726024,720.0410574700215
the agency that they direct are many,4,1.64,1,false,"","",true,1,1,1,137.87382725513118,1835.2572592749289,841.7687040707287,907.095269519865
and complicated and as various as,5,1.64,1,false,"","",true,1,1,1,133.35558975331486,1738.5589326571646,1012.0457368183907,1055.3951168096303
the[deletion]ir[/deletion] external appearances they,6,1.64,1,false,"","",true,1,1,1,139.78341685841934,1592.5011708911388,1176.4492732711485,1234.5125776108032
[underline]Produce[/underline] -,7,1.64,1,true,"",RebekahMM,true,1,1,1,127.7973363681171,845.6568711261937,1394.5768536541018,1418.8814006633695
- -,8,,0,true,"",RebekahMM,false,1,1,0,,,,
