consensus text,line number,line slope,consensus score,line edited (T/F),original transcriber username,line editor username,flagged for low consensus (T/F),page number,column,number of transcribers,line start x,line end x,line start y,line end y
467,1,-0.4359999999999786,3,false,"","",false,1,2,3,1017.0953880973633,1067.1435605725546,101.80249734424527,101.80249734424527
The retort broke before the Materials,2,-0.4359999999999786,3,false,"","",false,1,1,3,225.42458811734258,1104.6797116242392,162.08778811834716,171.1874873978961
had a red heat. -,3,-0.4359999999999786,3,false,"","",false,1,1,3,252.72355578424356,844.2017960352448,223.51051960710177,203.03626131398963
Our retorts all too small,4,-0.4359999999999786,3,false,"","",false,1,1,3,274.3352764872993,1009.1332163136309,241.70985308032672,259.90918655355165
for this Exp[superscript]t[/superscript]. - -,5,-0.4359999999999786,3,false,"","",false,1,1,3,239.07409364608407,1092.1676034195684,321.33189634701523,322.4693804522499
[Horizontal rule],6,-0.4359999999999786,3,false,"","",false,1,1,3,261.8232550637925,902.2121402941685,440.7649937899845,404.36637023411663
[unclear]Take[/unclear] Ammonia of known,7,-0.4359999999999786,3.75,false,"","",false,1,1,4,348.27005109485174,1011.4080977429363,607.971338888258,609.1087796029105
