consensus text,line number,line slope,consensus score,line edited (T/F),original transcriber username,line editor username,flagged for low consensus (T/F),page number,column,number of transcribers,line start x,line end x,line start y,line end y
The first portion of this,1,178.305,3.6,false,"","",false,1,1,4,826.0201867408059,175.25359466225507,1079.0227590950954,1111.4756802308225
book written at Penzance -,2,178.305,3,false,"","",false,1,1,3,831.1443364699268,20.675189143466355,998.7444513470555,1049.1319046793171
as is evident from a sketch,3,178.305,3,false,"","",false,1,1,3,828.5822697499779,100.95343173461436,934.6926204561023,969.7076408902244
"of a theory of phos oxygen,",4,178.305,3,false,"","",false,1,1,3,840.5386082584445,88.1430655564235,868.9327342257011,902.2396341634835
[unclear]&[/unclear] of the exp[superscript]ts[/superscript] to illustrate,5,178.305,3.8333333333333335,false,"","",false,1,1,4,849.0788523772383,124.86614132999341,794.6326038765062,835.6258017094731
it. -,6,178.305,3,false,"","",false,1,1,3,841.3926359281684,722.6832296455568,727.1646623066572,722.0405288667592
