consensus text,line number,line slope,consensus score,line edited (T/F),original transcriber username,line editor username,flagged for low consensus (T/F),page number,column,number of transcribers,line start x,line end x,line start y,line end y
again is within 13 miles &,1,0.873,6.166666666666667,false,"","",false,1,1,7,94.8246488571167,1021.1753311157227,131.71885871887207,160.8697543144226
continued-,2,0.873,2.5,true,Fierengraw,Fierengraw,true,1,1,5,90.50599765777588,380.93529081344604,217.01221990585327,218.09188270568848
At Belfast,3,0.873,3,false,"","",false,1,1,3,207.10958003997803,508.33550119400024,289.349627494812,292.5886158943176
[underline]Sandstone[/underline] a low stratum,4,0.873,3,false,"","",false,1,1,3,228.70283603668213,719.9494099617004,409.1922001838684,418.90916538238525
Then. - a mixed stone principally,5,0.873,3,true,"",Fierengraw,false,1,1,3,224.3841848373413,1077.3177967071533,484.76859617233276,496.64488697052
calcareus called by D[superscript]r[/superscript]. M[superscript]l[/superscript]. Mulattoes,6,0.873,3,true,"",Fierengraw,false,1,1,3,149.88745164871216,1170.168797492981,566.8229689598083,580.858585357666
Then - Chalk -,7,0.873,3,false,"","",false,1,1,3,149.88745164871216,665.9662699699402,649.9570045471191,660.7536325454712
Then Basalt where the chalk,8,0.873,3,false,"","",false,1,1,3,166.08239364624023,1152.8941926956177,737.4096884727478,740.6486768722534
