consensus text,line number,line slope,consensus score,line edited (T/F),original transcriber username,line editor username,flagged for low consensus (T/F),page number,column,number of transcribers,line start x,line end x,line start y,line end y
Hydrat of Tin dried by the sand bath,1,1.022,3,false,"","",false,1,1,3,457.5786373615265,1386.796154975891,133.98536562919617,148.87269568443298
to Purify Manganese ore sent by M[superscript]r[/superscript] Watts containg,2,1.022,3,false,"","",false,1,1,3,398.0293171405792,1405.4053175449371,831.2086730003357,859.7427222728729
carbonate of Lime ~ iron and manganese - as follows,3,1.022,3,false,"","",false,1,1,3,402.99176049232483,1421.5332584381104,882.0737173557281,900.6828799247742
to the ore in fine powder added muriatic acid with,4,1.022,3.9,false,"","",false,1,1,4,414.15725803375244,1411.6083717346191,935.4199833869934,951.5479242801666
3 times its measure of water diluted untill there was,5,1.022,3,false,"","",false,1,1,3,395.5480954647064,1380.593100786209,983.8038060665131,1002.4129686355591
no farther effervescence then washed & dried the residuum,6,1.022,3,false,"","",false,1,1,3,395.5480954647064,1415.3302042484283,1039.6312937736511,1058.2404563426971
and exposed it to heat with Muriatic acid in a crucible,7,1.022,3,false,"","",false,1,1,3,400.510538816452,1421.5332584381104,1091.73694896698,1111.5867223739624
to expel the iron,8,1.022,3,false,"","",false,1,1,3,401.7511496543884,740.437908411026,1145.0832149982452,1147.564436674118
