consensus text,line number,line slope,consensus score,line edited (T/F),original transcriber username,line editor username,flagged for low consensus (T/F),page number,column,number of transcribers,line start x,line end x,line start y,line end y
37,1,-1.9599999999999795,3,false,"","",false,1,2,3,1147.8203319173786,1246.7898837206085,80.31409677882647,72.94403772981352
[Pencil sketch of a face in profile],2,-1.9599999999999795,3,true,E_L_Bird,E_L_Bird,false,1,1,4,276.2595602294455,581.5976210807701,581.1832408249643,548.7989010377025
[deletion]Carbon - El. + Water =[/deletion],3,-1.9599999999999795,3,false,"","",false,1,1,3,140.2075685698656,1098.3956516287649,729.9328129247738,720.2541457920696
[deletion]Carbonic acid -[/deletion],4,-1.9599999999999795,3,false,"","",false,1,1,3,222.47623919785116,896.7567284166375,862.207979633311,857.3686460669588
[deletion]Iron + Water[/deletion],5,-1.9599999999999795,3,false,"","",false,1,1,3,201.5057814365971,717.7013864616101,1036.4239880219864,1036.4239880219864
[deletion]Bas: Iron + Water +[/deletion],6,-1.9599999999999795,3.6666666666666665,true,"",raspence,false,1,1,4,211.18444856930125,1104.8480717697776,1194.5089829793149,1192.8958225622841
[deletion]Elec = Iron[/deletion],7,-1.9599999999999795,3.6666666666666665,false,"","",false,1,1,4,203.11890493244277,853.2027263194689,1349.3675094178413,1321.9446684367595
[deletion]Bas: Iron: - El. plus[/deletion],8,-1.9599999999999795,3,false,"","",false,1,1,3,190.2140277292322,1085.4908113467393,1489.7081828420519,1460.6721814439393
