consensus text,line number,line slope,consensus score,line edited (T/F),original transcriber username,line editor username,flagged for low consensus (T/F),page number,column,number of transcribers,line start x,line end x,line start y,line end y
Forms of Basalt,1,-0.44299999999998363,3,false,"","",false,1,1,3,583.3010495901108,804.9561320543289,252.01879262924194,241.39149415493011
above chalk,2,-0.44299999999998363,3,false,"","",false,1,1,3,592.1053939367689,789.314449260575,278.17769600382496,273.0889750173227
about 5 miles from,3,-0.44299999999998363,3,false,"","",false,1,1,3,599.2724606390175,937.8973745898649,321.4466596390462,315.0646814068672
[underline]Glenarm[/underline] -,4,-0.44299999999998363,3,true,"",E_L_Bird,false,1,1,4,647.0648404359818,818.6198015213013,376.51000332832336,388.65548729896545
