{"low_consensus_lines":1,"transcribed_lines":20,"frame0":[{"clusters_x":[190.8056801155093,994.585128177187],"clusters_y":[136.85218623150897,184.83513498787696],"clusters_text":[["1821.","1821.","1821."],["1822.","1822.","1822."],["1822","1822","1822"]],"consensus_text":"1821. 1822. 1822","consensus_score":3,"edited_consensus_text":"","extract_index":[0,0,0],"flagged":false,"gold_standard":[false,false,false],"gutter_label":0,"line_editor":"","line_slope":3.496,"low_consensus":false,"number_views":3,"original_transcriber":"","seen":false,"slope_label":0,"user_ids":[2500716,2396759,1524758]},{"clusters_x":[157.46593292832426,1012.9200043588417],"clusters_y":[238.3489797586291,281.8904514125371],"clusters_text":[["June.","June.","June."],["10","10","10"],["90/100","90/100","90/100"],["13","13","13"],["41/100","41/100","41/100"],["12","12","12"],["90/100","90/100","90/100"]],"consensus_text":"June. 10 90/100 13 41/100 12 90/100","consensus_score":3,"edited_consensus_text":"","extract_index":[1,1,1],"flagged":false,"gold_standard":[false,false,false],"gutter_label":0,"line_editor":"","line_slope":3.496,"low_consensus":false,"number_views":3,"original_transcriber":"","seen":false,"slope_label":0,"user_ids":[2500716,2396759,1524758]},{"clusters_x":[156.6896668210423,1004.7868526439099],"clusters_y":[314.3613098319122,361.8105756395238],"clusters_text":[["July","July.","July","July"],["13","13","13","13"],["34/100","34/100","34/100","34/100"],["14","14","14","14"],["14/100","14/100","14/100","14/100"],["13","13","13","13"],["71/100","71/100","71/100","71/100"]],"consensus_text":"July 13 34/100 14 14/100 13 71/100","consensus_score":3.857142857142857,"edited_consensus_text":"","extract_index":[2,2,2,0],"flagged":false,"gold_standard":[false,false,false,false],"gutter_label":0,"line_editor":"","line_slope":3.496,"low_consensus":false,"number_views":4,"original_transcriber":"","seen":false,"slope_label":0,"user_ids":[2500716,2396759,1524758,2499181]},{"clusters_x":[154.02125207726044,1005.1088266543165],"clusters_y":[418.39861061922795,476.4333233443212],"clusters_text":[["August","August","August","August"],["13","13","13","13"],["71/100","71/100","71/100.","71/100"],["15","15","15","15"],["26/100","26/100","26/100","26/100"],["15","15","15","15"],["46/100","46/100","46/100.","46/100"]],"consensus_text":"August 13 71/100 15 26/100 15 46/100","consensus_score":3.7142857142857144,"edited_consensus_text":"","extract_index":[3,3,3,1],"flagged":false,"gold_standard":[false,false,false,false],"gutter_label":0,"line_editor":"","line_slope":3.496,"low_consensus":false,"number_views":4,"original_transcriber":"","seen":false,"slope_label":0,"user_ids":[2500716,2396759,1524758,2499181]},{"clusters_x":[457.5016045985779,731.4132753970632],"clusters_y":[511.6563979622415,513.2750892200397],"clusters_text":[["[underline]","","[underline]","[underline]"],["June","","June","June"],["[/underline]","[underline]June[/underline]","[/underline]","[/underline]"]],"consensus_text":"[underline] June [/underline]","consensus_score":3,"edited_consensus_text":"[underline]June[/underline]","extract_index":[4,4,4,2],"flagged":false,"gold_standard":[false,false,false,false],"gutter_label":0,"line_editor":"RebekahMM","line_slope":3.496,"low_consensus":false,"number_views":4,"original_transcriber":"","seen":false,"slope_label":0,"user_ids":[2500716,2396759,1524758,2499181]},{"clusters_x":[158.52888822295472,1035.5287547334297],"clusters_y":[538.0891410357697,592.3130928705697],"clusters_text":[["1821.","1821.","1821."],["1822.","1822.","1822."],["1823","1823","1823"]],"consensus_text":"1821. 1822. 1823","consensus_score":3,"edited_consensus_text":"","extract_index":[5,5,5],"flagged":false,"gold_standard":[false,false,false],"gutter_label":0,"line_editor":"","line_slope":3.496,"low_consensus":false,"number_views":3,"original_transcriber":"","seen":false,"slope_label":0,"user_ids":[2500716,2396759,1524758]},{"clusters_x":[257.3484458005285,368.0942735717983],"clusters_y":[565.3334350396382,583.5889203694118],"clusters_text":[["days","days","days"]],"consensus_text":"days","consensus_score":3,"edited_consensus_text":"","extract_index":[6,6,6],"flagged":false,"gold_standard":[false,false,false],"gutter_label":0,"line_editor":"","line_slope":3.496,"low_consensus":false,"number_views":3,"original_transcriber":"","seen":false,"slope_label":0,"user_ids":[2500716,2396759,1524758]},{"clusters_x":[167.28393494428855,995.03500967118],"clusters_y":[618.9090282507424,662.0932410711853],"clusters_text":[["J.","J.","J."],["Clear","Clear","Clear"],["10","10","10"],["22","22","22"],["8","8","8"]],"consensus_text":"J. Clear 10 22 8","consensus_score":3,"edited_consensus_text":"","extract_index":[7,7,7],"flagged":false,"gold_standard":[false,false,false],"gutter_label":0,"line_editor":"","line_slope":3.496,"low_consensus":false,"number_views":3,"original_transcriber":"","seen":false,"slope_label":0,"user_ids":[2500716,2396759,1524758]},{"clusters_x":[169.3922031220203,1006.3437954613562],"clusters_y":[698.5865693192035,740.3196937913749],"clusters_text":[["July","July","J.ly","July"],["Mixed.","Mixed.","Mixed.","Mixed."],["9.","9.","9.","9."],["3.","3.","3.","3."],["13","13","13","13"]],"consensus_text":"July Mixed. 9. 3. 13","consensus_score":3.8,"edited_consensus_text":"","extract_index":[8,8,8,3],"flagged":false,"gold_standard":[false,false,false,false],"gutter_label":0,"line_editor":"","line_slope":3.496,"low_consensus":false,"number_views":4,"original_transcriber":"","seen":false,"slope_label":0,"user_ids":[2500716,2396759,1524758,2499181]},{"clusters_x":[169.93911787942352,989.7599286239681],"clusters_y":[774.872356771188,820.0986787261285],"clusters_text":[["August","August","August"],["Rain.","Rain.","Rain."],["11.","11.","11."],["5.","5.","5."],["9","9","9"]],"consensus_text":"August Rain. 11. 5. 9","consensus_score":3,"edited_consensus_text":"","extract_index":[9,9,9],"flagged":false,"gold_standard":[false,false,false],"gutter_label":0,"line_editor":"","line_slope":3.496,"low_consensus":false,"number_views":3,"original_transcriber":"","seen":false,"slope_label":0,"user_ids":[2500716,2396759,1524758]},{"clusters_x":[504.38190263437485,832.1249816111367],"clusters_y":[850.9861307107635,867.9757730133217],"clusters_text":[["[underline]","","[underline]","[underline]"],["July","","July","July"],["[/underline]","[underline]July[/underline]","[/underline]","[/underline]"]],"consensus_text":"[underline] July [/underline]","consensus_score":3,"edited_consensus_text":"[underline]July[/underline]","extract_index":[10,10,10,4],"flagged":false,"gold_standard":[false,false,false,false],"gutter_label":0,"line_editor":"RebekahMM","line_slope":3.496,"low_consensus":false,"number_views":4,"original_transcriber":"","seen":false,"slope_label":0,"user_ids":[2500716,2396759,1524758,2499181]},{"clusters_x":[230.5584438935353,1035.396436646961],"clusters_y":[867.1024736426293,944.5394284468902],"clusters_text":[["C.","C.","G.","C."],["10.","10.","10.","10."],["14.","14.","14.","14."],["6","6.","6","6"]],"consensus_text":"C. 10. 14. 6","consensus_score":3.5,"edited_consensus_text":"","extract_index":[11,11,11,5],"flagged":false,"gold_standard":[false,false,false,false],"gutter_label":0,"line_editor":"","line_slope":3.496,"low_consensus":false,"number_views":4,"original_transcriber":"","seen":false,"slope_label":0,"user_ids":[2500716,2396759,1524758,2499181]},{"clusters_x":[234.24570790312475,985.0714577601002],"clusters_y":[939.1232081074454,999.7822295474976],"clusters_text":[["M.","M.","N.","M."],["13.","13.","13.","13."],["8.","8.","8.","8."],["9","9","9","9"]],"consensus_text":"M. 13. 8. 9","consensus_score":3.75,"edited_consensus_text":"","extract_index":[12,12,12,6],"flagged":false,"gold_standard":[false,false,false,false],"gutter_label":0,"line_editor":"","line_slope":3.496,"low_consensus":false,"number_views":4,"original_transcriber":"","seen":false,"slope_label":0,