consensus text,line number,line slope,consensus score,line edited (T/F),original transcriber username,line editor username,flagged for low consensus (T/F),page number,column,number of transcribers,line start x,line end x,line start y,line end y
2,1,-4.927999999999997,2,false,"","",false,1,1,2,383.4360505330861,479.20648142443423,295.48012533082436,282.87875664015274
History of Nat Science,2,-4.927999999999997,4,false,"","",false,1,2,4,831.3565050478442,2122.4249779161746,890.5438643679619,812.1362897187669
2[superscript]d[/superscript],3,-4.927999999999997,2,false,"","",false,1,3,3,1270.5723775141232,1497.3970139462122,1107.008240167832,1091.8866361953515
