consensus text,line number,line slope,consensus score,line edited (T/F),original transcriber username,line editor username,flagged for low consensus (T/F),page number,column,number of transcribers,line start x,line end x,line start y,line end y
The Ocean [insertion]busily[/insertion] dashes round thee: & thy tints,1,-1.045000000000016,3.6666666666666665,false,"","",false,1,1,4,195.41934514045715,1295.242246389389,164.32266926765442,127.05967569351196
Enrich the bosom of the Ocean wave,2,-1.045000000000016,3,false,"","",false,1,1,3,204.52935647964478,1313.3857107162476,233.74600958824158,212.2915587425232
[deletion]Bold are thy Rocks[/deletion],3,-1.045000000000016,3,false,"","",false,1,1,3,228.24217057228088,886.5550570487976,310.5303599834442,290.2050907611847
" Wild [deletion]are[/deletion] is thy looke sublime, [deletion][unclear]xx thy[/unclear][/deletion]",4,-1.045000000000016,3.375,true,"",Fierengraw,false,1,1,4,200.01262998580933,1309.998165845871,389.5730736255646,335.3723556995392
[deletion]G[/deletion] [unclear]Xxx[/unclear],5,-1.045000000000016,2.5,false,"","",true,1,1,5,251.42062973976135,330.422833442688,467.5313775539398,464.45336961746216
where the [insertion]curve[/insertion],6,-1.045000000000016,3,false,"","",false,1,2,3,992.1945397853851,1273.3192646503448,443.933314204216,444.95931684970856
of varied beauty & the abrupt [unclear]falling[/unclear],7,-1.045000000000016,3.7142857142857144,false,"","",false,1,1,4,258.60264825820923,1341.0354392528534,546.5335812568665,593.7297029495239
"Impress with mingled feeling,",8,-1.045000000000016,3.75,false,"","",false,1,1,4,279.1227011680603,1202.5250821113586,661.4458750486374,646.0558353662491
Oh thy [unclear]craig[/unclear],9,-1.045000000000016,3.6666666666666665,false,"","",false,1,2,4,917.2963466644287,1320.5153863430023,751.7341078519821,742.5000840425491
