consensus text,line number,line slope,consensus score,line edited (T/F),original transcriber username,line editor username,flagged for low consensus (T/F),page number,column,number of transcribers,line start x,line end x,line start y,line end y
41,1,-5.8349999999999795,3,false,"","",false,1,2,3,930.6809266491892,1003.5493660050291,103.97765769621742,95.00924294383827
{oxymuriate of phosphorus,2,-5.8349999999999795,3.3333333333333335,true,"",sruston,false,1,1,4,232.26497029924994,1004.6704873418356,251.95665078718534,190.29872987181957
{to be combined with,3,-5.8349999999999795,3,false,"","",false,1,1,3,273.7439366393752,898.170460590993,355.0935059690952,320.3408827668354
Ammonia,4,-5.8349999999999795,3,true,"",sruston,false,1,1,3,222.17551973961397,680.6861783307306,475.04619761328144,423.47773794874536
{oxymuriate of Ammonia.,5,-5.8349999999999795,3.6666666666666665,true,"",sruston,false,1,1,4,271.50182226008667,934.0441196005096,685.8041367356782,592.7567534957917
