consensus text,line number,line slope,consensus score,line edited (T/F),original transcriber username,line editor username,flagged for low consensus (T/F),page number,column,number of transcribers,line start x,line end x,line start y,line end y
205,1,-8.531000000000006,3,false,"","",false,1,1,3,827.3582921088953,887.4433180890559,196.02740108037705,187.01465100345604
with that being whose temple is,2,177.931,3,false,"","",false,1,1,3,825.5118760369303,120.51418438826954,1096.9272542837784,1130.9754509529487
the universe whose countenance is,3,177.931,3.8,false,"","",false,1,1,4,827.5146796754443,132.53123542553863,1077.9003523106794,1098.9301056735812
x the light 'of ten million suns,4,177.931,3,true,"",E_L_Bird,false,1,1,3,907.6280667495071,58.42635476959481,1023.8238231983803,1024.8252441181528
x whose communications are felt,5,177.931,3,false,"","",false,1,1,3,873.5798891808524,60.42915840810883,944.7118761446052,996.785553867102
only when Man is mingled,6,177.931,3,false,"","",false,1,1,3,803.4806922039984,97.48163693711149,900.6495275792572,938.7033315254555
with nature & lost in the,7,177.931,3,false,"","",false,1,1,3,838.5159839957968,98.24884313051916,872.6145250267743,897.4614545234099
immensity of [deletion]being[/deletion] [underline]existence[/underline]. -,8,177.931,3,false,"","",false,1,1,3,850.5473035286637,114.50569707066575,773.4695368207351,794.4993188344099
