consensus text,line number,line slope,consensus score,line edited (T/F),original transcriber username,line editor username,flagged for low consensus (T/F),page number,column,number of transcribers,line start x,line end x,line start y,line end y
that transmutation,1,-5.663999999999987,5,false,"","",false,1,1,5,213.4599151611328,778.835693359375,235.64462280273438,176.75131225585938
changes weight-,2,-5.663999999999987,4,true,"",Eleanor_Lucy_Bird,false,1,1,4,202.69261169433594,741.007080078125,339.8536071777344,267.4537048339844
& [unclear]brashure[/unclear],3,-5.663999999999987,2.5,false,"","",true,1,1,5,234.8756561279297,625.7130737304688,454.4243469238281,420.1591491699219
Modestinus Fachsius,4,-5.663999999999987,2.3333333333333335,true,"",Eleanor_Lucy_Bird,true,1,1,6,280.9195251464844,854.861572265625,632.8353881835938,570.7296752929688
according to Libavius,5,-5.663999999999987,3.6666666666666665,false,"","",false,1,1,4,273.42401123046875,946.9492797851562,742.4661865234375,684.6436157226562
R,6,-5.663999999999987,5,false,"","",false,1,1,5,303.6391296386719,389.53173828125,972.5022583007812,966.0697021484375
