consensus text,line number,line slope,consensus score,line edited (T/F),original transcriber username,line editor username,flagged for low consensus (T/F),page number,column,number of transcribers,line start x,line end x,line start y,line end y
139,1,-1.728999999999985,3,false,"","",false,1,2,3,1924.4267693310467,2070.2519616008135,382.5188396448429,373.81283075431367
- Attempts made to decompose,2,-1.728999999999985,3,false,"","",false,1,1,3,359.52769069084377,1826.4845429325364,639.3451055956054,602.3446923508375
fluoric acid Henry -,3,-1.728999999999985,3,false,"","",false,1,1,3,272.46789237884116,1408.5977767202166,850.4650324377246,804.7586103024275
[underline]My expt[superscript]s[/superscript][/underline]. --,4,-1.728999999999985,3,true,"",E_L_Bird,false,1,1,3,443.9794088578918,1194.8698942731237,1112.9514527377883,1117.3043741563988
- : Potassium -,5,-1.728999999999985,3,true,"",E_L_Bird,false,1,1,3,387.8220950450826,1349.8323412491256,1468.5892392869987,1438.1184572501088
