consensus text,line number,line slope,consensus score,line edited (T/F),original transcriber username,line editor username,flagged for low consensus (T/F),page number,column,number of transcribers,line start x,line end x,line start y,line end y
[deletion]happy manner the conjectures[/deletion],1,-2.312000000000012,2,false,"","",false,1,1,2,197.96159386334844,1365.719182242585,318.3979885805521,259.3822825011713
[deletion]of D[superscript]r[/superscript] Hutton. - & in the[/deletion],2,-2.312000000000012,2,false,"","",false,1,1,2,202.98420714669996,1373.2531021676123,432.66244077680005,391.22588118914973
[deletion]paper in which He devellopes[/deletion],3,-2.312000000000012,2,false,"","",false,1,1,2,233.1198868468093,1409.6670484719111,577.0625726731573,513.0242533104249
[deletion]these exp[superscript]ts[/superscript]. He has given[/deletion],4,-2.312000000000012,2,false,"","",false,1,1,2,219.30770031759252,1405.9000885093974,687.5600649068915,643.6121986775654
[deletion]a precise & truly logical[/deletion],5,-2.312000000000012,2.8,false,"","",false,1,1,3,238.14250013016087,1336.8391558633134,785.5010239322468,751.5983842696238
[deletion]statement of the hypothesis.[/deletion],6,-2.312000000000012,2,false,"","",false,1,1,2,246.93207337602607,1355.6739556758819,928.1353933461758,890.4657937210391
