consensus text,line number,line slope,consensus score,line edited (T/F),original transcriber username,line editor username,flagged for low consensus (T/F),page number,column,number of transcribers,line start x,line end x,line start y,line end y
some of which are hourly and momentarily,1,177.542,3,false,"","",false,1,1,3,854.9834757207659,146.14319757166072,1218.4575880459292,1224.4357573001625
repeated & others occur only at great,2,177.542,3,false,"","",false,1,1,3,862.6696921698357,74.40513394241475,1167.2160907547209,1185.1506392404783
"lengths of time, I do not doubt that",3,177.542,3,false,"","",false,1,1,3,847.2972429824731,85.5074773596034,1121.098808349525,1128.784992220149
you will pardon this mode of beginning.,4,177.542,3,false,"","",false,1,1,3,855.8374871012669,71.84309980091177,1071.5653989762102,1069.0032996778154
"[Ink sketch of face in profile in margin of this line and the next] 1. Laws of Attraction, Matter is possessed of the power of",5,177.542,3,true,"",Fierengraw,false,1,1,3,796.0557782697106,134.18684277397108,992.1411026086716,1011.783690144654
"Attraction, by this power the particles tend to approximate",6,177.542,3,false,"","",false,1,1,3,794.3477392194856,45.36832348558357,959.6881814729445,963.1042595733946
315,7,177.542,3,false,"","",false,1,1,3,854.3851482610557,796.92837946592,202.87895863473886,216.21708468633074
