consensus text,line number,line slope,consensus score,line edited (T/F),original transcriber username,line editor username,flagged for low consensus (T/F),page number,column,number of transcribers,line start x,line end x,line start y,line end y
To remember,1,-0.7409999999999854,3,false,"","",false,1,1,3,260.54815673828125,727.4869995117188,323.5343933105469,320.9111328125
all the letters,2,-0.7409999999999854,3,false,"","",false,1,1,3,201.08779907226562,722.240478515625,477.43182373046875,475.6829833984375
particularly [underline]Beddoes[/underline],3,-0.7409999999999854,3,false,"","",false,1,1,3,180.9761962890625,854.2774658203125,632.2036743164062,611.2176513671875
[underline]Knight[/underline] & [underline]Trevor[/underline],4,-0.7409999999999854,3,false,"","",false,1,1,3,182.72503662109375,846.40771484375,758.9942016601562,738.882568359375
not to forget,5,-0.7409999999999854,3,false,"","",false,1,1,3,233.4412384033203,758.9660034179688,970.6031494140625,953.9891967773438
[unclear]Hedler[/unclear] -,6,-0.7409999999999854,1.5,false,"","",true,1,1,5,222.94822692871094,590.2034912109375,1107.88671875,1101.7657470703125
To send to [underline][unclear]Mr Greville[/unclear][/underline],7,-0.7409999999999854,3,true,"",E_L_Bird,false,1,1,3,215.07847595214844,901.4960327148438,1270.5283203125,1278.3980712890625
for [underline][unclear]Naptha[/unclear][/underline] -,8,-0.7409999999999854,2.3333333333333335,true,"",E_L_Bird,true,1,1,5,185.34828186035156,645.291748046875,1414.80712890625,1416.555908203125
