consensus text,line number,line slope,consensus score,line edited (T/F),original transcriber username,line editor username,flagged for low consensus (T/F),page number,column,number of transcribers,line start x,line end x,line start y,line end y
40,1,0.474,4,false,"","",false,1,1,4,183.8664174079895,251.3158597946167,80.2902603149414,83.71989297866821
Animals probably produce unknown etherial,2,0.474,4,false,"","",false,1,1,4,218.16274404525757,1240.193277835846,150.02612447738647,145.45328092575073
principles during the action called,3,0.474,4,false,"","",false,1,1,4,213.58990049362183,1117.8697128295898,211.759512424469,199.1841926574707
"thinking. Of respiration, of Nutrition",4,0.474,4,false,"","",false,1,1,4,246.74301624298096,1202.467318534851,274.63611125946045,278.06574392318726
as reaction as processes purely chemical,5,0.474,3,false,"","",false,1,1,3,211.30347871780396,1218.4722709655762,350.0880298614502,356.9472951889038
