consensus text,line number,line slope,consensus score,line edited (T/F),original transcriber username,line editor username,flagged for low consensus (T/F),page number,column,number of transcribers,line start x,line end x,line start y,line end y
Water No 1 by evap left Sul lime carb lime,1,-0.5769999999999982,3.7,false,"","",false,1,1,4,211.44400411844254,1148.0754079818726,188.51098316907883,158.21727341413498
carb mag. & mag - solutn [unclear]xxxxxxed upon[/unclear] gave much,2,-0.5769999999999982,3.0833333333333335,true,"",plphy,false,1,1,5,185.22129207849503,1152.1112920045853,253.11383748054504,206.09046679735184
[deletion][unclear]ins[/unclear][/deletion] sedimnt [insertion]the sulphate of fine & pure Magnesia[/insertion] & a [unclear]liquor deposits[/unclear] sul magnesia crystals,3,-0.5769999999999982,3.764705882352941,true,"",plphy,false,1,1,5,199.36444300413132,1154.6205518841743,311.6798037290573,284.9622624516487
the mother liquor contd mur soda,4,-0.5769999999999982,3,true,deehar,plphy,false,1,1,4,205.8534049987793,786.6598547101021,383.92920130491257,363.827031314373
"100 salts 5 gr lime 40,5 gr heated Am phos Mag",5,-0.5769999999999982,3,true,"",plphy,false,1,1,3,182.37214910196914,533.7481287039785,703.7329691533606,700.761491071709
1824. Dec[superscript]r[/superscript]. 1.,6,-0.5769999999999982,3,true,"",plphy,false,1,1,4,174.495723555442,375.2379450023335,962.2671305901738,958.0704404386445
Carb Soda in crystals pulverised & left to effloresce for,7,-0.5769999999999982,3,false,"","",false,1,1,3,283.32595809810863,1147.3115779188695,1025.2240195960167,1027.2055698959523
some day. 100 gr lost 19 water by fusion - another portion left,8,-0.5769999999999982,3.066666666666667,true,"",plphy,false,1,1,4,204.53813815116882,1159.0605963468552,1104.0741555690765,1119.129714846611
for a longer time,9,-0.5769999999999982,3,false,"","",false,1,1,3,200.49492669968382,420.45456926658744,1155.4727053389267,1162.408339268738
