consensus text,line number,line slope,consensus score,line edited (T/F),original transcriber username,line editor username,flagged for low consensus (T/F),page number,column,number of transcribers,line start x,line end x,line start y,line end y
105 [reversed],1,-1.7900000000000205,3,true,"",FrankPearson,false,1,1,3,1093.6364367697638,1204.7913159103186,90.31333930170098,86.83974932855864
x + y = 0,2,177.502,3,true,"",FrankPearson,false,1,1,3,1040.6874219442843,658.6533617404566,1555.9844783566346,1564.4741231793737
dd - xx = y,3,177.502,3,true,"",FrankPearson,false,1,1,3,1092.5685919466737,580.3599993844621,1374.8720554715328,1406.9440758111473
dd - yy = x,4,177.502,3,true,"",FrankPearson,false,1,1,3,1115.2076448073112,562.4373870827462,1282.42928507764,1307.8982195458575
