consensus text,line number,line slope,consensus score,line edited (T/F),original transcriber username,line editor username,flagged for low consensus (T/F),page number,column,number of transcribers,line start x,line end x,line start y,line end y
110,1,-1.3770000000000095,1,false,"","",true,1,1,1,333.0565045905309,438.04501612537393,138.92419203095398,132.56125193793315
of fluoric acid might be a body,2,-1.3770000000000095,1,false,"","",true,1,1,1,386.08100536570413,1535.6521821714605,243.91270356579702,201.49310294565834
of the same [deletion]kind[/deletion] [insertion]species[/insertion] & that the,3,-1.3770000000000095,1,false,"","",true,1,1,1,430.6215860168497,1414.7563204040653,334.05435488359154,312.8445545735222
same kind of reasoning might,4,-1.3770000000000095,1,false,"","",true,1,1,1,432.74256604785666,1546.257082326495,435.8613963719242,406.16767593782714
be applied to the fluoric as,5,-1.3770000000000095,1,false,"","",true,1,1,1,449.71040629591204,1468.841311194742,531.3054977672361,515.3981475346841
to the muriatic compounds,6,-1.3770000000000095,1,false,"","",true,1,1,1,422.137665892822,1431.7241606521209,625.6891091470445,600.2373487749612
Feb[superscript]y[/superscript] 1817 [unclear]MF[/unclear],7,-1.3770000000000095,1,true,"",deehar,true,1,2,1,1377.639169861444,1610.9469732722064,800.6699617051162,804.91192176713
