consensus text,line number,line slope,consensus score,line edited (T/F),original transcriber username,line editor username,flagged for low consensus (T/F),page number,column,number of transcribers,line start x,line end x,line start y,line end y
[unclear]Wh[/unclear],1,-94.73899999999998,2,true,E_L_Bird,FrankPearson,true,1,1,5,290.337598895997,287.28284130550776,435.19711379509226,371.0472043948183
a mile,2,-94.73899999999998,3,true,E_L_Bird,FrankPearson,false,1,1,4,373.8075069346937,362.4387531944184,444.3900031983668,302.9279589776264
12,3,-94.73899999999998,3,true,"",FrankPearson,false,1,1,5,871.4249227155879,854.9398758018492,123.73956590080513,67.04197161024626
[unclear]tr[/unclear],4,-94.73899999999998,3,true,TEHark,FrankPearson,false,1,1,5,916.2265536537202,911.0880062875864,85.87779756989391,49.20982625958652
[unclear]Agdc[/unclear],5,-94.73899999999998,3,true,E_L_Bird,FrankPearson,false,1,1,4,964.7065690066597,963.0705200553616,481.77384374270184,400.43356596492407
Vias,6,-94.73899999999998,3,true,TEHark,FrankPearson,false,1,1,3,976.078768252905,975.752530756111,165.21920989784132,89.69560697971417
[unclear]Below[/unclear],7,-94.73899999999998,3,true,E_L_Bird,FrankPearson,false,1,1,5,1119.0871366735828,1118.6319050971101,293.64600825781963,193.68182673691695
