consensus text,line number,line slope,consensus score,line edited (T/F),original transcriber username,line editor username,flagged for low consensus (T/F),page number,column,number of transcribers,line start x,line end x,line start y,line end y
103,1,-0.4259999999999877,3,false,"","",false,1,2,3,1284.988579750061,1352.3932218551636,93.24308967590332,93.24308967590332
[short horizontal rule],2,-0.4259999999999877,3,false,"","",false,1,1,3,639.0274262428284,731.1471037864685,114.58789157867432,111.21765947341919
[underline]Dargle[/underline],3,-0.4259999999999877,3,false,"","",false,1,1,3,578.3632483482361,724.4066395759583,201.0905156135559,194.35005140304565
[Pencil sketch of a cliff face protruding amongst a haze of trees/foliage],4,-0.4259999999999877,2,true,"",Fierengraw,true,1,1,2,308.8006075029834,1002.0979184477164,780.6159976011246,817.381804693375
