consensus text,line number,line slope,consensus score,line edited (T/F),original transcriber username,line editor username,flagged for low consensus (T/F),page number,column,number of transcribers,line start x,line end x,line start y,line end y
18 b,1,2.003,3,false,"","",false,1,1,3,329.7798912363378,460.9626628562977,121.8146479598067,133.4158720817771
18R5,2,2.003,3,false,"","",false,1,1,4,148.14867122063447,287.3630543031355,187.8142231254646,189.59902945517922
R1 M5 HD/18/b,3,2.003,3.3333333333333335,false,"","",false,1,2,4,735.6083225900866,967.6322603519058,169.52230499468473,170.41470815954207
