consensus text,line number,line slope,consensus score,line edited (T/F),original transcriber username,line editor username,flagged for low consensus (T/F),page number,column,number of transcribers,line start x,line end x,line start y,line end y
87,1,-0.9529999999999745,3,false,"","",false,1,2,3,1163.6795521719055,1233.895110401592,124.31973272052976,123.0878996183316
"Yet [deletion]time[/deletion] [insertion]heaven[/insertion] at last has sealed their [insertion]doom,[/insertion]",2,-0.9529999999999745,3,true,"",a_s_wolf,false,1,1,3,233.86288573139717,1183.0360990606384,624.8245153228377,590.114958760157
And [deletion]at last[/deletion] [insertion]though late[/insertion] with justice vengeance is come,3,-0.9529999999999745,3,false,"","",false,1,1,3,233.29022519817366,1247.1043190863772,764.922295945779,780.9364082228791
Past is The Eternal Citys [deletion]day[/deletion] [deletion]glory[/deletion] [insertion]day [deletion]glory[/deletion][/insertion],4,-0.9529999999999745,3,true,"",LH1980Lancaster,false,1,1,3,86.62928705281476,1262.1633199059013,898.5703856856383,884.0036254177705
Low is the Eagles crested pride,5,-0.9529999999999745,3,true,"",a_s_wolf,false,1,1,3,268.0094849567314,1123.4217733766086,965.7259745614627,959.1158404000164
[deletion]Its[/deletion]Their glittering splendour has passed away,6,-0.9529999999999745,3,true,"",a_s_wolf,false,1,1,3,270.5181979763167,1226.4353466053394,1035.9193773595107,1023.6008771684147
Who the [deletion]summer[/deletion] Snow in summer,7,-0.9529999999999745,3,false,"","",false,1,1,3,256.96783648817006,1173.4656773652464,1138.1631037536927,1095.0482685002994
on Atlas side,8,-0.9529999999999745,3,true,"",a_s_wolf,false,1,1,3,247.11303069632277,797.7508294449169,1205.914939389278,1182.5097721092843
