consensus text,line number,line slope,consensus score,line edited (T/F),original transcriber username,line editor username,flagged for low consensus (T/F),page number,column,number of transcribers,line start x,line end x,line start y,line end y
And they make the same agent [underline]at once[/underline],1,0.272,1,true,"",deehar,true,1,1,1,536.1586572770814,2658.6540378962554,649.6058360116207,663.8891490515912
the dissolving menstruum and the,2,0.272,1,false,"","",true,1,1,1,507.5920900424376,2615.804304734884,832.4318780823999,801.0086658933512
chrystalizing power.-,3,0.272,1,true,"",deehar,true,1,1,1,497.8153257511666,1798.9933882517798,1007.9457684612547,1017.466611615812
Wherever natural causes can be fairly,4,0.272,1,false,"","",true,1,1,1,554.9402539300257,2487.6655306233465,1242.7924048665984,1277.7019887686624
investigated it is the business of Philosophy,5,0.272,1,false,"","",true,1,1,1,510.50969612491997,2690.776241094307,1430.035086996125,1433.2087449638057
to endeavour to [underline]trace them[/underline]:,6,0.272,1,false,"","",true,1,1,1,481.94729740973264,2090.964952835983,1623.6249543125284,1639.4929826539621
