consensus text,line number,line slope,consensus score,line edited (T/F),original transcriber username,line editor username,flagged for low consensus (T/F),page number,column,number of transcribers,line start x,line end x,line start y,line end y
1-,1,-4.168999999999983,3,false,"","",false,1,1,3,139.42179608345032,198.98349809646606,157.34950757026672,155.57154631614685
25 . 10,2,-4.168999999999983,3,false,"","",false,1,1,3,583.9961249919003,878.5409579865868,313.8899981852699,295.1689258706848
According to me,3,-4.168999999999983,2,true,"",raspence,true,1,1,2,429.2352224365443,948.4330374706096,427.46448451635996,391.2704494629479
4. 1/4.,4,-4.168999999999983,3,false,"","",false,1,1,3,349.18971253602007,586.1897406251014,777.0901970103963,752.1428533734916
[Pencil sketch of a star shape],5,,0,true,"",E_L_Bird,false,1,1,0,,,,
6,6,-4.168999999999983,3,false,"","",false,1,1,3,587.7403394548173,686.3379679342394,990.3447254415523,980.3601916285595
[deletion]P[/deletion]5,7,-4.168999999999983,3,false,"","",false,1,1,3,212.93864654272974,305.05202347426984,1087.972844154344,1068.7825865756604
24. 7 sou,8,-4.168999999999983,3,true,"",raspence,false,1,1,3,455.14409649267384,800.5692599859491,1188.4391336507317,1180.7630042654096
according to him,9,-4.168999999999983,3,true,"",raspence,false,1,1,3,218.14351843219444,740.1193064032279,1264.0696843781325,1269.8267704363536
