consensus text,line number,line slope,consensus score,line edited (T/F),original transcriber username,line editor username,flagged for low consensus (T/F),page number,column,number of transcribers,line start x,line end x,line start y,line end y
But to cloath [insertion]the[/insertion] dull and dead objects,1,-0.19499999999999318,1,false,"","",true,1,1,1,147.631732588906,2243.6136127318473,579.2828644214333,556.4176078643249
of a speculative branch of science in,2,-0.19499999999999318,1,false,"","",true,1,1,1,140.01000947788043,2223.2890177691124,772.3672579716831,759.6642988959422
the form of beauty and to infuse into,3,-0.19499999999999318,1,false,"","",true,1,1,1,165.41584040533058,2238.532638439227,957.8299720229234,934.9646282417834
them animation and life -,4,-0.19499999999999318,1,false,"","",true,1,1,1,142.5505838482223,1763.4432250325724,1141.7746894979084,1123.990581681484
This is indeed a work which the strongest,5,-0.19499999999999318,1,false,"","",true,1,1,1,198.44343805582224,2248.694761472531,1333.7715755243898,1333.7715755243898
genius only can accomplish; and it,6,-0.19499999999999318,1,false,"","",true,1,1,1,162.87526603498878,2185.1801405418896,1526.8558382385922,1519.2341151275668
is a work in which Buffon has,7,-0.19499999999999318,1,false,"","",true,1,1,1,114.6041349384144,2126.746668351932,1689.4532957327242,1702.156254808465
perfectly [underline]succeeded[/underline].-,8,-0.19499999999999318,1,true,"",deehar,true,1,1,1,132.3882863668549,1501.7632798710765,1897.781179117041,1910.4840509687501
