consensus text,line number,line slope,consensus score,line edited (T/F),original transcriber username,line editor username,flagged for low consensus (T/F),page number,column,number of transcribers,line start x,line end x,line start y,line end y
71,1,-2.120999999999981,4,true,mayagould,FrankPearson,false,1,1,4,994.7525243062062,1077.9273416193034,178.41680174632546,175.33625295695148
of things which in themselves,2,-179.347,3.4,true,TEHark,FrankPearson,false,1,1,4,1012.7889240511726,170.1712743546086,1571.4449020293146,1571.451174263444
have no principle of reproduction,3,-179.347,3.2,true,"",FrankPearson,false,1,1,4,1033.1781002556845,113.4057599275609,1491.4463060874155,1467.178666811218
[underline]Time[/underline] is usually assigned,4,-179.347,3.2,true,TEHark,FrankPearson,false,1,1,4,1017.7521862677246,160.8499882711219,1357.905189642097,1347.4551140941908
as the cause - &c,5,-179.347,3.2,true,"",FrankPearson,false,1,1,4,971.9414818009973,340.1515466294849,1275.6804606226528,1271.2595979785342
