consensus text,line number,line slope,consensus score,line edited (T/F),original transcriber username,line editor username,flagged for low consensus (T/F),page number,column,number of transcribers,line start x,line end x,line start y,line end y
with 3 of oxygene diminished nearly to 2 - -,1,1.27,3,true,"",Fierengraw,false,1,1,3,230.73643112182617,1341.2689666748047,184.52789878845215,181.6876621246338
2[superscript]d[/superscript]. exp[superscript]t[/superscript]. 9 of the gas with 5 of oxygene diminished,2,1.27,3,false,"","",false,1,1,3,242.0973777770996,1398.0736999511719,260.03085708618164,255.7705020904541
to 2,3,1.27,3.5,false,"","",false,1,1,4,253.45832443237305,391.2098026275635,322.51606369018555,321.09594535827637
Examination of the gas given off by the action,4,1.27,3,false,"","",false,1,1,3,256.2985610961914,1406.594409942627,471.6284885406494,467.3681335449219
of the residual substance on water - Quantity,5,1.27,3,false,"","",false,1,1,3,260.55891609191895,1459.1387882232666,542.6344051361084,556.8355884552002
two cubical inches - ,6,1.27,3,true,"",Fierengraw,false,1,1,3,261.9790344238281,770.3813972473145,613.6403217315674,616.4805583953857
7 of this gas with 4 1/2 of oxygene diminished to,7,1.27,3,false,"","",false,1,1,3,249.1979694366455,1400.9139366149902,677.5456466674805,686.0663566589355
1 -,8,1.27,3,false,"","",false,1,1,3,237.83702278137207,318.7837677001953,738.6107349395752,748.5515632629395
[underline]5.[unclear]x[/unclear][/underline],9,1.27,3,false,"","",false,1,2,3,1376.303074868897,1530.506453548,2348.388954467171,2359.632950829189
