consensus text,line number,line slope,consensus score,line edited (T/F),original transcriber username,line editor username,flagged for low consensus (T/F),page number,column,number of transcribers,line start x,line end x,line start y,line end y
Recueil d Auteurs hermetiques,1,-1.552000000000021,3,false,"","",false,1,1,3,203.2595977783203,1025.4345703125,225.19520568847656,213.5105438232422
par Jaques Girard 1557,2,-1.552000000000021,3,false,"","",false,1,1,3,196.88613891601562,948.9531860351562,333.5438537597656,318.6724548339844
The true light of,3,-1.552000000000021,3,false,"","",false,1,1,3,213.8820037841797,775.8078002929688,455.7016296386719,432.3323059082031
 Alchemy 1609.,4,-1.552000000000021,3,true,"",a_s_wolf,false,1,1,3,221.35281372070312,668.3429565429688,556.8364868164062,531.4873046875
Trois traite de la Philosophie,5,-1.552000000000021,3,false,"","",false,1,1,3,269.1185607910156,997.8162841796875,698.9549560546875,667.0877075195312
naturelle la turbe des,6,-1.552000000000021,3.75,false,"","",false,1,1,4,248.93597412109375,878.84521484375,764.8139038085938,745.693603515625
Philosophes. 1618.,7,-1.552000000000021,3,false,"","",false,1,1,3,272.3052978515625,803.4260864257812,852.97998046875,847.6687622070312
[unclear]Flamellers[/unclear] tresor,8,-1.552000000000021,2.5,false,"","",true,1,1,5,274.4297790527344,772.62109375,968.7642822265625,963.4530639648438
de Philosophie. - paris. 1629,9,-1.552000000000021,3,true,"",a_s_wolf,false,1,1,3,243.62477111816406,933.01953125,1066.490478515625,1054.805908203125
