consensus text,line number,line slope,consensus score,line edited (T/F),original transcriber username,line editor username,flagged for low consensus (T/F),page number,column,number of transcribers,line start x,line end x,line start y,line end y
107,1,1.715,3,false,"","",false,1,2,3,920.9887323346052,991.7099067045776,113.58919374048439,118.7892777574828
Exp[superscript]t[/superscript] in the decomposition,2,1.715,3,false,"","",false,1,1,3,314.6589438872884,851.3076382456204,145.82967893973125,170.79011792746695
- of Ammonia by electricity -,3,1.715,3,false,"","",false,1,1,3,185.69684439633068,917.8686501856121,192.630435092717,215.51079286546224
About 6 cubical inches,4,1.715,3,false,"","",false,1,1,3,248.09785260031168,745.2258766906617,300.79219851568104,305.99228253267944
{ 6 measures & 5 of oxygene - stands,5,1.715,3.6666666666666665,false,"","",false,1,1,4,186.7368651670796,888.7482272986119,369.4332916706631,400.63379577265357
{ at 6; but every reason to,6,1.715,3.5714285714285716,false,"","",false,1,1,4,216.89734849832115,860.6677259986295,430.7942989406414,431.8342998746441
{ suppose common air present. -,7,1.715,3.5,false,"","",false,1,1,4,232.49760054931642,929.3088985005967,484.87514097863095,503.59547517861927
12 of gas & 6 & 6 of oxygene,8,1.715,3,false,"","",false,1,1,3,224.17745422007118,842.9874720796289,577.4367316975848,580.5566948261003
