consensus text,line number,line slope,consensus score,line edited (T/F),original transcriber username,line editor username,flagged for low consensus (T/F),page number,column,number of transcribers,line start x,line end x,line start y,line end y
325,1,1.462,3,false,"","",false,1,1,3,943.4740859270096,1010.6825015544891,93.3856588602066,94.19539880752563
The silex that separated by,2,1.462,3,false,"","",false,1,1,3,226.85423254966736,836.5884128808975,136.30187606811523,163.02329432964325
solution from [unclear]an acid[/unclear] in,3,1.462,3,false,"","",false,1,1,3,183.1282753944397,747.5170186758041,195.41289222240448,198.6518520116806
this exp[superscript]t[/superscript] was of a bright,4,1.462,3,false,"","",false,1,1,3,196.89385449886322,817.9643940925598,243.99728906154633,254.52390837669373
[underline]blue[/underline]. -,5,1.462,4,false,"","",false,1,1,4,217.94709312915802,483.5417958498001,306.3472650051117,317.6836242675781
Barom[superscript]r[/superscript]. [deletion]30 .6[/deletion] [insertion]30.2 8/10[/insertion] Ther. 61,6,1.462,3,false,"","",false,1,1,3,365.19404047727585,862.6938211917877,820.0026268959045,832.286572098732
Weight of Platina [deletion]Crucible[/deletion] [insertion]Tray[/insertion] } 90.5 grs,7,1.462,3,true,"",E_L_Bird,false,1,1,3,181.37411785125732,787.0595984458923,900.5674316883087,915.9524906873703
in equilibrio,8,1.462,3,false,"","",false,1,1,3,559.5226732492447,796.7764778137207,953.2005282640457,958.8687078952789
