consensus text,line number,line slope,consensus score,line edited (T/F),original transcriber username,line editor username,flagged for low consensus (T/F),page number,column,number of transcribers,line start x,line end x,line start y,line end y
43,1,-2.2450000000000045,3,false,"","",false,1,2,3,1119.8280447904326,1217.0663817904892,96.6525638855982,101.33874880126356
a similar Manner,2,-2.2450000000000045,3.6666666666666665,false,"","",false,1,1,4,181.23680613015028,1192.6627863735748,311.270811975311,247.54607881501119
& might not,3,-2.2450000000000045,3.6666666666666665,false,"","",false,1,1,4,182.87078611326388,919.7901113166739,471.3996535668918,412.5768229573842
Ammonia to,4,-2.2450000000000045,3,false,"","",false,1,1,3,197.57649376564075,945.9336414522976,610.2868675736413,544.9281918287763
be metallized,5,-2.2450000000000045,3,false,"","",false,1,1,3,205.74631888411176,983.5148444769737,765.5138814115267,723.0306262418642
by an analogous,6,-2.2450000000000045,3.6666666666666665,false,"","",false,1,1,4,173.06698101167927,1079.9190277053517,924.0086308243483,910.9369405536336
Process -,7,-2.2450000000000045,3.5,false,"","",false,1,1,4,220.4520265364887,798.8765649285284,1080.869512449702,1080.869512449702
