consensus text,line number,line slope,consensus score,line edited (T/F),original transcriber username,line editor username,flagged for low consensus (T/F),page number,column,number of transcribers,line start x,line end x,line start y,line end y
118,1,2.729,3,false,"","",false,1,2,4,918.6676617521628,985.412635555014,152.03021810649443,163.15438040696972
Specimens of clay. Ware & [unclear]x[/unclear],2,2.729,3,false,"","",false,1,1,3,143.1054927801791,665.0465785925123,90.63116213244615,109.52498379564145
1 Ground cornwall stone,3,2.729,3,false,"","",false,1,1,3,151.3715144192739,695.7489768565192,165.0255145464077,189.8236019868504
2 Unground cornwall stone,4,2.729,3,false,"","",false,1,1,3,163.18013606640218,668.5892011237041,228.79204441311032,252.4092877073669
3 Marle,5,2.729,3,false,"","",false,1,1,3,170.26531355931078,435.95930061969705,298.46293014969393,296.10128690363825
4 Ground flint,6,2.729,3,false,"","",false,1,1,3,152.55238108861838,498.54498634021354,361.0487059628438,364.5911933550855
5 Unground flint,7,2.729,3,false,"","",false,1,1,3,139.5628927721456,515.0770746647198,427.17692412191883,434.26207909166914
6 Clay,8,2.729,3,false,"","",false,1,1,3,133.65858194858149,321.41566163328946,492.1243431811243,507.47549726681103
