consensus text,line number,line slope,consensus score,line edited (T/F),original transcriber username,line editor username,flagged for low consensus (T/F),page number,column,number of transcribers,line start x,line end x,line start y,line end y
211,1,-8.048000000000002,3,false,"","",false,1,1,3,1007.5362769643837,1084.6016803694351,120.93998682965196,110.04381562169397
[Pencil sketch showing the side profile of the head and neck of a figure of ambiguous gender],2,176.23,3,true,"",LH1980Lancaster,false,1,1,3,258.60527765315936,174.0026956780241,520.2945896239858,527.937835431894
[deletion]25[/deletion],3,,0,true,"",LH1980Lancaster,false,1,1,0,,,,
[deletion]26[/deletion],4,176.23,3,true,"",LH1980Lancaster,false,1,1,4,130.08240756277738,60.490148837343696,504.1774617331378,507.7124769047712
[deletion]15[/deletion],5,176.23,3,false,"","",false,1,1,4,124.39399879347687,62.14728801354471,456.48015231316924,455.8001179737413
[deletion]39[/deletion],6,176.23,3,false,"","",false,1,1,3,126.64703999161364,60.14908269891123,394.68004758118684,400.4259379694047
20,7,176.23,3,false,"","",false,1,1,3,403.7734951789956,332.0674794739115,240.36547468784374,248.49486923703307
