consensus text,line number,line slope,consensus score,line edited (T/F),original transcriber username,line editor username,flagged for low consensus (T/F),page number,column,number of transcribers,line start x,line end x,line start y,line end y
103,1,-8.956999999999994,3,false,"","",false,1,2,3,1046.8420328538796,1164.989923338776,67.42782154375047,49.52662877483209
of the mind - The great,2,-8.956999999999994,4,false,"","",false,1,1,4,61.08299039705548,925.1138673951299,250.0200014442441,103.23022984413092
faculties of the soul have,3,-8.956999999999994,3,false,"","",false,1,1,3,75.40393095466396,991.9450599058983,331.1720662249899,160.51399207456484
nobler objects I should have,4,-8.956999999999994,3,false,"","",false,1,1,3,65.85663724959176,1071.903684520331,392.0361489543648,221.37805204139602
nobler objects than the pursuit,5,-8.956999999999994,3,false,"","",false,1,1,3,58.69615558951557,1136.3479966984714,464.8344057214394,309.69064400730537
of wealth of sensual gratificatons,6,-8.956999999999994,3.8,false,"","",false,1,1,4,64.66321984582169,1071.9036845203304,545.9863794520104,401.58344265943714
& of corporeal luxuries.,7,-8.956999999999994,3,false,"","",false,1,1,3,59.889572993285526,909.5995549588389,633.1055084890623,514.9576635292535
