consensus text,line number,line slope,consensus score,line edited (T/F),original transcriber username,line editor username,flagged for low consensus (T/F),page number,column,number of transcribers,line start x,line end x,line start y,line end y
which exist in strata above them,1,-2.370999999999981,3,false,"","",false,1,1,3,102.60324466228485,1163.6350058317184,198.9413616657257,128.2059109210968
[unclear]But[/unclear] which often contain substances,2,-2.370999999999981,3,false,"","",false,1,1,3,110.33993458747864,1199.002731204033,288.46591651439667,229.88812136650085
highly regular form & very,3,-2.370999999999981,3,false,"","",false,1,1,3,114.76090025901794,1073.0052095651627,376.8852299451828,322.7284004688263
different in aspect.-,4,-2.370999999999981,3.6666666666666665,false,"","",false,1,1,4,116.9713830947876,847.535960316658,474.14647471904755,436.56826651096344
Such is the general [deletion][unclear]xx[/unclear][/deletion],5,-2.370999999999981,3.6,true,deehar,E_L_Bird,false,1,1,4,245.1793875694275,1078.5314166545868,575.8286904096603,534.9347579479218
sketch of the Solid matters of,6,-2.370999999999981,3,false,"","",false,1,1,3,116.9713830947876,1153.687833070755,668.6689695119858,638.8274512290955
"our Globe. & these matters, [deletion]particular[/deletion]",7,-2.370999999999981,3.8333333333333335,false,"","",false,1,1,4,143.49717712402344,1235.4756979942322,746.0358687639236,730.5624889135361
are in a state of slow yet,8,-2.370999999999981,3,false,"","",false,1,1,3,155.65483272075653,1201.2132140398026,832.24469602108,792.4560049772263
continual change.,9,-2.370999999999981,3,false,"","",false,1,1,3,161.18103981018066,704.9598174095154,899.6644225120544,891.9277325868607
