consensus text,line number,line slope,consensus score,line edited (T/F),original transcriber username,line editor username,flagged for low consensus (T/F),page number,column,number of transcribers,line start x,line end x,line start y,line end y
41,1,1.469,3,false,"","",false,1,1,3,935.6942783398446,1020.0509224993649,94.90120405157995,97.06420233234519
"[Pencil sketch of rock formation, labelled with rock types]",2,,0,true,"",E_L_Bird,false,1,1,0,,,,
SB,3,-94.88900000000001,3,false,"","",false,1,1,3,415.8754098529104,415.8754098529104,757.6463570351808,652.741373603553
ZB,4,-94.88900000000001,3,false,"","",false,1,1,3,506.72100759896585,490.4985823768674,835.514047608166,717.6310744919466
Si ,5,-94.88900000000001,3.5,true,"",E_L_Bird,false,1,1,4,596.4850855767581,581.3441388671621,922.0336075369302,834.4324865841422
ZB,6,-94.88900000000001,3,false,"","",false,1,1,3,662.4562649776542,662.4562649776542,930.6856006599912,835.514047608166
S,7,-94.88900000000001,3,false,"","",false,1,1,3,752.2203429554465,745.7313893689114,1127.5176603501766,1077.768906171379
ZB,8,-94.88900000000001,3,false,"","",false,1,1,3,840.9029424207365,833.3325103216993,1077.7689061713793,976.1083582772582
