consensus text,line number,line slope,consensus score,line edited (T/F),original transcriber username,line editor username,flagged for low consensus (T/F),page number,column,number of transcribers,line start x,line end x,line start y,line end y
{Rich in all charms,1,-177.05,3,true,"",E_L_Bird,false,1,1,3,1063.6693802389725,379.20523438932173,1306.3639908677321,1306.3639908677321
of colours figure & grace,2,-177.05,3,false,"","",false,1,1,3,925.146874531305,198.31113870048534,1223.2504874431315,1210.2130751412337
And sweet expression,3,-177.05,3,false,"","",false,1,1,3,1055.5209975502862,343.35235055910175,1107.543453263786,1087.9873348109388
The[deletion]lovely[/deletion[insertion]beauteous[/insertion] living lamp of [unclear]even[/unclear],4,-177.05,3,true,"",E_L_Bird,false,1,1,3,1075.0771160031331,159.19890179479103,938.0570933391103,887.5371206692553
I [unclear]hail[/unclear] thy chaste & tranquil,5,-177.05,3,false,"","",false,1,1,3,1083.2254986918197,172.23631409668906,832.128118386188,784.8674987918074
light,6,-177.05,3,false,"","",false,1,2,3,452.5406785874984,216.23758061559533,732.717849584215,714.7914076691051
A star thou seemest,7,-177.05,3,false,"","",false,1,1,3,1081.5958221540823,377.57555785158434,711.5320545936305,647.9746696218773
[deletion]that from [unclear]heaven[/unclear][/deletion]},8,-177.05,3,true,"",E_L_Bird,false,1,1,4,882.7752845501361,172.23631409668906,590.935990801073,524.1192527538452
