consensus text,line number,line slope,consensus score,line edited (T/F),original transcriber username,line editor username,flagged for low consensus (T/F),page number,column,number of transcribers,line start x,line end x,line start y,line end y
156,1,-1.7080000000000268,1,true,gdb1,FrankPearson,true,1,1,1,427.38892156844344,517.86758817195,132.9927388629858,132.9927388629858
"in a cage of wire gauze, the",2,-1.7080000000000268,1,true,gdb1,FrankPearson,true,1,1,1,477.5337247462905,1460.8079087988576,271.4359998105202,236.5526584694092
firedamp may be entirely consumed,3,-1.7080000000000268,1,true,gdb1,FrankPearson,true,1,1,1,498.24570866757523,1504.4120854752464,356.4641443294783,328.12142948982563
without flame yielding only,4,-1.7080000000000268,1,true,gdb1,FrankPearson,true,1,1,1,479.71393358011,1437.9157160437535,460.02406393590167,403.3386342565962
a beautiful light by the,5,-1.7080000000000268,1,true,"",FrankPearson,true,1,1,1,482.98424683083914,1397.5818526180938,535.2412687026724,503.6282406122904
ignition of solid matter,6,-1.7080000000000268,1,true,gdb1,FrankPearson,true,1,1,1,493.88529099993633,1302.7427683469482,625.719935306179,608.2782646356236
