consensus text,line number,line slope,consensus score,line edited (T/F),original transcriber username,line editor username,flagged for low consensus (T/F),page number,column,number of transcribers,line start x,line end x,line start y,line end y
261,1,87.064,1,true,"",deehar,false,1,1,2,1404.6406511630526,1468.8856204825292,575.9066234085394,840.1761143602365
Hic jacet,2,,0,true,"",deehar,false,1,1,0,,,,
Humphry Davy,3,87.064,1,false,"","",true,1,1,1,1305.554444850446,1314.0222982025714,784.7685963355432,1517.2379112943922
"Eques, Magna Britannice Baronetus,",4,87.064,1,false,"","",true,1,1,1,1206.9894294513751,1224.6289345930988,243.65127629587118,2325.112883019263
Olim Regiae Societ. Londin. Praeses,5,87.064,1,true,"",deehar,true,1,1,1,1076.45709140262,1136.4314088844806,310.6813958344211,2423.894111812915
Summus Arcanorum Naturae indigator,6,87.064,1,true,"",deehar,true,1,1,1,960.036357467244,1012.9548728924149,271.87448452262913,2370.975596387744
Natus Penzantiae Cornubiensum xvij Decemb.MDCCL[insertion]xxviij[/insertion],7,87.064,1,true,"",deehar,true,1,1,1,854.199326616902,903.5899410137283,310.6813958344211,2692.0145899671143
Obiit Genevae Helvetorum xxix Mai MDCCCXXIX.,8,87.064,1,true,"",deehar,true,1,1,1,727.194889596492,783.6413060500076,271.87448452262913,2455.6452210680172
