consensus text,line number,line slope,consensus score,line edited (T/F),original transcriber username,line editor username,flagged for low consensus (T/F),page number,column,number of transcribers,line start x,line end x,line start y,line end y
271,1,-3.5319999999999823,3,false,"","",false,1,1,3,985.1253592611266,1107.902984775017,126.56706996455323,118.98819840987514
Now do not mourn the hours past by,2,177.699,3.5,true,"",LH1980Lancaster,false,1,1,4,968.1667024707212,44.85731610006587,1383.9666307452196,1435.1816003268527
Nor sigh not that they quickly fly,3,177.699,3,true,"",LH1980Lancaster,false,1,1,3,959.621345026579,73.1694121836772,1282.7192459297698,1335.7548121756108
But give to hope & happiness,4,177.699,3,false,"","",false,1,1,3,973.6920180985508,243.09978181726274,1169.0715685840717,1222.1071348299124
Their own enchanting youthful dress.,5,177.699,3,false,"","",false,1,1,3,974.2626849874314,148.42286324438692,1086.7130651582816,1117.019145481438
Nor let the full blown roses waste_,6,177.699,3.875,true,"",LH1980Lancaster,false,1,1,4,990.1679285862114,107.6613192507898,974.9140839803807,1000.5616017711582
Their odours;- let the winds of heaven,7,177.699,3,true,"",LH1980Lancaster,false,1,1,3,996.7576242533448,13.992670908717628,884.556939422245,913.7017877853898
give them their power - & bid them cheer,8,177.699,3,true,"",LH1980Lancaster,false,1,1,3,1033.1002155165038,31.42989781455458,809.9406895535636,825.0983743501732
Thy melancholy mind,9,177.699,3,true,"",LH1980Lancaster,false,1,1,3,1016.4253448556522,509.7974601726519,721.5869681423076,733.2889490575275
