consensus text,line number,line slope,consensus score,line edited (T/F),original transcriber username,line editor username,flagged for low consensus (T/F),page number,column,number of transcribers,line start x,line end x,line start y,line end y
72.96,1,0.154,1,false,"","",true,1,2,1,1060.9084663034002,1377.537419224122,739.2164137086145,755.4218325588877
256 13,2,0.154,1,false,"","",true,1,2,1,1022.2647751989027,1280.304906122483,853.9009163413169,842.6817802142047
[underline]196 06[/underline],3,0.154,1,false,"","",true,1,2,1,989.8539374983563,1398.7291207975563,996.0099739514046,991.0236912282437
525.3. Annuities [unclear]left[/unclear],4,0.154,1,true,"",E_L_Bird,true,1,2,1,1018.5250631565318,1803.8645920543854,1087.0096336490926,1072.0507854796097
726 boy,5,0.154,1,false,"","",true,1,2,1,1023.511345879693,1645.5501155940244,1175.5161519851997,1170.5298692620388
50 Prussian,6,0.154,1,false,"","",true,1,2,1,1098.3055867271075,1667.988387848249,1283.9678012139511,1307.6526441489657
[underline]300[/underline] French,7,0.154,1,true,"",E_L_Bird,true,1,2,1,935.0048275435856,1596.933859043205,1422.337146781668,1429.8165708664096
[underline]£ 1601[/underline],8,0.154,1,false,"","",true,1,2,1,868.9365814617026,1279.0583354416929,1595.6104714115118,1594.3639007307215
