consensus text,line number,line slope,consensus score,line edited (T/F),original transcriber username,line editor username,flagged for low consensus (T/F),page number,column,number of transcribers,line start x,line end x,line start y,line end y
17,1,-0.9449999999999932,3,false,"","",false,1,2,3,1174.9759026599113,1222.4150596834193,127.02473318175679,135.7635929393905
the Carbonate of Ammonia of Commerce -,2,-0.9449999999999932,3.5714285714285716,false,"","",false,1,1,4,90.11593573699122,1147.5110373085636,229.3936209079602,230.6419784204491
- 100 grains of Carbonate of Ammonia,3,-0.9449999999999932,3,false,"","",false,1,1,3,92.61272219601125,1097.5750223919931,346.7432035769366,305.54600079530485
were wrapped in a number of folds of,4,-0.9449999999999932,3,false,"","",false,1,1,3,75.13512173748109,1171.2306634430126,407.91484089881345,369.2144007648543
filtrating paper and gradually exposed to,5,-0.9449999999999932,3,false,"","",false,1,1,3,85.12231519625618,1179.9694279552564,490.3092464620768,430.38603808673116
"Heat, it lost after exposure just in the",6,-0.9449999999999932,3,true,"",E_L_Bird,false,1,1,3,73.88671660229733,1204.9374354135418,530.2580679198721,492.80605673244435
term of its evaporation 25 grains - a few,7,-0.9449999999999932,3.7777777777777777,true,"",E_L_Bird,false,1,1,4,80.12871846686863,1172.4790447668488,606.4104716185642,561.4681724881185
grains of the dried salt were exposed,8,-0.9449999999999932,3.7142857142857144,true,"",E_L_Bird,false,1,1,4,93.86112733119501,1211.179437278113,675.0724921288487,642.6141967275456
to a heat of 260 degrees,9,-0.9449999999999932,3,false,"","",false,1,1,3,98.85472406058261,817.9333198101201,739.9893210449294,715.0213135866442
