consensus text,line number,line slope,consensus score,line edited (T/F),original transcriber username,line editor username,flagged for low consensus (T/F),page number,column,number of transcribers,line start x,line end x,line start y,line end y
"[underline]state was reason for him, & is the",1,179.358,1,true,"",a_s_wolf,true,1,1,1,1766.7723522921247,331.75200220855004,2898.020137230252,2930.8095571270005
is the only animal that has reasons so He is,2,179.358,1,true,"",a_s_wolf,true,1,1,1,1720.4813827510452,243.02765925013182,2795.7942078387396,2811.2245555449417
the only one who has fallen. -,3,179.358,1,true,"",RebekahMM,true,1,1,1,1732.0541343335058,443.62192190941573,2672.3516285273217,2668.493958826054
N[superscript]o[/superscript] 78. Piazza di Poli,4,179.358,1,true,"",RebekahMM,true,1,1,1,1517.9583588186538,198.66556134844905,2406.178470891396,2415.822424411986
"Vicini alle fonte di Trebbia,",5,179.358,1,true,"",RebekahMM,true,1,1,1,1641.400993313217,77.15168812699358,2226.800950123926,2217.156996603336
[underline]Madama Guirridie[/underline],6,179.358,1,true,"",RebekahMM,true,1,1,1,1670.3328538749874,408.9036303732705,1987.6308733822823,2012.7052113978375
Torpedo - on which fish,7,179.358,1,false,"","",true,1,1,1,1548.8189806535315,424.3340148682355,1765.8200343806188,1781.2503452980577
"He feeds, for this organ",8,179.358,1,false,"","",true,1,1,1,1625.970608818252,389.6157233320903,1596.0863935562124,1623.0894928448752
must be for this use,9,179.358,1,false,"","",false,1,1,2,1652.5819284051956,1086.1051370863781,845.8592850013181,853.7804619627739
