consensus text,line number,line slope,consensus score,line edited (T/F),original transcriber username,line editor username,flagged for low consensus (T/F),page number,column,number of transcribers,line start x,line end x,line start y,line end y
681,1,2.492,3,false,"","",false,1,2,3,940.1572681177539,1020.2477788900504,147.38869347792158,155.17527445023816
minutes gained 3 grs more.-  Heated again gained 2.9 grs,2,2.492,2.6363636363636362,true,"",E_L_Bird,true,1,1,3,180.31236779396787,1029.6102183434857,160.19401992507068,229.65679856149603
more. -,3,2.492,2,true,"",E_L_Bird,true,1,1,4,193.27874301133483,374.8080490503398,213.91186768214345,215.76421456974836
Box Papers of the Royal Society,4,2.492,3,false,"","",false,1,1,3,215.05400755331323,886.7761970773515,614.9209591782745,631.5949020467515
Potassium.,5,2.492,3,false,"","",false,1,1,3,228.55197716944983,438.96142425373563,658.5908412790247,658.5908412790247
Glass retort,6,2.492,3,false,"","",false,1,1,3,241.25594590034774,492.15925640012165,710.9946876844793,722.9046555301385
