consensus text,line number,line slope,consensus score,line edited (T/F),original transcriber username,line editor username,flagged for low consensus (T/F),page number,column,number of transcribers,line start x,line end x,line start y,line end y
At -,1,-0.4060000000000059,3,false,"","",false,1,1,6,447.07386276647026,603.2495963981235,239.5252375503879,239.52222986842946
Penzance,2,-0.4060000000000059,3,true,"",E_L_Bird,false,1,1,6,360.0938322529331,632.3419881734511,335.9932947780984,329.19628791541646
At Bristol,3,-0.4060000000000059,6,true,E_L_Bird,E_L_Bird,false,1,1,6,328.5781067757898,741.8304452017635,575.0007199871777,550.8932504376119
