consensus text,line number,line slope,consensus score,line edited (T/F),original transcriber username,line editor username,flagged for low consensus (T/F),page number,column,number of transcribers,line start x,line end x,line start y,line end y
Phosphuret of Lime is a nonconductor,1,1.879,4,false,"","",false,1,1,4,498.81700041158444,1364.1661307755808,187.21777567141208,221.79108101246442
of Electricity when tried after [unclear]x[/unclear] recently made,2,1.879,8.25,false,"","",false,1,1,9,503.90130773878707,1361.11551534711,260.431808941167,260.431808941167
[Horizontal rule],3,1.879,3.6666666666666665,true,"",E_L_Bird,false,1,1,4,850.6510519379306,1201.4682963050973,293.9882295426669,330.59526557263763
[underline]Wanted from M[superscript]r[/superscript] Allen's[/underline],4,1.879,4,false,"","",false,1,1,4,458.3139011654873,1188.4204449888382,1003.7987494285762,1020.0685367546432
Oxymu[superscript][unclear]e[/unclear][/superscript]. of Potash,5,1.879,3.3333333333333335,false,"","",false,1,1,4,418.6563078923256,964.7109225919232,1092.265704679939,1093.2825700243982
[deletion]Potash[/deletion] Phosphorus - Alcohol,6,1.879,3.75,false,"","",false,1,1,4,453.2295938382847,1334.848511528348,1157.3448345891138,1189.8844092412478
Nitros acid - Potassium. -,7,1.879,4,false,"","",false,1,1,4,478.65113047429776,1333.3232038141125,1197.5108702320517,1224.9661181618899
Phosphoric Acid,8,1.879,4,false,"","",false,1,1,4,477.6342651298386,854.8898920823842,1290.553690440841,1309.874054405192
Oxide of Manganese,9,1.879,4,false,"","",false,1,1,4,525.4267617635804,928.1039253521391,1361.7339736265842,1366.8182809537868
