consensus text,line number,line slope,consensus score,line edited (T/F),original transcriber username,line editor username,flagged for low consensus (T/F),page number,column,number of transcribers,line start x,line end x,line start y,line end y
[horizontal rule],1,-0.09699999999997999,3,false,"","",false,1,1,3,253.33753903058138,608.7106901103823,127.51249693774933,133.9041005498466
£ 2 . 8 . 6,2,-0.09699999999997999,3,true,Fierengraw,E_L_Bird,false,1,1,5,127.21627428906018,582.0126346672673,244.6101925537999,225.43841771972586
[horizontal rule],3,-0.09699999999997999,3,false,"","",false,1,1,3,289.541315813493,593.8759085989793,281.818757457428,287.6266693643615
