consensus text,line number,line slope,consensus score,line edited (T/F),original transcriber username,line editor username,flagged for low consensus (T/F),page number,column,number of transcribers,line start x,line end x,line start y,line end y
85,1,0,3,true,TEHark,FrankPearson,false,1,1,3,1156.9916756153107,1205.949168920517,84.56164383888245,84.56164383888245
The noble form the potent will,2,178.112,3,true,TEHark,FrankPearson,false,1,1,3,1158.7201606035233,307.77668845653534,559.3408643007278,569.537354707718
Fixed in the majesty of heaven,3,178.112,3,true,TEHark,FrankPearson,false,1,1,3,1154.0853922367096,289.2376149892807,466.6454969644547,508.3584122657777
And that a softer charm has fled,4,178.112,3,true,"",FrankPearson,false,1,1,3,1153.1584385633469,254.94032907485962,392.48920309543615,424.9325816631319
[deletion][unclear]x[/unclear][/deletion] Oh Cythereas radiant head,5,178.112,3.8,true,deehar,FrankPearson,false,1,1,4,1122.5917763710022,421.81479930877674,306.9552984237671,345.88735270500194
And kindled in her grecian face,6,178.112,3,true,TEHark,FrankPearson,false,1,1,3,1089.2557440400124,280.1117099523543,238.0426185131073,276.1573522090913
The immortality of Grace.,7,178.112,3,true,TEHark,FrankPearson,false,1,1,3,1069.4043202400208,394.455911040306,170.54777759313583,169.75372064113628
