consensus text,line number,line slope,consensus score,line edited (T/F),original transcriber username,line editor username,flagged for low consensus (T/F),page number,column,number of transcribers,line start x,line end x,line start y,line end y
In discovering whether the Changes are,1,176.179,3,false,"","",false,1,1,3,819.5212987661362,152.65200293064117,1089.0560578107834,1125.9222965240479
different from those inorganised matter,2,176.179,3,false,"","",false,1,1,3,831.810045003891,89.56977224349976,1033.3470748662949,1075.9480618238451
would undergo we shall be able,3,176.179,3,false,"","",false,1,1,3,827.7137962579727,191.9759908914566,990.7460879087448,1039.901072859764
to detect principles at present unknown,4,176.179,3,false,"","",false,1,1,3,830.1715455055237,101.03926873207092,951.4220999479294,1002.2155843973161
to us. & properties of being which,5,176.179,3,false,"","",false,1,1,3,836.8024026512013,63.97721623860798,912.0268959524724,957.4368015842547
chemistry has not acquainted us,6,176.179,3,false,"","",false,1,1,3,810.509551525116,128.07451045513153,870.6304476261139,913.231434583664
with. -,7,176.179,3,false,"","",false,1,1,3,808.051802277565,667.1408454179764,829.6678884029388,839.4988853931427
227,8,176.179,3,false,"","",false,1,1,3,877.6880309581757,818.7020490169525,170.99115478992468,176.72590303421026
