consensus text,line number,line slope,consensus score,line edited (T/F),original transcriber username,line editor username,flagged for low consensus (T/F),page number,column,number of transcribers,line start x,line end x,line start y,line end y
Will burn in 9 air. 2.3/4 gas,1,1.055,3.857142857142857,false,"","",false,1,1,4,425.94560705929086,911.6508690217923,176.11228919957847,172.58412785489685
[unclear]With[/unclear] 10 air. 1 gas burnd on the wire gauze,2,1.055,3.8,false,"","",false,1,1,4,428.2976996682669,1116.2821633413137,236.09040398507517,250.20291477649647
[unclear]With[/unclear] 11 air 1 gas burnd at the wick,3,1.055,3.4444444444444446,false,"","",false,1,1,4,417.7133502215272,1041.01546902869,307.82893695301715,316.06123865321575
[unclear]with samples[/unclear] of 1 of gas and smaller quantities between,4,1.055,3.5,false,"","",false,1,1,4,424.7695831860203,1198.6050906184303,373.6873056921715,405.44044375726065
10 & 11 of air it burned sometimes on the wick and sometimes,5,1.055,3.769230769230769,false,"","",false,1,1,4,422.4174905770443,1197.4290667451598,444.24981478684293,476.00290798949703
on the wire,6,1.055,3.3333333333333335,false,"","",false,1,1,4,420.06539796806817,608.2321337496271,510.10813866356233,510.10813866356233
