consensus text,line number,line slope,consensus score,line edited (T/F),original transcriber username,line editor username,flagged for low consensus (T/F),page number,column,number of transcribers,line start x,line end x,line start y,line end y
45,1,-7.600999999999999,3,false,"","",false,1,2,3,943.4040488686984,1014.8639350769639,136.62700127905438,125.20557491289199
13 Sep[superscript]r[/superscript] Sir W Wyne,2,-7.600999999999999,3.4285714285714284,true,TEHark,E_L_Bird,false,1,1,4,158.51409165086227,943.7640365192079,306.9245357914701,222.72482688660523
1 foot in 70,3,96.532,3,false,"","",false,1,1,3,952.3990649671416,893.2301856834122,448.5165615489789,1040.3128831649979
[pencil lines crossing the page],4,,0,true,"",E_L_Bird,false,1,1,0,,,,
100,5,96.532,3,false,"","",false,1,1,3,524.4999779473383,492.90989282406395,652.5874829091871,881.2637939399285
70,6,96.532,3,false,"","",false,1,1,3,381.1781414016673,365.296608300622,729.4939355180169,880.0295505667533
