consensus text,line number,line slope,consensus score,line edited (T/F),original transcriber username,line editor username,flagged for low consensus (T/F),page number,column,number of transcribers,line start x,line end x,line start y,line end y
presence is absolutely disproved.-,1,-0.7719999999999914,3,false,"","",false,1,1,3,172.13249495076997,802.7981517714381,176.62206513506692,171.2698813430952
The men who have formed their opinions,2,-0.7719999999999914,3,false,"","",false,1,1,3,196.21732201464272,990.1245844904486,231.03593368677946,215.8714129428596
"from the bibles of Stahl & Lavoisier, I",3,-0.7719999999999914,3,false,"","",false,1,1,3,181.0528012707228,959.7955430026088,283.66574097450143,246.20045443069932
do not ask to be my critics. It is to,4,-0.7719999999999914,3,false,"","",false,1,1,3,181.0528012707228,989.2325538584532,311.3186905663553,288.12589413447785
the liberal and enlightened that I appeal.,5,-0.7719999999999914,3,true,"",E_L_Bird,false,1,1,3,192.64919948666153,968.7158493225616,364.84052848607257,349.6760077421527
My first publication,6,-0.7719999999999914,3,false,"","",false,1,1,3,180.1607706387275,553.0295748127577,426.3906420937474,442.4471934696626
