consensus text,line number,line slope,consensus score,line edited (T/F),original transcriber username,line editor username,flagged for low consensus (T/F),page number,column,number of transcribers,line start x,line end x,line start y,line end y
1 Grain of Lead,1,-0.5260000000000105,2,false,"","",true,1,1,2,320.9787042847014,711.34729074483,141.07114940555326,119.21050681653102
2 Cub. In . Entered became red hot,2,-0.5260000000000105,2,false,"","",true,1,1,2,339.7163865866228,1088.183029439017,210.8169845117458,186.87438825316067
absorbed not quite 6/10 of Cub. In.,3,-0.5260000000000105,2,false,"","",true,1,1,2,420.9130363685099,1166.2567387889742,276.39889242364154,286.80872033696915
1 Grain of Antimony,4,-0.5260000000000105,2,false,"","",true,1,1,2,307.44593593944387,729.0439664292134,585.570789391541,587.6527629162749
1 1/10 Cub In of gas Entered,5,-0.5260000000000105,2,false,"","",true,1,1,2,351.16722111748845,920.5848159185788,632.4150348566864,625.1281473752886
After exp[superscript]t[/superscript]. was completed the retort,6,-0.5260000000000105,2,false,"","",true,1,1,2,313.6918168033036,1087.142062531821,681.3412141362237,678.2182538491227
was not tight. ,7,-0.5260000000000105,2.6,true,"",E_L_Bird,true,1,1,3,340.75739320416073,828.9782985130219,720.8985522648003,731.4125623692339
