consensus text,line number,line slope,consensus score,line edited (T/F),original transcriber username,line editor username,flagged for low consensus (T/F),page number,column,number of transcribers,line start x,line end x,line start y,line end y
"when I [unclear]return }[/unclear]. [underline]+[/underline],",1,174.714,3,true,TEHark,FrankPearson,false,1,1,3,1181.2576117905958,676.7375239609133,1525.3711617517347,1546.3531232813066
6.12,2,174.714,3,true,"",FrankPearson,false,1,2,3,507.53720971415146,303.8722673375904,1324.1847985026232,1383.6329389416915
[underline]1[/underline],3,174.714,3,true,"",FrankPearson,false,1,2,3,491.0238373699658,351.2106349874647,1232.8107880665248,1280.149105321586
On the road to,4,174.714,3,true,TEHark,FrankPearson,false,1,1,3,1088.4322908428076,430.09919685287616,1035.7871702655616,1044.5942937833252
the Baths of Lucca,5,174.714,3,true,TEHark,FrankPearson,false,1,1,3,1086.2305162627183,361.8438573038245,940.0096106692847,967.5318811113232
layers of Limestone,6,174.714,3,true,TEHark,FrankPearson,false,1,1,3,1091.7349653116448,399.27420154718743,836.5257770491792,875.0569959838834
& chert very near,7,174.714,3,true,TEHark,FrankPearson,false,1,1,3,1107.7942952976175,289.83185132253607,750.1154410459341,764.4270640074371
each other & almost,8,174.714,3,true,TEHark,FrankPearson,false,1,1,3,1067.061301782824,230.38371088346753,649.9343322894786,675.2548533488343
blended & much twisted,9,174.714,3,true,TEHark,FrankPearson,false,1,1,3,1068.162201671572,274.41940406450476,558.5603218533801,577.2754939750616
