consensus text,line number,line slope,consensus score,line edited (T/F),original transcriber username,line editor username,flagged for low consensus (T/F),page number,column,number of transcribers,line start x,line end x,line start y,line end y
- The Hils of Adge presents perfectly,1,179.158,4.857142857142857,true,deehar,FrankPearson,false,1,1,5,1256.076382637024,236.74006915092468,556.1508963108063,563.639133691788
characterised lavas; but no [deletion][unclear]xxxxx[[/unclear]/deletion],2,179.158,3.6,true,E_L_Bird,FrankPearson,false,1,1,4,1255.9318361282349,257.1881754398346,473.68682885169983,500.83168935775774
distinct basaltic formations The summit,3,179.158,5.666666666666667,true,E_L_Bird,FrankPearson,false,1,1,7,1245.6694275140762,155.1815596818924,400.61647951602936,429.20604908466356
is almost entirely composed of Scoriae,4,179.158,5.428571428571429,true,lancedavis,FrankPearson,false,1,1,7,1242.1270158290863,145.10023951530457,336.01793241500854,350.0583775043489
& the [unclear]currents[/unclear] of lava present,5,179.158,3,true,TEHark,FrankPearson,false,1,1,3,1248.537784576416,309.1662130355835,265.4275124073029,266.44856846332567
no remarkable chrystallizations.,6,179.158,3,true,deehar,FrankPearson,false,1,1,3,1250.6500998735428,326.82015454769135,192.34870934486392,198.3924566507341
The Hills of S[superscript]t[/superscript] Thibery are much more,7,179.158,3,true,TEHark,FrankPearson,false,1,1,3,1242.3118705749512,146.99526977539062,95.17549133300781,114.273319244385
