consensus text,line number,line slope,consensus score,line edited (T/F),original transcriber username,line editor username,flagged for low consensus (T/F),page number,column,number of transcribers,line start x,line end x,line start y,line end y
187,1,-0.9390000000000214,3,false,"","",false,1,1,3,1097.3205207586288,1164.7402472496033,132.07206296920776,130.96682155132294
{the ammonia was gradually absorbed,2,-178.412,3,true,"",E_L_Bird,false,1,1,3,1128.680676162243,196.36043512821198,600.9599615931511,590.8360497951509
producing heat; & white fumes sometimes,3,-178.412,3,false,"","",false,1,1,3,1099.229296386242,180.71438962221146,528.2519093155861,510.7651525735856
rose into the gas holder so,4,-178.412,3,false,"","",false,1,1,3,1091.8664514422417,304.04204243421555,461.06593620777136,441.7384682297708
that it was necessary from time,5,-178.412,3,false,"","",false,1,1,3,1090.0257402062416,190.8383014202118,391.1188962459565,382.83569568395626
to time to cut off the communication.,6,-178.412,3,false,"","",false,1,1,3,1090.0257402062416,84.99740535020828,328.53470122814184,309.2072332501413
- Ammoniacal gas was supplied.,7,-178.412,3,false,"","",false,1,1,3,1073.883540213108,196.04916644096375,258.80325126647944,232.48678332567226
till no more absorption [deletion]would[/deletion],8,-178.412,3.8,false,"","",false,1,1,4,1088.7591724395752,152.619691491127,190.31736862659454,153.84440183639538
[deletion]be produced[/deletion] took place.},9,-178.412,3,true,"",E_L_Bird,false,1,1,3,1076.829492866993,341.46535408496845,124.80519807338715,73.26528346538555
