consensus text,line number,line slope,consensus score,line edited (T/F),original transcriber username,line editor username,flagged for low consensus (T/F),page number,column,number of transcribers,line start x,line end x,line start y,line end y
179,1,-0.9390000000000214,3,true,TEHark,FrankPearson,false,1,1,3,1089.204826116562,1154.6110295057297,82.56191766262054,81.48968482017517
Sand limestone,2,178.578,2.5,true,E_L_Bird,FrankPearson,true,1,1,7,1089.444171667099,755.2961947917938,489.64943146705633,496.78934550285345
The stones reddened & baked,3,178.578,3,true,Leander,FrankPearson,false,1,1,3,959.4015154838562,341.0849599838257,398.66159963607794,412.2274363040925
for 10 feet below the lava,4,178.578,3,true,Leander,FrankPearson,false,1,1,3,1101.4858047962189,416.05405735969543,306.55670857429504,327.2624592781068
Bessan - [deletion]2 mile[/deletion] 2 miles,5,178.578,3,true,TEHark,FrankPearson,false,1,1,3,1078.8558963537216,258.59777188301086,181.1460498571396,190.79614543914806
The volcanic plateau - 8 to 12,6,178.578,3,true,TEHark,FrankPearson,false,1,1,3,1037.038815498352,104.19624257087708,98.58412098884583,111.45091509819042
[unclear]blast[/unclear] in the [unclear]xxxxx[/unclear],7,178.578,3.25,true,E_L_Bird,FrankPearson,false,1,2,4,549.5331653356552,66.87725991010666,22.68023848533636,46.77956247329723
