consensus text,line number,line slope,consensus score,line edited (T/F),original transcriber username,line editor username,flagged for low consensus (T/F),page number,column,number of transcribers,line start x,line end x,line start y,line end y
the dephlogistication [/unclear] of Nitrous acid by,1,0.027,3.2857142857142856,false,"","",false,1,1,4,178.4399809623362,973.565173380207,198.03022381940647,197.0288220001494
heat depends upon the increased,2,0.027,3,false,"","",false,1,1,3,191.45839561783148,951.5339513462446,257.11384798030997,249.10251882316143
attraction of Nitrous gas for Nitrous,3,0.027,3,false,"","",false,1,1,3,198.46832295572304,936.5126948512046,297.17060836914516,298.1719337863408
acid -,4,0.027,3,false,"","",false,1,1,3,193.4612374573763,600.0365646427175,351.2470706296406,356.25415612798724
