consensus text,line number,line slope,consensus score,line edited (T/F),original transcriber username,line editor username,flagged for low consensus (T/F),page number,column,number of transcribers,line start x,line end x,line start y,line end y
1 1/4 Grn Potass[superscript]m[/superscript]~,1,-0.73599999999999,3.5,false,"","",false,1,1,4,377.9049363528702,797.9371822187737,138.6540662551821,125.62983231401495
[underline]fluoboric gas.[/underline],2,-0.73599999999999,3,false,"","",false,1,1,4,423.48984312832397,828.3271476710743,195.09252029131554,191.83644369221253
The potass.[superscript]m[/superscript] burnt with great brilliancy },3,-0.73599999999999,1.8571428571428572,false,"","",true,1,1,2,310.61293505605715,1080.1294109964438,279.7501806440171,260.2138038553932
in this gas & a great absorption },4,-0.73599999999999,3.875,false,"","",false,1,1,4,316.0397086863969,988.9596802515302,304.71335176447934,310.14012539481917
took place. - the retort broke - },5,-0.73599999999999,3.75,false,"","",false,1,1,4,351.85640636604023,1032.3738692942488,389.3710328186795,383.9442591883397
20 grains of boracic Acid. -,6,-0.73599999999999,3,false,"","",false,1,1,3,338.8321413726253,939.0332966076087,662.8804072266071,646.6000863355877
4 3/4 Cub. In. of gas given off. -,7,-0.73599999999999,3,false,"","",false,1,1,3,307.35687915845267,1061.678413775686,790.9522566220271,776.8426534637431
Mercury stands at about 16 1/2,8,-0.73599999999999,3,false,"","",false,1,1,3,278.0522932740182,985.7035829509286,1009.1085814034857,1023.2181845617697
},9,90.18,3,false,"","",false,1,1,3,1091.313304853153,1090.4093353870342,83.74580580278217,372.1164794754377
