consensus text,line number,line slope,consensus score,line edited (T/F),original transcriber username,line editor username,flagged for low consensus (T/F),page number,column,number of transcribers,line start x,line end x,line start y,line end y
the centre of the earth so every,1,-0.8919999999999959,2,true,bookmeg,FrankPearson,false,1,1,2,486.8962799576895,1823.2218351460363,607.9769915186733,607.9769915186733
tubular system filled with fluid,2,-0.8919999999999959,2.8,true,Carla14,FrankPearson,false,1,1,3,493.63710642520385,1821.9920955749967,748.4243710771738,736.7890638465658
matter will in its expansion,3,-0.8919999999999959,2,true,"",FrankPearson,false,1,1,2,530.4819809125231,1777.3903372714765,870.5941538201921,855.0806081121115
obey this influence. [deletion]& will[/deletion],4,-0.8919999999999959,2,true,"",FrankPearson,false,1,1,2,540.1780024611538,1672.6732749563555,990.8248728055545,944.2839397822175
