consensus text,line number,line slope,consensus score,line edited (T/F),original transcriber username,line editor username,flagged for low consensus (T/F),page number,column,number of transcribers,line start x,line end x,line start y,line end y
8,1,-2.1270000000000095,1,false,"","",true,1,2,1,1460.9468507766724,1517.5930280685425,317.2605781555176,301.5255289077759
[deletion]left then molecules arranged themselves[/deletion],2,-2.1270000000000095,1,false,"","",true,1,1,1,91.99756622314453,1549.0631265640259,433.8048858642578,411.77581691741943
[deletion]polyedral form[/deletion] [underline]The third fact[/underline] is,3,-2.1270000000000095,1,false,"","",true,1,1,1,47.93942832946777,1545.9161167144775,585.9627485275269,563.9336795806885
that all c[deletion]h[/deletion]rystal[insertion]l[/insertion]ine bodies present,4,-2.1270000000000095,1,false,"","",true,1,1,1,51.08643817901611,1505.0049886703491,704.762375831604,682.7333068847656
regular electrical poles. And the,5,-2.1270000000000095,1,false,"","",true,1,1,1,38.498398780822754,1505.0049886703491,846.6925535202026,840.398533821106
"[underline]fourth[/underline] is, that the elements of bodies",6,-2.1270000000000095,1,true,"",sruston,true,1,1,1,32.204379081726074,1542.7691068649292,1022.9775323867798,1004.0954732894897
are capable of being separated from,7,-2.1270000000000095,1,false,"","",true,1,1,1,20.140875816345215,1549.5876626968384,1146.55011844635,1152.8441381454468
each other by certain electrical attraction,8,-2.1270000000000095,1,false,"","",true,1,1,1,32.204379081726074,1539.6220970153809,1299.4423484802246,1302.589358329773
& repulsions.,9,-2.1270000000000095,1,false,"","",true,1,1,1,45.316954612731934,457.57524490356445,1447.7189636230469,1444.5719537734985
