consensus text,line number,line slope,consensus score,line edited (T/F),original transcriber username,line editor username,flagged for low consensus (T/F),page number,column,number of transcribers,line start x,line end x,line start y,line end y
- The Amalgam of the,1,1.592,3,false,"","",false,1,1,3,166.67328214645386,1118.3398489952087,255.6826138496399,301.0940890312195
Bases of Soda & Quicksilver,2,1.592,3,false,"","",false,1,1,3,129.15945482254028,1145.9816164970398,337.6207103729248,379.0833616256714
likewise combines,3,1.592,3,false,"","",false,1,1,3,187.40460777282715,921.8858585357666,420.54601287841797,439.30292654037476
with Sulphur &,4,1.592,3,false,"","",false,1,1,3,193.32784366607666,1010.7343969345093,529.1386723518372,563.690881729126
forms a triple,5,1.592,3,false,"","",false,1,1,3,250.58579063415527,909.0521807670593,663.3986859321594,671.2963337898254
compound of,6,1.592,3,false,"","",false,1,1,3,251.57299661636353,825.1396722793579,751.2600178718567,772.9785494804382
a dark grey,7,1.592,3,false,"","",false,1,1,3,222.94402313232422,861.6662936210632,868.7375297546387,895.3920912742615
colour. - . -,8,1.592,3,false,"","",false,1,1,3,289.0868239402771,897.2057089805603,991.1510715484619,1004.9719552993774
61,9,1.592,3,false,"","",false,1,1,3,91.64562749862671,155.8140163421631,1696.0161752700806,1695.0289692878723
