consensus text,line number,line slope,consensus score,line edited (T/F),original transcriber username,line editor username,flagged for low consensus (T/F),page number,column,number of transcribers,line start x,line end x,line start y,line end y
151,1,-5.041999999999973,3,false,"","",false,1,1,3,830.3624975666664,898.4588909050063,150.9636354153596,144.95514809775585
extraordinary effects are fully detailed,2,177.814,3,false,"","",false,1,1,3,847.5430216688312,124.51986806735908,1123.965494964284,1156.0108879949398
in the following pages [deletion][unclear]xx[/unclear][/deletion] its,3,177.814,3,false,"","",false,1,1,3,844.5387780100293,144.548210060746,1074.89609910162,1114.9527830883937
composition properties & mode of,4,177.814,3,false,"","",false,1,1,3,844.5387780100293,125.52126988661621,1040.8479215329653,1056.8705798472627
operation are likewise fully investigated.,5,177.814,3,false,"","",false,1,1,3,813.494863200692,85.4645858998424,977.7586327934875,998.7883766061315
