consensus text,line number,line slope,consensus score,line edited (T/F),original transcriber username,line editor username,flagged for low consensus (T/F),page number,column,number of transcribers,line start x,line end x,line start y,line end y
[underline]Beryll. in the G[superscript]e[/superscript]. Rock[/underline]. - Devils Glen.,1,-0.7989999999999782,3.5,false,"","",false,1,1,4,43.92682147026062,1046.3403905630112,161.00199961662292,147.7688171863556
[deletion]G[/deletion] [underline]Clorite & feldspar Shist[/underline] - - Glen of the,2,-0.7989999999999782,3.5833333333333335,true,"",Fierengraw,false,1,1,4,51.646177887916565,1086.0399378538132,250.32598102092743,233.78450298309326
Downs [underline]feldspar Shist[/underline]. /- [underline]Sugar loafs[/underline],3,-0.7989999999999782,3.8333333333333335,false,"","",false,1,1,4,81.42083835601807,1103.6841810941696,339.64996242523193,330.8278408050537
compact feldspar with Quartz. -,4,-0.7989999999999782,3.8,false,"","",false,1,1,4,123.32591605186462,1140.0754327774048,433.38500463962555,405.8158745765686
Power court & Dargle Rocks - feldspar,5,-0.7989999999999782,3.2857142857142856,false,"","",false,1,1,4,105.68167281150818,1208.446875333786,513.8868668079376,489.6260323524475
[underline]Shist[/underline] .- At the Scalp all granite,6,-0.7989999999999782,3.5,true,"",Fierengraw,false,1,1,4,106.78443801403046,1184.186040878296,601.0053178071976,584.4638397693634
except a shist. country on the,7,-0.7989999999999782,3,false,"","",false,1,1,3,111.19549882411957,1079.4233466386795,680.4044122695923,670.4795254468918
"right [underline]hand side[/underline] tow[superscript]ds[/superscript] Dublin, [unclear]there[/unclear] a",8,-0.7989999999999782,3.5714285714285716,true,"",Fierengraw,false,1,1,4,104.5789076089859,1229.3994141817093,759.8035068511963,760.9062720537186
