consensus text,line number,line slope,consensus score,line edited (T/F),original transcriber username,line editor username,flagged for low consensus (T/F),page number,column,number of transcribers,line start x,line end x,line start y,line end y
Soft as the silver clouds of,1,0.493,4,false,"","",false,1,1,4,217.38162231445312,848.016845703125,331.8606872558594,338.4790344238281
Morning glide,2,0.493,4,false,"","",false,1,1,4,654.1934204101562,987.00244140625,417.8993835449219,431.1361083984375
Oe'r the calm bosom of the orient tide,3,0.493,3.875,false,"","",false,1,1,4,216.43614196777344,1012.5303955078125,483.13751220703125,512.4473876953125
"I, [unclear]nourse[/unclear]",4,0.493,2.5,true,"",aplacey,true,1,1,6,162.5437774658203,447.13330078125,620.2321166992188,622.1231079101562
Thou Soother of the Miseries,5,0.493,3.8,true,"",aplacey,false,1,1,4,198.47203063964844,1021.9852294921875,741.2536010742188,721.3984985351562
- of Man -,6,0.493,4,true,"",aplacey,false,1,1,4,265.6011047363281,813.9795532226562,808.3826904296875,810.2736206054688
"Oh for one spa,",7,0.493,4,false,"","",false,1,1,4,198.47203063964844,602.1920166015625,921.8402709960938,911.4400024414062
Oh for one spark of thy celestial fire,8,0.493,3,false,"","",false,1,1,3,354.47625732421875,962.4199829101562,1410.653564453125,1411.5989990234375
To warm to animate my rising lay,9,0.493,5.571428571428571,false,"","",false,1,1,6,348.8033752441406,1040.894775390625,1481.5645751953125,1501.419677734375
