consensus text,line number,line slope,consensus score,line edited (T/F),original transcriber username,line editor username,flagged for low consensus (T/F),page number,column,number of transcribers,line start x,line end x,line start y,line end y
Sketches of the,1,0.798,3.3333333333333335,false,"","",false,1,1,4,306.9435544013977,1023.8674509525299,611.2299807071686,632.1693434715271
geology of Cornwal,2,0.798,3,false,"","",false,1,1,3,147.40555238723755,1037.827026128769,766.7795326709747,782.7333328723907
if it were possible,3,0.798,3,false,"","",false,1,1,3,202.2467405796051,1083.69420170784,911.3608469963074,928.3117597103119
to consider,4,0.798,3,false,"","",false,1,1,3,183.30160284042358,746.6701724529266,1071.895961523056,1065.913286447525
