consensus text,line number,line slope,consensus score,line edited (T/F),original transcriber username,line editor username,flagged for low consensus (T/F),page number,column,number of transcribers,line start x,line end x,line start y,line end y
One of the more common,1,-0.33199999999999363,1,false,"","",true,1,1,1,674.4294725312081,2406.2542492115354,857.1471265887332,792.3935572510435
species of the primitive,2,-0.33199999999999363,2,false,"","",false,1,1,2,633.2231910833757,2323.5889561513573,1025.727759489319,1007.0100874974992
Rocks is granite -,3,-0.33199999999999363,1.5,false,"","",false,1,1,2,647.3166926225344,1953.4608905940167,1202.170314621464,1197.0219733900183
The Word signifies granulated,4,-0.33199999999999363,1.75,false,"","",false,1,1,2,671.0520471823497,2701.467108431765,1444.475876853049,1458.8904348826436
|_& when -,5,-0.33199999999999363,1,true,"",deehar,true,1,1,1,549.9125262421273,1435.7907627711688,1700.109342197341,1714.5530090972711
