consensus text,line number,line slope,consensus score,line edited (T/F),original transcriber username,line editor username,flagged for low consensus (T/F),page number,column,number of transcribers,line start x,line end x,line start y,line end y
Quo fata Vocant,1,1.766,3,false,"","",false,1,1,5,315.90274047851574,984.4574501514437,356.36250948905933,376.9787340164182
{In the remembrance of the,2,178.305,3,true,"",E_L_Bird,false,1,1,3,1013.7945914268494,293.20845794677734,1245.6089172363281,1257.3896169662476
"elder time ,",3,178.305,3,false,"","",false,1,1,3,829.2302956581116,526.8590025901794,1168.0526440143585,1180.8150687217712
There is a use & fitness,4,178.305,3,false,"","",false,1,1,3,1005.9407916069031,293.20845794677734,1066.93497133255,1103.2587954998016
Mighty deeds,5,178.305,3,false,"","",false,1,1,3,613.2508006095885,250.99428391456604,990.3604230880738,988.3969731330873
And generous actions},6,178.305,3,true,"",E_L_Bird,false,1,1,3,1025.5752911567688,556.3107519149779,869.6082508563995,890.2244753837587
