consensus text,line number,line slope,consensus score,line edited (T/F),original transcriber username,line editor username,flagged for low consensus (T/F),page number,column,number of transcribers,line start x,line end x,line start y,line end y
29,1,-1.0529999999999973,3,false,"","",false,1,2,3,914.2766342163086,989.2031371593475,82.75332736968994,78.5321159362793
"With thee for ever could I stay,",2,-1.0529999999999973,4,false,"","",false,1,1,4,232.5509877204895,916.3872399330139,610.3695840835571,613.5354926586151
"Thy presence makes all nature glad,",3,-1.0529999999999973,4,false,"","",false,1,1,4,226.21917057037354,974.4288971424103,735.9506242275238,725.3975956439972
"With thee pass each successive day,",4,-1.0529999999999973,4,false,"","",false,1,1,4,229.38507914543152,987.0925314426422,841.4809100627899,834.0937900543213
Nor ever feel one moment sad.,5,-1.0529999999999973,4,false,"","",false,1,1,4,246.2699248790741,965.986474275589,943.845287322998,947.011195898056
"Oh! ev'ry moment seems an age,",6,-1.0529999999999973,4,false,"","",false,1,1,4,231.49568486213684,1000.8114686012268,1112.0254004001617,1100.4170689582825
"Now that I'm far my love from thee,",7,-1.0529999999999973,4,false,"","",false,1,1,4,245.21462202072144,1017.6963143348694,1214.6360034942627,1200.917066335678
"But thoughts of meeting thee assuage,",8,-1.0529999999999973,4,false,"","",false,1,1,4,223.05326199531555,1017.6963143348694,1300.2386479377747,1282.2984993457794
The grief which else would fatal be.,9,-1.0529999999999973,4,false,"","",false,1,1,4,230.44038200378418,1016.6410114765167,1402.339227437973,1371.7354445457458
