consensus text,line number,line slope,consensus score,line edited (T/F),original transcriber username,line editor username,flagged for low consensus (T/F),page number,column,number of transcribers,line start x,line end x,line start y,line end y
67,1,0,3,true,TEHark,Fierengraw,false,1,1,3,960.9120817184448,1035.6409287452698,110.67073345184326,110.67073345184326
View of Kinbane,2,90.535,3,false,"","",false,1,1,3,869.6870672702789,879.1398220062256,674.6586410999298,1132.4420490264893
"[Pencil sketch of cliffs and coast, with a bay to the left filled with small houses. Fields sweep away behind them. The cliff rocks are labelled as below]",3,,0,true,"",Fierengraw,false,1,1,0,,,,
B,4,90.535,3,false,"","",false,1,1,3,398.1193072795868,399.89231592416763,911.1805337667465,956.6877556443214
B,5,90.535,3,false,"","",false,1,1,3,386.8545723557472,386.8545723557472,1300.6180679798126,1323.0761774778366
C C C,6,90.535,3,false,"","",false,1,1,3,354.34941387176514,347.8483821749688,1249.2008172869682,1470.2358949780464
B,7,90.535,3,false,"","",false,1,1,3,352.5764052271843,349.0303879380226,1126.8632208108902,1161.73239082098
C,8,90.535,3,false,"","",false,1,1,3,331.9269971847534,332.51800006628036,919.4545741081238,958.4607642889023
