consensus text,line number,line slope,consensus score,line edited (T/F),original transcriber username,line editor username,flagged for low consensus (T/F),page number,column,number of transcribers,line start x,line end x,line start y,line end y
Presented,1,-1.1449999999999818,1,false,"","",true,1,2,1,745.7359443442413,1342.2222107704201,845.270688681638,830.9221592373099
by,2,-1.1449999999999818,1,false,"","",true,1,2,1,860.5236794640557,1024.5061582066478,921.1125225457356,908.8138366400411
Michael Faraday.,3,-1.1449999999999818,1,false,"","",true,1,2,1,936.3655758825046,1479.557536717341,1027.7011337284205,1021.5517907755733
April 2. 1849.,4,-1.1449999999999818,1,false,"","",true,1,2,1,915.8677660396806,1772.6762174697244,1208.081860345272,1228.5796701880959
[underline]M Faraday[/underline],5,-1.1449999999999818,1,true,"",RebekahMM,true,1,2,1,790.8311259984541,1510.304251481577,1706.1786395258955,1700.0292965730482
