{"low_consensus_lines":0,"transcribed_lines":3,"frame0":[{"clusters_x":[248.53238773345947,711.4609787464142],"clusters_y":[402.3185393810272,387.68874192237854],"clusters_text":[["1.","1.","1."],["2/480","2/480","2/480"],["3/480","3/480","3/480"]],"consensus_text":"1. 2/480 3/480","consensus_score":3,"edited_consensus_text":"","extract_index":[0,0,0],"flagged":false,"gold_standard":[false,false,false],"gutter_label":0,"line_editor":"","line_slope":-2.312000000000012,"low_consensus":false,"number_views":3,"original_transcriber":"","seen":false,"slope_label":0,"user_ids":[2396759,311066,2025314]},{"clusters_x":[103.27939867973328,740.7205736637115],"clusters_y":[801.5030155181885,796.2780878543854],"clusters_text":[["240","240","240"],["|","|","|"],["240/480","240/480","240/480"],["1/2","1/2","1/2"]],"consensus_text":"240 | 240/480 1/2","consensus_score":3,"edited_consensus_text":"","extract_index":[1,1,1],"flagged":false,"gold_standard":[false,false,false],"gutter_label":0,"line_editor":"","line_slope":-2.312000000000012,"low_consensus":false,"number_views":3,"original_transcriber":"","seen":false,"slope_label":0,"user_ids":[2396759,311066,2025314]},{"clusters_x":[145.07881999015808,376.0206227302551],"clusters_y":[1113.953711271286,1095.1439716815948],"clusters_text":[["720.5","720.5","720.5"]],"consensus_text":"720.5","consensus_score":3,"edited_consensus_text":"","extract_index":[2,2,2],"flagged":false,"gold_standard":[false,false,false],"gutter_label":0,"line_editor":"","line_slope":-2.312000000000012,"low_consensus":false,"number_views":3,"original_transcriber":"","seen":false,"slope_label":0,"user_ids":[2396759,311066,2025314]}]}