consensus text,line number,line slope,consensus score,line edited (T/F),original transcriber username,line editor username,flagged for low consensus (T/F),page number,column,number of transcribers,line start x,line end x,line start y,line end y
The Laws,1,179.033,3,false,"","",false,1,1,3,860.8572931877013,400.2466872657573,1046.9262253411143,1038.3186587610187
of,2,179.033,3,false,"","",false,1,1,3,707.0927968412279,630.3663366159476,959.2840966201118,967.3786845976099
Corpuscular Motion,3,179.033,3,false,"","",false,1,1,3,913.1002858492135,227.89872986993345,819.4561631697734,819.4279815778915
or,4,179.033,3,false,"","",false,1,1,3,697.6870989156819,643.4202729695724,753.0768739719173,759.2047663639496
the Theory,5,179.033,3,false,"","",false,1,1,3,914.3832246446639,428.7753373686573,617.2394491675326,598.4852699486343
of,6,179.033,3,false,"","",false,1,1,3,685.2033884602422,600.5821045610667,499.95559496038004,498.4165789106079
~Chemistry~,7,179.033,3,false,"","",false,1,1,4,925.1836984017218,339.1690466708376,341.174572744888,319.3995689282725
- [Ink squiggle]- -,8,179.033,2.75,false,"","",true,1,1,4,755.1944980602225,494.2834915618952,170.56734606452255,178.43400837064553
