consensus text,line number,line slope,consensus score,line edited (T/F),original transcriber username,line editor username,flagged for low consensus (T/F),page number,column,number of transcribers,line start x,line end x,line start y,line end y
[underline]command[/underline],1,-3.8039999999999736,3,false,"","",false,1,2,3,549.4125109904912,763.5242832497513,182.5519956437689,177.601452447068
 [underline]So meted by the eternal[/underline],2,-3.8039999999999736,3,true,"",raspence,false,1,1,3,162.3925548157369,870.3229796962847,315.87653875954265,256.46979378038395
hand,3,-3.8039999999999736,3,false,"","",false,1,2,3,623.6709422144397,757.3361184175469,322.4053933337675,310.02895035998483
[61],4,178.152,3,true,"",E_L_Bird,false,1,1,3,212.89027453001017,136.15660003505468,1459.8356968195094,1462.3109967452033
