consensus text,line number,line slope,consensus score,line edited (T/F),original transcriber username,line editor username,flagged for low consensus (T/F),page number,column,number of transcribers,line start x,line end x,line start y,line end y
I have neither riches nor power nor birth,1,178.528,3,false,"","",false,1,1,3,786.6474927172892,176.02002193431247,1169.9646009750331,1177.650817424103
to reccommend me. [deletion]& I glory in not having them[/deletion],2,178.528,3,false,"","",false,1,1,3,889.9844335233155,105.13596968556749,1130.6794747707372,1137.511663550083
"yet if I live I trust, I will not be of",3,178.528,3,false,"","",false,1,1,3,880.3697987107421,153.84939055717814,1075.4120745668956,1097.7116393251004
less service to Mankind & to my friends,4,178.528,3,true,"",Fierengraw,false,1,1,3,899.7601660741328,181.1001996208771,1029.186994088156,1054.3540264085862
Than if I had been born with those advantages,5,178.528,3,false,"","",false,1,1,3,877.38943314546,51.53640770708603,976.0564878262273,998.4272385335642
[unclear]xxxx[/unclear] [unclear]x[/unclear]man,6,178.528,3,false,"","",false,1,2,3,449.5725143988185,167.31171324283252,928.2227831005999,939.5564024865237
