consensus text,line number,line slope,consensus score,line edited (T/F),original transcriber username,line editor username,flagged for low consensus (T/F),page number,column,number of transcribers,line start x,line end x,line start y,line end y
Sous-nitrate de plomb au maximum,1,176.616,3.1666666666666665,true,"",LH1980Lancaster,false,1,1,4,1165.6730585419764,349.8902557284116,1558.8494956907682,1560.015484202127
Acide nitreux 10.175,2,176.616,3,false,"","",false,1,1,3,1264.1884001268031,598.6075342241662,1479.656178286501,1529.0993283249827
oxide de plomb [underline]89.825[/underline],3,176.616,1,false,"","",true,1,1,1,1255.9317297847826,804.5589377758728,1422.506245918411,1467.1980489744883
[underline]100.000[/underline],4,176.616,3,false,"","",false,1,2,3,791.6232547358974,587.0414415990115,1411.401612899853,1406.737629837395
