consensus text,line number,line slope,consensus score,line edited (T/F),original transcriber username,line editor username,flagged for low consensus (T/F),page number,column,number of transcribers,line start x,line end x,line start y,line end y
[unclear]Ch[/unclear],1,-4.5919999999999845,3,false,"","",false,1,1,3,253.83415959209307,320.1600799239459,316.99897878254257,315.6984651905931
"[Pencil sketch of rocks, some lines inked over, and with labels as given below]",2,,0,true,"",Fierengraw,false,1,1,0,,,,
G P,3,-4.5919999999999845,3,false,"","",false,1,1,3,205.20762816662545,323.6380419036852,524.7692470762817,512.5178249655514
S,4,-4.5919999999999845,3,false,"","",false,1,2,5,1000.9667065208339,1067.0557420560383,509.18210608168533,512.4323790649889
SG,5,-4.5919999999999845,2.5,true,AliCat54,Fierengraw,true,1,1,5,378.3302824738637,475.8387612792136,692.9936888794421,686.4931429128349
G - P,6,-4.5919999999999845,3,false,"","",false,1,2,3,999.0643722317722,1140.8197336234232,733.9429220723421,724.8393517339294
Shist,7,-4.5919999999999845,3,false,"","",false,1,1,3,147.19241713074152,252.53362119491007,813.7933353199493,783.8815971208126
