consensus text,line number,line slope,consensus score,line edited (T/F),original transcriber username,line editor username,flagged for low consensus (T/F),page number,column,number of transcribers,line start x,line end x,line start y,line end y
9,1,0,3,false,"","",false,1,1,3,980.5215843778163,1190.1525777733875,204.1781234477058,204.1781234477058
Forey Hill - near Wat.,2,-92.22699999999998,3.4,false,"","",false,1,1,4,190.79862121404193,160.50513040245045,1017.1134603047816,237.96483965129346
Shist & pebblestone top,3,-92.22699999999998,3.75,false,"","",false,1,1,4,290.1612803209012,262.29127801907686,1008.6312736326962,205.2479065541338
"[Pencil sketch of the outline of a steep, cone-topped hill]",4,-92.22699999999998,3,false,"","",false,1,1,3,839.0793430717761,814.8445504225028,1097.0882575577032,534.8410496048887
