consensus text,line number,line slope,consensus score,line edited (T/F),original transcriber username,line editor username,flagged for low consensus (T/F),page number,column,number of transcribers,line start x,line end x,line start y,line end y
The same Chain West of Waterford,1,-1.5679999999999836,3,false,"","",false,1,1,3,248.2652753027157,1210.6723466476262,193.12731270227647,159.539960934794
[underline]J.D[/underline],2,-1.5679999999999836,3,false,"","",false,1,2,3,812.7912833367437,1156.415784255328,247.38381349572504,224.1310362412256
[underline]The Same Chain[/underline],3,-1.5679999999999836,3,false,"","",false,1,1,3,181.09057176775073,867.0478457290418,346.85412860252524,345.56225288940897
[underline]West of Waterford[/underline],4,-1.5679999999999836,3,false,"","",false,1,1,3,223.72069625371947,1126.703948749265,491.53807322612846,438.5734111864864
"[Pencil sketch of hills/mountains possible beside a river; some shading, and the outlines have been inked over]",5,-1.5679999999999836,3,false,"","",false,1,1,3,287.0199204865746,1078.9064938876102,1049.6049934411453,1070.2741178275714
