consensus text,line number,line slope,consensus score,line edited (T/F),original transcriber username,line editor username,flagged for low consensus (T/F),page number,column,number of transcribers,line start x,line end x,line start y,line end y
an injured world,1,-178.171,3,true,MartinU22,E_L_Bird,false,1,1,5,1080.9342146515846,656.6941793560982,1391.5606154203415,1390.6220312714577
The hoary priest even at the,2,-178.171,4.375,true,"",E_L_Bird,false,1,1,7,1067.7940365672112,406.09221160411835,1048.0388889312744,1046.1617206335068
altar shot,3,-178.171,2,true,"",E_L_Bird,true,1,1,5,1041.5136803984642,804.9904748797417,969.1978204250336,972.9521570205688
Nor the poor peasant mite,4,-178.171,3.4,true,"",E_L_Bird,false,1,1,4,1084.68855124712,331.0054796934128,850.9362176656723,858.444890856743
nor bard more worthless lay,5,-178.171,2.8333333333333335,true,"",E_L_Bird,true,1,1,5,1070.6097890138626,292.52352958917606,768.3408125638962,767.4022284150125
