consensus text,line number,line slope,consensus score,line edited (T/F),original transcriber username,line editor username,flagged for low consensus (T/F),page number,column,number of transcribers,line start x,line end x,line start y,line end y
Desorme general of Artillery . after the,1,3.219,3,true,E_L_Bird,a_s_wolf,false,1,1,3,233.39036812784815,1118.0615430848552,174.83487022512705,214.49253970624264
great battle between the french & the,2,3.219,3,false,"","",false,1,1,3,219.15428413400286,1115.0109993746962,230.76235829712175,274.48751636743555
Turks saw in [deletion]x[/deletion]the [insertion]great[/insertion] garden of,3,3.219,3.7142857142857144,false,"","",false,1,1,4,215.08683433506573,1076.3701584018363,275.5043448756914,333.46556754472
the city a man of wonderful,4,3.219,3,false,"","",false,1,1,3,232.37350082933122,1118.0615430848552,338.54988464217405,383.29185182561315
& interesting appearance . His gait,5,3.219,3,false,"","",false,1,1,3,236.4409700233989,1118.0615430848552,397.527955214589,437.1856440908351
was majestic his stature firm &,6,3.219,3,false,"","",false,1,1,3,234.40723542636505,1099.758048082334,457.52291248065137,508.366083455192
[deletion]all[/deletion] his countenance,7,3.219,3,false,"","",false,1,1,3,254.74450381618132,785.5472359435685,519.5516431340086,561.2429502365054
