consensus text,line number,line slope,consensus score,line edited (T/F),original transcriber username,line editor username,flagged for low consensus (T/F),page number,column,number of transcribers,line start x,line end x,line start y,line end y
Quicker throbs my heart & the great,1,179.354,3.5714285714285716,true,deehar,FrankPearson,false,1,1,4,1306.1405973434448,173.752703666687,552.9002981185913,589.9725208282473
people fills,2,179.354,3,true,TEHark,FrankPearson,false,1,2,3,496.4537856578826,170.71276307106018,519.4921081066133,519.4921081066133
my glowing,3,179.354,3,true,TEHark,FrankPearson,false,1,2,3,459.948326230049,158.54427659511566,462.3938254117967,454.9055260419847
mind,4,179.354,3,true,E_L_Bird,FrankPearson,false,1,2,4,370.949045062065,230.21607208251953,399.81835341453564,400.6817458868028
My [unclear]xxxxx[/unclear] County;,5,179.354,3,true,E_L_Bird,FrankPearson,false,1,1,4,1266.8984068632126,724.6879342794418,410.2058809995652,430.0639078617097
[deletion]The xxx[/deletion] [unclear]godsend[/unclear] mighty in thy  [deletion]power[/deletion],6,179.354,3,true,"",FrankPearson,false,1,1,3,1267.612663269043,210.49261569976807,328.9056986570358,339.01630485057854
[deletion]xxxxx xxxxx[/deletion] From the [unclear]xxx[/unclear] fist [unclear]proceeds[/unclear],7,179.354,3,true,"",FrankPearson,false,1,1,3,1259.4446926116943,114.69939136505127,256.7960157394409,270.2768239974977
[deletion]xxxxxx xxxxxx[/deletion] [unclear]Troubling[/unclear] Roman that a fist of war,8,179.354,3,true,E_L_Bird,FrankPearson,false,1,1,3,1267.0074296593666,197.52997452020645,166.7586242556572,188.10323733091377
Alone a light of glory of [insertion][deletion]xxx[/deletion][/insertion] security,9,179.354,3,true,TEHark,FrankPearson,false,1,1,3,1268.2929830551147,199.93892860412598,91.53004741668701,74.67903709411632
