consensus text,line number,line slope,consensus score,line edited (T/F),original transcriber username,line editor username,flagged for low consensus (T/F),page number,column,number of transcribers,line start x,line end x,line start y,line end y
We drink of rapture from the cup of life,1,-177.282,3.888888888888889,false,"","",false,1,1,4,1123.3635661731428,116.80878937424791,1438.590147227774,1468.3086675549705
"-Whilst yet it sparkles & oerflows with youth,",2,-177.282,3,true,"",LH1980Lancaster,false,1,1,3,1144.0373271592134,140.0667926641379,1373.9845628175815,1385.6135644625267
Whilst yet the spirit on the surface [insertion]swims-[/insertion],3,-177.282,3,false,"","",false,1,1,3,1091.0607739680468,191.75128385155608,1291.2894597251377,1313.2553122890376
A deeper draught a different taste supplies,4,-177.282,3.875,true,"",LH1980Lancaster,false,1,1,5,1091.0607739680468,93.55078608435792,1217.6391159738196,1198.257446565578
"Of sober reason mellowed to the [deletion]taste,[/deletion] [insertion]sense[/insertion]",5,-177.282,3.375,false,"","",false,1,1,4,1087.1844400863984,65.12441648315166,1127.1912859699182,1141.4045299186823
Strong fragrant & yet bitter - In the dregs,6,-177.282,3.6666666666666665,false,"","",false,1,1,4,1065.218557948418,78.04545055776475,1048.3725167591226,1063.877852285716
Old age & pain & death _ Mortality,7,-177.282,3,false,"","",false,1,1,3,1050.4778911676924,99.48393943786414,931.7462645080378,961.4647848352344
