consensus text,line number,line slope,consensus score,line edited (T/F),original transcriber username,line editor username,flagged for low consensus (T/F),page number,column,number of transcribers,line start x,line end x,line start y,line end y
& I could see no difference,1,2.471,3,false,"","",false,1,1,3,251.1086312532425,1041.3977659344673,215.9796394109726,257.2121160030365
between the white,2,2.471,3,false,"","",false,1,1,3,271.72486954927444,994.2749355435371,322.0060077905655,345.5674229860306
feathers in the tails,3,2.471,3,false,"","",false,1,1,3,287.4324796795845,1012.9277225732803,429.01410180330276,456.50241953134537
in the males &,4,2.471,3,false,"","",false,1,1,3,315.9025230407715,955.005910217762,547.8029034137726,561.5470622777939
the females,5,2.471,3,false,"","",false,1,1,3,315.9025230407715,852.9064443707466,651.8658269643784,665.6099858283997
probably recent,6,2.471,3,false,"","",false,1,1,3,381.67814046144485,944.2069282531738,745.1297621130943,779.4901592731476
from Africa,7,2.471,3,false,"","",false,1,1,3,399.34920185804367,879.4130364656448,863.9185637235641,895.3337839841843
con uso,8,2.471,1.6666666666666667,true,TEHark,E_L_Bird,true,1,1,5,308.42572569847107,673.7608485817909,964.1561947464943,982.0745386481285
