consensus text,line number,line slope,consensus score,line edited (T/F),original transcriber username,line editor username,flagged for low consensus (T/F),page number,column,number of transcribers,line start x,line end x,line start y,line end y
53,1,2.014,3,false,"","",false,1,2,3,1158.5492903252964,1237.9397167525321,86.8738782001409,92.07979762824579
Bas: Tufa below the,2,2.014,3,false,"","",false,1,1,3,134.28368092411858,1021.893775012689,170.1686635211642,188.389443578986
Basalt & likewise in,3,2.014,3,false,"","",false,1,1,3,127.77627543304209,1131.2182071218003,276.89012350433217,291.206395725675
- alter nation,4,2.014,3,false,"","",false,1,1,3,139.48962517600535,623.6405788178306,383.6115834875001,403.13379996072973
