consensus text,line number,line slope,consensus score,line edited (T/F),original transcriber username,line editor username,flagged for low consensus (T/F),page number,column,number of transcribers,line start x,line end x,line start y,line end y
82,1,-3.173999999999978,3,false,"","",false,1,1,3,148.36593857459633,191.2275439479801,94.51533492592314,89.02025731395086
Query conclusion,2,-3.173999999999978,3,false,"","",false,1,1,3,208.8117923062914,503.3479523080054,863.8262006020418,861.6281695572528
[underline]cause of perennial.[/underline],3,-3.173999999999978,3,true,"",E_L_Bird,false,1,2,3,536.3184179798391,993.5088752959323,920.9750077665534,906.6878059754255
