consensus text,line number,line slope,consensus score,line edited (T/F),original transcriber username,line editor username,flagged for low consensus (T/F),page number,column,number of transcribers,line start x,line end x,line start y,line end y
deserving of a minute investigation._ Supposing the,1,174.792,3,false,"","",false,1,1,3,1041.8258403190257,172.2820408514799,1519.2274883337498,1609.5262622098028
facts confirmed they [deletion]offer a str[/deletion] would offer,2,174.792,3.5555555555555554,true,"",LH1980Lancaster,false,1,1,4,1034.1380098514264,193.57899349317006,1466.951341759759,1559.47970648553
a striking ananolg to the system of definite,3,174.792,3.875,false,"","",false,1,1,4,1031.2365991948093,194.55944468209032,1412.9811144186085,1500.3951429986087
proportions & would be highly interesting in their,4,174.792,3,false,"","",false,1,1,3,1029.963859429935,136.74583275675423,1361.8303920757917,1449.4714393796953
relations to the nature of the muriatic & fluoric,5,174.792,3,false,"","",false,1,1,3,1023.9610596397913,140.34751812657578,1317.4096333266673,1379.8388280844606
compounds,6,174.792,3,false,"","",false,1,1,3,1014.3565744798259,849.8795909388414,1266.9860381491612,1284.9944649982704
243,7,174.792,3,false,"","",false,1,1,3,1011.7375075817108,959.2932345867156,124.80627250671392,126.99145054817205
