consensus text,line number,line slope,consensus score,line edited (T/F),original transcriber username,line editor username,flagged for low consensus (T/F),page number,column,number of transcribers,line start x,line end x,line start y,line end y
64,1,0.436,1,false,"","",true,1,1,1,249.71948440819585,313.97735198202105,149.5838884505439,151.69070378083325
4,2,0.436,1,false,"","",true,1,2,1,907.0458674584733,951.2889893945495,340.25067584173013,340.25067584173013
Published in the Philosophical Transactions for,3,0.436,1,false,"","",true,1,1,1,437.22604880394806,1351.5839021495262,444.5380346910529,442.4312193607637
1817 p. 45 Read Jan[superscript]y[/superscript] 8. 1817,4,0.436,1,true,"",deehar,true,1,1,1,361.38069691353144,1190.4125293823909,541.451539884363,541.451539884363
