consensus text,line number,line slope,consensus score,line edited (T/F),original transcriber username,line editor username,flagged for low consensus (T/F),page number,column,number of transcribers,line start x,line end x,line start y,line end y
Distillation Essay on 6940,1,-1.5190000000000055,3,false,"","",false,1,1,3,225.15872192382812,1059.3731689453125,227.00473022460938,218.05873107910156
[unclear]Raynard Loally[/unclear],2,-1.5190000000000055,2.6666666666666665,true,ArianeAB,aplacey,true,1,1,5,340.3384704589844,815.5946655273438,376.8502197265625,366.78594970703125
3770.,3,-1.5190000000000055,4,true,"",aplacey,false,1,1,4,335.32037353515625,563.0371704101562,496.3514709472656,485.67724609375
Riplie 2411.,4,-1.5190000000000055,4,true,"",aplacey,false,1,1,5,215.094482421875,706.0061645507812,608.0111083984375,594.5921020507812
