consensus text,line number,line slope,consensus score,line edited (T/F),original transcriber username,line editor username,flagged for low consensus (T/F),page number,column,number of transcribers,line start x,line end x,line start y,line end y
15,1,0.694,3,false,"","",false,1,2,3,1052.4781873226166,1129.6198206543922,129.87135618925095,133.77726167440414
"which has burnt"" being bituminous",2,0.694,3.8,false,"","",false,1,1,4,99.4372489452362,1105.2079113721848,193.34232032299042,192.36584395170212
since the beginning of,3,0.694,2.5,false,"","",true,1,1,3,115.060870885849,910.8891134858131,255.8368080854416,256.8132844567299
the [unclear]last[/unclear] century at _,4,0.694,3.6,false,"","",false,1,1,4,148.26106750965118,918.7009244561195,341.76672875881195,347.62558698654175
"""[unclear]Konsnetzk[/unclear]"" Voyages de Pallas",5,0.694,3.25,true,"",Fierengraw,false,1,1,4,93.57839071750641,1088.6078130602837,428.6731258034706,434.5319840312004
Trad: franc. in Qu[superscript]o[/superscript]. T II. pag. 110,6,0.694,2,false,"","",true,1,1,2,148.26106750965118,1081.7724784612656,529.2501932382584,543.8973388075829
Trad: franc. in 2er [superscript]o[/superscript]. T II. pag. 110,7,0.694,3,false,"","",false,1,1,3,148.26106750965118,1081.7724784612656,529.2501932382584,543.8973388075829
