consensus text,line number,line slope,consensus score,line edited (T/F),original transcriber username,line editor username,flagged for low consensus (T/F),page number,column,number of transcribers,line start x,line end x,line start y,line end y
[pencil sketch of a building],1,,0,true,"",E_L_Bird,false,1,1,0,,,,
[deletion]Within the shade of wood[/deletion],2,179.633,3.8,true,TEHark,E_L_Bird,false,1,1,4,1057.414643973031,332.7169955599411,1370.384246012169,1383.325275448117
Beneath the Brackens tranquil,3,179.633,3,false,"","",false,1,1,3,1078.4438168064466,161.2483555336296,1265.2383818450912,1287.8851833580002
shade,4,179.633,3,false,"","",false,1,2,3,416.83368689360316,204.92432987995426,1213.474264101299,1210.239006742312
Upon the mossy stone,5,179.633,3,false,"","",false,1,1,3,1068.7380447294854,274.48236309817503,1148.7691169215586,1137.4457161651044
""" Ah such a one as thou",6,179.633,3.7142857142857144,false,"","",false,1,1,4,1084.9143315244205,193.60092912349978,959.5065614208187,970.8299621772734
