consensus text,line number,line slope,consensus score,line edited (T/F),original transcriber username,line editor username,flagged for low consensus (T/F),page number,column,number of transcribers,line start x,line end x,line start y,line end y
A gentleman at Handels,1,179.564,3,false,"","",false,1,1,3,834.5246070133358,162.57374841561887,1075.8975200213924,1084.9102700983135
commemoration seen by M[superscript]r[/superscript]Coates,2,179.564,3,false,"","",false,1,1,3,883.594060177546,98.48303875636839,1026.8280668571822,1008.8025476028249
fainted at the first note,3,179.564,3.8,false,"","",false,1,1,4,886.5983038363478,100.48584239488264,953.724607121011,947.7161198034073
& continued very ill - curious,4,179.564,3,false,"","",false,1,1,3,834.5246070133358,85.4645858998424,870.6069954886616,876.6155210072961
instance of the power of association,5,179.564,3,false,"","",false,1,1,3,856.5557908462674,94.47735507727884,826.5446660238289,817.5318204443312
[Horizontal rule],6,179.564,3,true,"",E_L_Bird,false,1,2,3,513.0697332998889,184.60489404751968,747.4326234674771,779.4780546991637
{135],7,,0,true,"",E_L_Bird,false,1,1,0,,,,
