consensus text,line number,line slope,consensus score,line edited (T/F),original transcriber username,line editor username,flagged for low consensus (T/F),page number,column,number of transcribers,line start x,line end x,line start y,line end y
in this way [unclear]far[/unclear] less alkalescence . . The earths of [unclear]ali[/unclear],1,-2.4139999999999873,3.75,true,E_L_Bird,FrankPearson,false,1,1,4,143.78587258314832,1192.9834687801167,125.03404620517011,100.20096700524192
that I have tried separate fluorine from Pitassia,2,-2.4139999999999873,3,true,E_L_Bird,FrankPearson,false,1,1,3,155.0740089538084,1084.566489988059,195.08919499803068,161.66566400193608
even silica. oxide of iron agitated with [unclear]flurite[/unclear],3,-2.4139999999999873,3.5,true,E_L_Bird,FrankPearson,false,1,1,4,168.10206359131746,1140.5676559062608,250.37551034261207,218.08938958127186
of [unclear]Potissa[/unclear] renders it alkaline - from [unclear]The tunnic[/unclear] acid,4,-2.4139999999999873,3.3,true,"",FrankPearson,false,1,1,4,178.90533660888758,1267.3214801066458,310.380244109678,280.3031140648349
To try to distile the [unclear]peculiar[/unclear] acid [unclear][deletion]xxxx xxxxx[/deletion][/unclear],5,-2.4139999999999873,3.111111111111111,true,E_L_Bird,FrankPearson,false,1,1,4,214.1835014511782,1222.2610458776726,395.48771740486177,336.8985951646895
[deletion]of[/deletion] This dissolved in water & likewise [deletion]from[/deletion],6,-2.4139999999999873,3.4444444444444446,true,E_L_Bird,FrankPearson,false,1,1,4,221.37172856328303,1060.9193860753994,474.10718978035493,413.45021616700006
the acid from [underline]Barioxirode[/underline] by sulphuric acid .,7,-2.4139999999999873,3,true,E_L_Bird,FrankPearson,false,1,1,3,246.60766509533198,1199.5425062369582,531.0558531991757,474.18994043665543
To make [deletion]&[/deletion] also the compound of fluorine,8,-2.4139999999999873,3.4444444444444446,true,deehar,FrankPearson,false,1,1,4,237.37730018654804,1171.6481522044846,609.5740051901607,573.8574132619096
& Iodine & also. the compound of chlorine,9,-2.4139999999999873,3.875,true,E_L_Bird,FrankPearson,false,1,1,4,229.95892020920365,1181.1705518731778,670.6570855111414,641.3625243910552
