consensus text,line number,line slope,consensus score,line edited (T/F),original transcriber username,line editor username,flagged for low consensus (T/F),page number,column,number of transcribers,line start x,line end x,line start y,line end y
I wish for some finely powdered,1,-0.06099999999997863,3,false,"","",false,1,1,3,324.39787125451994,910.1484222590104,493.2172597775678,498.50223021197735
glass & some finely powdered,2,-0.06099999999997863,3,false,"","",false,1,1,3,319.1129176205682,870.5111692016256,566.3259642521166,567.2068290588435
litharge & likewise some,3,-0.06099999999997863,3.75,true,"",aplacey,false,1,1,6,294.4497446606009,783.3091990350129,632.388052681091,629.7455758641153
muriate of lead in powder,4,-0.06099999999997863,5.6,true,deehar,aplacey,false,1,1,7,301.49636070617504,744.5527603829815,700.2118035216881,694.9268498877366
Friday Morning at 2 o'clock,5,-0.06099999999997863,4.6,true,"",aplacey,false,1,1,6,397.9864787356359,878.1243895772311,766.2449515689207,766.9183465053247
