consensus text,line number,line slope,consensus score,line edited (T/F),original transcriber username,line editor username,flagged for low consensus (T/F),page number,column,number of transcribers,line start x,line end x,line start y,line end y
Would not an,1,176.819,3,true,TEHark,FrankPearson,false,1,1,3,1189.2987737597068,510.95713363729124,1575.279255724905,1627.1742445867294
alloy of Iron,2,176.819,3.3333333333333335,true,TEHark,FrankPearson,false,1,1,4,1198.5657360564612,516.5173110153437,1445.5417835703447,1480.756240298011
& Potassium,3,176.819,3,true,deehar,FrankPearson,false,1,1,3,1281.5159242602429,291.7844825916329,1279.0746848013855,1340.3283669521554
be separated,4,176.819,3,true,TEHark,FrankPearson,false,1,1,3,1234.7696310072695,385.27706909757967,1125.9403318469197,1159.7910781155765
in a solution,5,176.819,3,true,deehar,FrankPearson,false,1,1,3,1215.42634742518,375.6054273065349,935.7314012192966,979.253789278998
of Iron in,6,176.819,3,true,TEHark,FrankPearson,false,1,1,3,1239.6054519027919,404.62035267966917,718.119460920789,782.5970482648306
 Car[superscript]e[/superscript]. of Potass,7,176.819,3,true,"",raspence,false,1,1,3,1142.8890339923441,288.5606511871317,568.2090131595951,594.0000333394576
