consensus text,line number,line slope,consensus score,line edited (T/F),original transcriber username,line editor username,flagged for low consensus (T/F),page number,column,number of transcribers,line start x,line end x,line start y,line end y
[underline]. A Character.[/underline],1,177.808,3,false,"","",false,1,1,3,1025.717525596781,547.6752465932145,1424.3611045237626,1446.0199662029754
Amidst the beauteous order that we [insertion]trace[/insertion],2,177.808,3,false,"","",false,1,1,3,1149.4825051214157,91.29179385941302,1237.1665079278919,1309.8784639392636
"In skies, in seas in earth upon the [insertion]face[/insertion]",3,177.808,3.909090909090909,true,"",LH1980Lancaster,false,1,1,4,1121.6353820726642,60.35059324006443,1135.06039008247,1195.3958233547646
Of Universal Nature. there arise,4,177.808,3,false,"","",false,1,1,3,1128.714624215018,186.7198731089502,1001.7979985396904,1037.8798564148003
Some lineaments of discord to our eyes.,5,177.808,3,false,"","",false,1,1,3,1122.2714416290182,104.24697083843012,898.7069001961346,918.0364774487272
Parts that but form a contrast [insertion]to the whole[/insertion],6,177.808,3,false,"","",false,1,1,3,1139.4087434474213,187.96533720563252,785.1941714507632,820.7766300638
