consensus text,line number,line slope,consensus score,line edited (T/F),original transcriber username,line editor username,flagged for low consensus (T/F),page number,column,number of transcribers,line start x,line end x,line start y,line end y
The dream of,1,1.699,4,false,"","",false,1,1,4,291.00426602363586,880.4553561210632,299.35383611917496,335.07814460992813
the Hindoo,2,1.699,4,false,"","",false,1,1,4,283.85940432548523,815.2584931254387,425.2820235490799,406.5267615914345
The ψυχη having,3,1.699,3,true,"",E_L_Bird,false,1,1,5,258.23662864058923,975.3174619524632,551.0200087554399,581.2128859475189
different colored,4,1.699,3.5,false,"","",false,1,1,4,190.30265495841172,964.7499549352356,656.6950789277162,668.7722298045477
[unclear]gar[superscript]s[superscript] according,5,1.699,4.333333333333333,true,"",E_L_Bird,false,1,1,10,234.08232688692613,833.4109391496924,792.5630262920712,801.6208894496948
to the [unclear]states[/unclear],6,1.699,4,false,"","",false,1,1,4,241.63054618494584,753.3998145906833,893.7091648855355,905.7863157623672
[unclear]xxxxx[/unclear] green,7,1.699,2.6666666666666665,true,"",E_L_Bird,true,1,1,5,255.21734092138138,785.1023356423661,984.2877964617722,1017.499961373059
Man red,8,1.699,3,false,"","",false,1,1,4,273.3330672366287,706.600854942961,1074.866428038009,1079.3953596168208
Angel white,9,1.699,3.5,false,"","",false,1,1,4,246.1594777637577,851.5266654649397,1174.5029227718694,1210.734375402364
