consensus text,line number,line slope,consensus score,line edited (T/F),original transcriber username,line editor username,flagged for low consensus (T/F),page number,column,number of transcribers,line start x,line end x,line start y,line end y
69,1,-1.1709999999999923,3,false,"","",false,1,2,3,1191.5796994199522,1262.3558750231257,95.89030243010586,89.04099511366974
Life seemed [insertion]to breathe[/insertion] in every thing,2,-1.1709999999999923,3,true,"",a_s_wolf,false,1,1,3,257.79080194582593,943.8630848088455,159.81717071684312,163.24182437506119
The gorgous spirit of the spring,3,-1.1709999999999923,3.8333333333333335,false,"","",false,1,1,4,260.2418858013884,979.1055345338777,249.133368470255,244.37897925906128
The Start was from a Zephyrs wing.,4,-1.1709999999999923,3.857142857142857,true,"",a_s_wolf,false,1,1,4,246.92959601004597,1203.512705302221,324.25271800711573,306.1860390045796
Moistened by the balmy Dew,5,-1.1709999999999923,3,false,"","",false,1,1,3,272.603297750492,1069.4389295465585,394.6176783327826,377.50187717248525
Which summer steals from spring,6,-1.1709999999999923,3,false,"","",false,1,1,3,273.55417559273076,1158.8214467170003,460.22824944725585,445.014203971436
Wafting each instant odours new,7,-1.1709999999999923,3,false,"","",false,1,1,3,281.16119833064073,1136.0003785032704,525.8388205617291,521.0844313505354
Such as their gales of fragrance bring,8,-1.1709999999999923,3.2857142857142856,true,"",sruston,false,1,1,4,292.5717324375056,1134.098622818793,594.3020252029186,592.4002695184412
[sketch possibly of the Alps or the Rhone],9,,0,true,"",sruston,false,1,1,0,,,,
