consensus text,line number,line slope,consensus score,line edited (T/F),original transcriber username,line editor username,flagged for low consensus (T/F),page number,column,number of transcribers,line start x,line end x,line start y,line end y
white masses appear [unclear]semi fused[/unclear] I have,1,179.85,3,true,deehar,FrankPearson,false,1,1,3,1250.8323681354523,278.43779587745667,578.2794088125229,582.297568202019
kept some of them probably,2,179.85,3,true,TEHark,FrankPearson,false,1,1,3,1255.800050854683,425.6474016904831,496.9867278337479,499.747767686844
"leucite, the upper part is principally",3,179.85,3.4285714285714284,true,deehar,FrankPearson,false,1,1,4,1262.9192543029785,204.0967197418213,413.0841312408447,396.5054903030398
composed of cavernous lava-,4,179.85,3,true,TEHark,FrankPearson,false,1,1,3,1255.1825551986694,482.61788749694824,327.9804410934448,329.08568382263195
[deletion][unclear]xx[/unclear][/deletion] & I found some vitreous -,5,179.85,5.571428571428571,true,deehar,FrankPearson,false,1,1,7,1239.0085926055908,383.55072021484375,240.91119003295898,257.4898309707643
Scoria,6,179.85,3,true,TEHark,FrankPearson,false,1,1,3,1182.5807495117188,1026.74152469635,164.33369922637945,158.8074855804444
[deletion]Montagne de [unclear]xxxxxx[/unclear][/deletion],7,179.85,3.3333333333333335,true,deehar,FrankPearson,false,1,1,4,995.9503524899483,375.7120437026024,127.21358460187918,148.51948070526134
- [unclear]On[/unclear] the south side of the Moun tain,8,179.85,3,true,deehar,FrankPearson,false,1,1,3,1112.4653415679932,169.69329357147217,64.3967056274414,73.23864746093761
