consensus text,line number,line slope,consensus score,line edited (T/F),original transcriber username,line editor username,flagged for low consensus (T/F),page number,column,number of transcribers,line start x,line end x,line start y,line end y
Aug[superscript]t[/superscript]. 28 Barom[superscript]r[/superscript] 30.15 Ther 64[superscript]o[/superscript],1,-0.2769999999999868,3,false,"","",false,1,1,3,533.7839708328247,1410.3547542095184,132.88764238357544,151.17493271827698
6 gr. fused Carb[superscript]e[/superscript]- Potash,2,-0.2769999999999868,3,false,"","",false,1,1,3,583.7692310810089,1139.7028572559357,237.73477363586426,245.04968976974487
3.6,3,-0.2769999999999868,3,false,"","",false,1,1,3,493.5519320964813,571.5777041912079,301.1307134628296,299.9115607738495
[underline]5[/underline],4,-0.2769999999999868,3,false,"","",false,1,1,3,493.5519320964813,565.4819407463074,334.04783606529236,329.17122530937195
4.1 Cub. In Silica[superscript]d[/superscript] fluoric gas,5,-0.2769999999999868,3,false,"","",false,1,1,3,581.3309257030487,1200.6604917049408,312.1030876636505,315.7605457305908
Litmus nor turmeric affected,6,-0.2769999999999868,3,false,"","",false,1,1,3,563.0436353683472,1323.7949132919312,396.2246232032776,407.1969974040985
