consensus text,line number,line slope,consensus score,line edited (T/F),original transcriber username,line editor username,flagged for low consensus (T/F),page number,column,number of transcribers,line start x,line end x,line start y,line end y
Of this gas 1. 4/10. ergo,1,0.301,3,true,"",E_L_Bird,false,1,1,3,288.96025919914246,791.8178949356079,133.583153963089,129.76639771461487
quantity of Ammonia formed,2,0.301,3,false,"","",false,1,1,3,297.6514090895653,832.4019953012466,193.63588601350784,190.16910749673843
3 6/10,3,0.301,3,false,"","",false,1,1,3,319.3187748193741,451.05635845661163,308.03957706689835,307.172882437706
With quantity generated not,4,0.301,3,true,"",E_L_Bird,false,1,1,3,283.78429502248764,819.4015758633614,398.175818502903,404.24268090724945
6 5/10,5,0.301,3,false,"","",false,1,1,3,313.4511094093323,426.9996078014374,511.7123713493347,514.5749385356903
- For exactly the,6,0.301,3.75,false,"","",false,1,1,4,267.6500344276428,744.744565486908,610.390381163259,604.6652467905478
same ratio . of. both,7,0.301,3,false,"","",false,1,1,3,265.74165630340576,768.5992920398712,654.840722322464,664.3826129436493
gasses must be taken,8,0.301,3,false,"","",false,1,1,3,260.9707109928131,764.7825357913971,705.4127426147461,713.0462551116943
for the [underline]barrel[/underline]: -,9,0.301,3.8,true,"",E_L_Bird,false,1,1,4,259.06233286857605,777.186993598938,757.8931410312653,762.6640863418579
