consensus text,line number,line slope,consensus score,line edited (T/F),original transcriber username,line editor username,flagged for low consensus (T/F),page number,column,number of transcribers,line start x,line end x,line start y,line end y
[underline]Anthologie de [unclear]Florience[/unclear][/underline],1,-0.21600000000000819,2.6,true,"",humphrydavy,true,1,1,5,331.94736377240633,918.674405159418,445.3327339492895,438.25908141477885
[unclear]Cavolini[/unclear] sopra,2,-0.21600000000000819,1.5,true,"",E_L_Bird,true,1,1,4,309.41435828884585,886.7545015577657,501.1172543060933,499.38937751934725
la gen. dalli peice,3,-0.21600000000000819,2.5,true,"",E_L_Bird,true,1,1,3,305.9022740153018,922.775042504959,603.6066874468688,584.6551431000283
[unclear]Margh[/unclear],4,-0.21600000000000819,2,false,"","",true,1,1,3,426.2445806177388,697.2516647775575,797.8600170019836,793.1221309152735
