consensus text,line number,line slope,consensus score,line edited (T/F),original transcriber username,line editor username,flagged for low consensus (T/F),page number,column,number of transcribers,line start x,line end x,line start y,line end y
176,1,5.026,1,false,"","",true,1,1,1,571.0522386427142,727.9775068416395,158.61261092698305,178.8610326300702
6,2,5.026,1,false,"","",true,1,3,1,1532.8522695393538,1659.4049051836485,386.4073550867133,401.59367136402875
On Safety Lamps,3,5.026,1,false,"","",true,1,2,1,930.4617238725111,1588.5354292228433,654.6989426526181,664.8231535041616
