consensus text,line number,line slope,consensus score,line edited (T/F),original transcriber username,line editor username,flagged for low consensus (T/F),page number,column,number of transcribers,line start x,line end x,line start y,line end y
216,1,,0,true,"",E_L_Bird,false,1,1,0,,,,
I spent the last evening with,2,-1.9639999999999986,3,true,"",E_L_Bird,false,1,1,4,130.1717529296875,1072.7026977539062,374.11700439453125,321.5425262451172
W who will,3,-1.9639999999999986,3,false,"","",false,1,1,4,290.1810607910156,862.4048461914062,438.12074279785156,428.9773406982422
"Exp[superscript]ts[superscript] on the [deletion]de[/deletion]composition, analysis",4,-1.9639999999999986,3.2,true,"",E_L_Bird,false,1,1,4,169.21976470947266,1201.5919189453125,609.4171142578125,571.233642578125
& decomposition by heat of the,5,-1.9639999999999986,3,true,cabasr21,E_L_Bird,false,1,1,4,152.95108032226562,1185.932861328125,687.7316589355469,652.2262573242188
ammoniacal salts made in,6,-1.9639999999999986,3.75,false,"","",false,1,1,4,155.1087646484375,1165.9797973632812,786.0373229980469,763.0862426757812
May & June 1799. -,7,-1.9639999999999986,3.6,true,"",E_L_Bird,false,1,1,4,149.55435943603516,1160.5392456054688,897.6307373046875,856.3146362304688
