consensus text,line number,line slope,consensus score,line edited (T/F),original transcriber username,line editor username,flagged for low consensus (T/F),page number,column,number of transcribers,line start x,line end x,line start y,line end y
These gasses may,1,179.227,3,true,TEHark,FrankPearson,false,1,1,3,1255.3327674810814,414.70586386169157,1695.6695409215292,1719.7792998549453
form new combinations,2,179.227,3,true,TEHark,FrankPearson,false,1,1,3,1250.5108156943982,186.46676357392312,1525.2938620739592,1591.1938943510117
; but if this be,3,179.227,3,true,TEHark,FrankPearson,false,1,1,3,1211.9352014009323,347.19853884812665,1375.81335668678,1406.3524337205372
"the case, by discharging",4,179.227,3,true,TEHark,FrankPearson,false,1,1,3,1179.7888684192353,101.27899772728324,1210.2597032030385,1194.1865551064764
the - or the,5,179.227,3.75,true,deehar,FrankPearson,false,1,1,4,1174.966916632552,154.32046738079862,1051.135294242493,1022.203583522394
"plus, [deletion]oxyge[/deletion]",6,179.227,3,true,"",FrankPearson,false,1,1,3,1184.6108202059186,527.2180476919177,892.0108852819474,888.7962262317768
separately Water,7,179.227,3,true,TEHark,FrankPearson,false,1,1,3,1186.218149731004,242.72281870046368,687.8816175047402,703.9547656013026
ought to result,8,179.227,3,true,TEHark,FrankPearson,false,1,1,3,1111.9562800574606,272.93577332250743,471.1749725408506,482.2633492818412
