consensus text,line number,line slope,consensus score,line edited (T/F),original transcriber username,line editor username,flagged for low consensus (T/F),page number,column,number of transcribers,line start x,line end x,line start y,line end y
[A series of horizontal sketch lines run down the left-hand side of the page],1,,0,true,"",Fierengraw,false,1,1,0,,,,
so . 1 [unclear]Tab[/unclear].,2,-86.65699999999998,3,false,"","",false,1,1,3,134.90718412399286,124.62571477890003,1231.5737471580505,922.2728776931763
2 [unclear]Tab[/unclear],3,-86.65699999999998,3,false,"","",false,1,1,3,168.32195949554438,201.73673486709583,1083.3492307662964,937.6950817108154
3 ochreous,4,-86.65699999999998,3,false,"","",false,1,1,3,235.1515102386474,248.0033469200133,1079.065285205841,814.317449569702
4 Zeolitic red,5,-86.65699999999998,3,false,"","",false,1,1,3,298.5539045333862,305.4082174301146,1076.4949178695679,693.510184764862
19 prismatic col[superscript]n[/superscript].,6,-86.65699999999998,5,true,"",E_L_Bird,false,1,1,7,754.4813222885132,769.9035263061521,1160.1565403938293,694.0632634162902
