consensus text,line number,line slope,consensus score,line edited (T/F),original transcriber username,line editor username,flagged for low consensus (T/F),page number,column,number of transcribers,line start x,line end x,line start y,line end y
[deletion][unclear]x ..[/unclear][/deletion],1,-2.319000000000017,3,true,"",aplacey,false,1,1,3,546.2026202860859,615.2435565669701,343.7956827048115,343.7956827048115
[deletion][unclear]x[/unclear][/deletion],2,-2.319000000000017,3,false,"","",false,1,1,3,536.3396293888167,608.1985630689207,417.0636150845254,407.2006241872562
3.. [deletion]6[/deletion],3,-2.319000000000017,3,true,"",aplacey,false,1,1,3,833.638355006502,963.2662353706112,460.7425747724318,448.0615864759428
[underline]10.. 6[/underline],4,-2.319000000000017,3,false,"","",false,1,1,3,789.9593953185956,1005.5361963589078,528.3745123537061,532.6015084525358
 [deletion]6..6[/deletion],5,-2.319000000000017,3,true,"",aplacey,false,1,1,3,532.112633289987,650.4685240572172,567.8264759427828,569.2354746423928
