consensus text,line number,line slope,consensus score,line edited (T/F),original transcriber username,line editor username,flagged for low consensus (T/F),page number,column,number of transcribers,line start x,line end x,line start y,line end y
- One of the most striking,1,-0.17399999999997817,3.8333333333333335,true,TEHark,FrankPearson,false,1,1,4,378.74771322491415,1214.0321771701488,297.1438110762878,304.61839240913105
"properties lustre, possesed in a ",2,-0.17399999999997817,3.3333333333333335,true,"",FrankPearson,false,1,1,5,267.0794127039608,1286.0302934832223,412.3867125181693,418.15435884709467
high degree power of,3,-0.17399999999997817,3,true,accostel4,FrankPearson,false,1,1,3,307.73919056290316,1139.2863638417161,530.7244728269225,541.9363448261873
conducting [underline]Electricity[/underline].-,4,-0.17399999999997817,3,true,"",LH1980Lancaster,false,1,1,3,341.37480656069783,1036.510870515121,646.580483485993,661.5296461516795
"[underline]Opacity, combustibility[/underline].-",5,-0.17399999999997817,3,true,"",LH1980Lancaster,false,1,1,3,299.9168640677862,1188.4894575479825,832.2584255931306,833.6027588271468
[underline]power of forming[/underline] Bodies,6,-0.17399999999997817,3.4,true,"",FrankPearson,false,1,1,5,331.9585612073313,1143.823589555026,991.9213702492036,948.382885643385
[underline]Soluble in[/underline] acids. - [underline]Instance[/underline].,7,-0.17399999999997817,3,true,"",FrankPearson,false,1,1,3,332.52974259853363,1321.2209817171097,1103.719008922577,1085.9170891046524
about 88 to 15. + 15 [unclear]Soda[/unclear],8,-0.17399999999997817,3.7142857142857144,true,"",FrankPearson,false,1,1,5,518.7652114629745,1288.355898976326,1629.5602860450745,1615.866501569748
about 75;,9,-0.17399999999997817,4,true,cabasr21,FrankPearson,false,1,1,4,660.201538834084,939.8126589815807,1796.5749366818086,1799.6475790548245
