consensus text,line number,line slope,consensus score,line edited (T/F),original transcriber username,line editor username,flagged for low consensus (T/F),page number,column,number of transcribers,line start x,line end x,line start y,line end y
are glorious now &,1,0.226,1,false,"","",true,1,1,1,361.30622839927673,1457.6923582553864,392.04109025001526,411.97538352012634
would have been glorious,2,0.226,1,false,"","",true,1,1,1,374.59575724601746,1514.1728558540344,540.440839767456,537.1184575557709
in the best ages of,3,0.226,1,false,"","",true,1,1,1,381.2405216693878,1417.8237717151642,683.3032748699188,676.6585104465485
the world are all,4,0.226,1,false,"","",true,1,1,1,427.75387263298035,1444.4028294086456,829.4880921840668,809.5537989139557
mountaineers.,5,0.226,1,false,"","",true,1,1,1,391.20766830444336,1045.716964006424,959.0609984397888,978.9952917098999
