consensus text,line number,line slope,consensus score,line edited (T/F),original transcriber username,line editor username,flagged for low consensus (T/F),page number,column,number of transcribers,line start x,line end x,line start y,line end y
23,1,-3.0079999999999814,3,false,"","",false,1,2,3,1206.0682732077205,1269.1454790900734,76.35661764705878,78.5698529411764
"[underline]The metals[/underline], [underline]lead & Copper & Blende[/underline] occur in",2,-3.0079999999999814,3,true,"",Fierengraw,false,1,1,3,80.63812614889699,1181.7226849724264,220.2169117647058,127.26102941176464
beds not in Veins in the mixed Rock,3,-3.0079999999999814,3,false,"","",false,1,1,3,96.13077320772052,1234.8403320312498,273.33455882352933,196.97794117647055
of [underline]Chorite Shist[/underline] [underline][unclear]ocherous[/unclear] indication[/underline],4,-3.0079999999999814,3,false,"","",false,1,1,3,100.5572437959558,1159.5903320312498,365.18382352941165,303.2132352941176
Matrix [underline]quartz & feldspar & ochre[/underline] - This,5,-3.0079999999999814,3,true,"",Fierengraw,false,1,1,3,112.73003791360287,1158.483714384191,445.9669117647058,382.88970588235287
the case at [underline]the Paris Mine[/underline]. -,6,-3.0079999999999814,3,false,"","",false,1,1,3,116.04989085477933,941.5866555606616,520.1102941176471,472.5257352941175
Veins metalliferous in the opposite,7,-3.0079999999999814,3,false,"","",false,1,1,3,140.39547909007345,1134.1381261488968,597.5735294117646,524.5367647058822
mountains in Canarfonshire. -,8,-3.0079999999999814,3,false,"","",false,1,1,3,149.24842026654406,984.7447437959557,660.6507352941176,615.2794117647059
