consensus text,line number,line slope,consensus score,line edited (T/F),original transcriber username,line editor username,flagged for low consensus (T/F),page number,column,number of transcribers,line start x,line end x,line start y,line end y
23,1,-0.6759999999999877,3,false,"","",false,1,2,3,1180.4739312935503,1227.1435197836624,84.43521246927625,83.20708266432817
[Pencil sketch of landscape set into a neat rectangle drawn in the middle of the page. View depicts a ridge of mountains or cliffs with vegetation/trees in the foreground],2,-0.6759999999999877,3,true,"",Fierengraw,false,1,1,3,306.03211102792176,966.7760657221588,519.1998161420454,482.3553597918158
{ [unclear]Rrit ti[/unclear],3,-0.6759999999999877,2,true,"",Fierengraw,true,1,2,6,1028.1834929725417,1169.4205756484218,266.2011877603793,263.74492815048313
{ [unclear]Borgnelles[/unclear] Ales[/unclear],4,-0.6759999999999877,2,true,"",Fierengraw,true,1,2,5,1036.780495307476,1201.3524190785613,342.3464069208836,350.943456105967
{,5,90.777,3,false,"","",false,1,1,3,1013.6893832915971,1011.9132703575334,214.33856162977594,345.2436360406896
