consensus text,line number,line slope,consensus score,line edited (T/F),original transcriber username,line editor username,flagged for low consensus (T/F),page number,column,number of transcribers,line start x,line end x,line start y,line end y
95,1,176.834,4,false,"","",false,1,2,4,224.69190304301355,171.18547104181084,1585.6442082064627,1582.9235421725032
On December 23. I breathed,2,176.834,3.8,true,deehar,a_s_wolf,false,1,1,4,1197.7834545225146,236.48145585683778,1450.517795186476,1503.1173385096922
after a terrible drunken,3,176.834,4,false,"","",false,1,1,4,1201.4110092344606,283.63966711213516,1360.7358160658137,1434.1937989827193
fit a large quantity,4,176.834,4,false,"","",false,1,1,4,1215.9212280822444,305.40499538381096,1283.6502784369623,1364.3633707777597
of gas 2 bags & two,5,176.834,3.8333333333333335,false,"","",false,1,1,4,1179.6456809627848,337.14609911333787,1195.6820766722728,1266.419393555219
bags of oxygen it made me,6,176.834,4,false,"","",false,1,1,4,1173.2974602168795,196.57835402543242,1103.1794315176512,1177.5443031125433
sick -,7,176.834,4,false,"","",false,1,1,4,1151.5321319452037,689.9257948500815,1004.3285656171239,1029.7214486007456
