consensus text,line number,line slope,consensus score,line edited (T/F),original transcriber username,line editor username,flagged for low consensus (T/F),page number,column,number of transcribers,line start x,line end x,line start y,line end y
Early in July the wheat with Lime & Iron,1,2.698,3,false,"","",false,1,1,3,250.30192430665286,1051.2810758206372,139.64801429018942,196.93951573807618
was much the most flourishing. - That,2,2.698,3,false,"","",false,1,1,3,250.30192430665286,1074.4180081222892,201.3465494615149,266.35035467182087
[underline]with magnesia[/underline] & oxide of Iron - That,3,2.698,3,false,"","",false,1,1,3,275.64242600601017,1030.347628859113,290.5890716723255,325.8453624742298
without manure & that with oxide of,4,2.698,3,false,"","",false,1,1,3,252.50545167556945,1070.0110374420335,355.59291891142027,388.645682344408
Iron alone nearly the same. -,5,2.698,3,true,"",aplacey,false,1,1,3,258.01424908346644,1013.8212366354219,428.309006869751,443.73365642337814
