consensus text,line number,line slope,consensus score,line edited (T/F),original transcriber username,line editor username,flagged for low consensus (T/F),page number,column,number of transcribers,line start x,line end x,line start y,line end y
[underline]Lurrig[/underline],1,2.977,3,true,"",E_L_Bird,false,1,1,4,568.3458497524261,673.421177983284,149.23514413833618,150.75797498226166
[underline]near Cushendal[/underline],2,2.977,3,true,"",Fierengraw,false,1,1,3,460.22485983371735,705.400625705719,222.33102464675903,222.33102464675903
Basalt,3,2.977,3,false,"","",false,1,1,3,476.2351266678788,580.4815868068988,260.65760951286467,272.86665439401116
W. Limestone,4,2.977,3,false,"","",false,1,1,4,481.87007045917716,652.7966987952279,301.041373350503,314.18957553019925
Porphyry.,5,,0,true,"",Fierengraw,false,1,1,0,,,,
Porphyry,6,-178.891,3,false,"","",false,1,1,3,632.1352382271339,486.5658569519258,350.8167101736387,347.99923827798955
