consensus text,line number,line slope,consensus score,line edited (T/F),original transcriber username,line editor username,flagged for low consensus (T/F),page number,column,number of transcribers,line start x,line end x,line start y,line end y
151,1,0,2,true,TEHark,FrankPearson,true,1,1,2,1121.5320845842361,1193.0615915060043,95.37019681930542,95.37019681930542
There is much lava in [deletion][unclear]xxxxx xxx[/unclear][/deletion] decomposed,2,-179.159,2.75,true,E_L_Bird,FrankPearson,true,1,1,3,1197.8375133275986,225.8919882774353,575.660209774971,583.9887918233873
sandstone .,3,-179.159,2,true,Leander,FrankPearson,true,1,1,2,1177.7635093927383,961.1229737997055,526.0467342734337,525.0620045661926
Age of Volcanoes very great from,4,-179.159,2,true,TEHark,FrankPearson,true,1,1,2,1162.743992805481,301.13856852054596,425.873745918274,428.04130673408525
the debris of the great Platform,5,-179.159,2,true,TEHark,FrankPearson,true,1,1,2,1158.5412183403969,249.2073165178299,344.33066558837896,329.88246059417736
& from the lava in the,6,-179.159,2,true,Leander,FrankPearson,true,1,1,2,1146.1944237947464,444.9278153181076,270.7055575847626,254.0483934879304
breccia .,7,-179.159,2,true,Leander,FrankPearson,true,1,1,2,1128.7044014930725,841.3683208227158,183.2554851770401,167.4311792850495
