consensus text,line number,line slope,consensus score,line edited (T/F),original transcriber username,line editor username,flagged for low consensus (T/F),page number,column,number of transcribers,line start x,line end x,line start y,line end y
"[deletion]From the dark mountains base, thou issuest forth[/deletion]",1,-1.7069999999999936,3.125,true,"",FrankPearson,false,1,1,4,133.3986048356323,1182.5929376724728,155.58955627230057,120.82613401498608
[deletion][unclear]A[/unclear][/deletion],2,-1.7069999999999936,3,true,E_L_Bird,FrankPearson,false,1,1,3,165.9731705318435,211.01082743560914,236.0832990063783,236.0832990063783
Thy waters rise,3,-1.7069999999999936,3.3333333333333335,true,E_L_Bird,FrankPearson,false,1,2,4,758.9277600342434,1120.4747521876873,202.5650257213696,196.07016957490058
[deletion]pure translucid & of deepest[/deletion],4,-1.7069999999999936,3.3333333333333335,true,E_L_Bird,FrankPearson,false,1,1,4,173.19078528852094,865.4097602067325,305.6641257517177,279.6202435270721
[deletion][unclear]Pure[/unclear] in silence & their origin unknown.[/deletion],5,-1.7069999999999936,3,true,"",FrankPearson,false,1,1,3,204.9303524466571,1095.9085054625853,385.61525252694923,360.6619928872939
"[deletion]Fed by the mountain snows, they [unclear]bend & rise[/unclear][/deletion]",6,-1.7069999999999936,3,true,E_L_Bird,FrankPearson,false,1,1,3,225.47585031506244,1183.334897270372,483.4528742891586,450.25973899862805
"Born of the mountain snows, they [unclear]whose is made[/unclear]",7,-1.7069999999999936,3.888888888888889,true,E_L_Bird,FrankPearson,false,1,1,4,201.82066012949502,1250.2725429746833,559.7326384774478,505.53459105764307
"In darkness & in silence, deeply hid",8,-1.7069999999999936,3,true,"",FrankPearson,false,1,1,3,215.82369530930515,993.0279701184653,619.7462610102896,589.5901868554367
Within thy channel of the marble rock,9,-1.7069999999999936,3.5714285714285716,true,AKParsons,FrankPearson,false,1,1,4,202.25576975467146,1074.152018340275,681.0626605406828,639.9631740753681
