consensus text,line number,line slope,consensus score,line edited (T/F),original transcriber username,line editor username,flagged for low consensus (T/F),page number,column,number of transcribers,line start x,line end x,line start y,line end y
25,1,-1.1750000000000114,3,false,"","",false,1,3,3,1226.9998894929886,1272.0443968772888,68.11608791351318,72.51067399978638
proved them to be of a similar composition,2,-1.1750000000000114,3,false,"","",false,1,1,3,74.51968836784363,1274.2416899204254,149.41592073440552,102.17412030696869
[underline]Wicklow[/underline] Mountains . Aspect,3,-1.1750000000000114,3.75,true,AliCat54,Fierengraw,false,1,2,4,434.8757474422455,1097.3595999479294,199.95366072654724,181.27666985988617
[Ink sketch of cluster of about seven mountains or hills],4,,0,true,"",Fierengraw,false,1,1,0,,,,
- The Rocks that I landed on were,5,-1.1750000000000114,3,false,"","",false,1,1,3,138.24118661880493,1116.0365908145905,580.0853736400604,543.8300384283066
[underline]chlorite Shist[/underline] similar to that of the opposite,6,-1.1750000000000114,3,false,"","",false,1,1,3,109.67637705802917,1184.152675151825,653.6946905851364,608.6501832008362
shore in N W.[superscript]es[/superscript]. - These rocks were cut,7,-1.1750000000000114,3,true,"",Fierengraw,false,1,1,3,125.05742835998535,1143.502753853798,704.2324305772781,667.9770953655243
by [underline]veins of Quartz[/underline] & feldspar & in some,8,-1.1750000000000114,3,false,"","",false,1,1,3,136.04389357566833,1184.152675151825,767.9539288282394,726.2053610086441
