consensus text,line number,line slope,consensus score,line edited (T/F),original transcriber username,line editor username,flagged for low consensus (T/F),page number,column,number of transcribers,line start x,line end x,line start y,line end y
At a win dike near Ballintoy,1,-177.508,3.3333333333333335,true,"",E_L_Bird,false,1,1,4,985.1038818359375,301.8252868652344,1534.7969055175781,1516.3536529541016
White Limestone again rises but,2,-177.508,3,false,"","",false,1,1,3,947.3391265869141,276.3560333251953,1452.2413940429688,1451.3631439208984
in Hills independent of Basaltic,3,-177.508,3,true,TEHark,E_L_Bird,false,1,1,3,959.6346282958984,156.9140167236328,1398.6681365966797,1349.4861297607422
contact: here a dyke,4,-177.508,3,true,"",E_L_Bird,false,1,1,3,949.973876953125,462.54505920410156,1347.7296295166016,1306.4518737792969
