consensus text,line number,line slope,consensus score,line edited (T/F),original transcriber username,line editor username,flagged for low consensus (T/F),page number,column,number of transcribers,line start x,line end x,line start y,line end y
1 40 Lime with water became 51.7 - 53. gr,1,-0.7860000000000014,3.5555555555555554,true,"",aplacey,false,1,1,4,278.1233931342535,1128.815090953023,192.9025436448169,187.25386033513576
2. 40 Lime 80 silex 20 Protoxide of iron with,2,-0.7860000000000014,3,false,"","",false,1,1,3,273.6044292480952,1032.787474688444,439.1851273277068,441.4446523668196
water became 144.8 - 151.4 gr,3,-0.7860000000000014,3,true,"",aplacey,false,1,1,3,359.4644414128683,996.6359359833116,520.5262187023552,508.099046467403
3 40 Lime 20 Magnesia 80 silex with,4,-0.7860000000000014,3,false,"","",false,1,1,3,265.69630709136845,1019.2306692220361,709.1922067688777,692.2461568398343
water became 146.6 - 160.3 gr,5,-0.7860000000000014,3,true,"",aplacey,false,1,1,3,351.556276160108,1015.8414247594005,781.4953272751758,765.6790398656889
[Sketch of one small circle orbiting another small circle],6,,0,true,"",aplacey,false,1,1,0,,,,
