consensus text,line number,line slope,consensus score,line edited (T/F),original transcriber username,line editor username,flagged for low consensus (T/F),page number,column,number of transcribers,line start x,line end x,line start y,line end y
58,1,-1.870999999999981,3,false,"","",false,1,1,3,114.15240044659478,170.78061034611096,91.23433817144274,90.18566761774804
& of moisture & of Heat are the,2,-1.870999999999981,3,false,"","",false,1,1,3,124.63910598354227,1089.416015382707,163.5926063763801,125.84046644336934
causes of the change they,3,-1.870999999999981,3,false,"","",false,1,1,3,157.14789314807933,1016.009076624075,240.14555679609646,206.58809907786463
undergo ; but there is no,4,-1.870999999999981,3,false,"","",false,1,1,3,154.0018814869951,1033.8364760368854,318.7958483232023,296.77376669561266
""" [underline]nourishment[/underline] immediately",5,-1.870999999999981,3.6666666666666665,false,"","",false,1,1,4,180.2186453293637,1005.5223710871275,417.37088037050825,377.52139933010795
absorbed from the Atmosphere -,6,-1.870999999999981,2.8,false,"","",true,1,1,3,203.2893975106481,1170.1636480172024,501.26452466608777,476.0964313774139
