consensus text,line number,line slope,consensus score,line edited (T/F),original transcriber username,line editor username,flagged for low consensus (T/F),page number,column,number of transcribers,line start x,line end x,line start y,line end y
[underline]Agenda[/underline],1,-0.5989999999999895,3,false,"","",false,1,1,3,490.78260671734097,706.6383098227706,76.85771543086173,68.13628086250625
To pass oxymur[superscript]c[/superscript]. acid gas & Nitrogene,2,-0.5989999999999895,3.857142857142857,false,"","",false,1,1,4,253.12325481040207,969.3717601218061,125.91583166332666,122.64529889857843
through a red hot porcelain tube,3,-0.5989999999999895,3,false,"","",false,1,1,3,306.542109120585,993.3557779621744,210.94989148218312,191.32665330661322
/ warm water. -,4,-0.5989999999999895,3.75,true,"",E_L_Bird,false,1,1,4,413.37977615387024,853.8126585201653,243.6553023038264,233.84370400958167
To Electrize oxymur[superscript]c[/superscript]. gas,5,-0.5989999999999895,3,false,"","",false,1,1,3,258.5741566140093,937.7565130260521,357.0340764536886,361.3948145314066
D[superscript]o[/superscript]. & Nitrogene together. -,6,-0.5989999999999895,3,false,"","",false,1,1,3,398.11727605601834,1067.487992586736,444.24858848556494,450.78957084090064
