consensus text,line number,line slope,consensus score,line edited (T/F),original transcriber username,line editor username,flagged for low consensus (T/F),page number,column,number of transcribers,line start x,line end x,line start y,line end y
- The Naptha recently distilled,1,-1.113999999999976,3,false,"","",false,1,1,3,680.7918467521667,1589.9434080123901,263.429075717926,234.51612854003906
& brown was [underline]819[/underline] in spec gravity,2,-1.113999999999976,3.7142857142857144,false,"","",false,1,1,4,690.4294958114624,1591.549682855606,335.71144366264343,303.5859467983246
- The substance from Soda,3,-1.113999999999976,3,false,"","",false,1,1,3,719.3424429893494,1487.1418180465698,485.0950040817261,489.9138286113739
remained suspended in 1 part,4,-1.113999999999976,3,false,"","",false,1,1,3,714.5236184597015,1591.549682855606,605.5656173229218,595.9279682636261
of Oil of Sassafrass & 3 parts,5,-1.113999999999976,3,false,"","",false,1,1,3,704.8859694004059,1538.54261302948,711.579756975174,703.5483827590942
of Naptha of 8.61. -,6,-1.113999999999976,3,false,"","",false,1,1,3,696.8545951843262,1218.8939192295074,827.2315456867218,824.0189960002899
9,7,-1.113999999999976,3,false,"","",false,1,2,3,1132.1550776958466,1265.4758896827698,1153.3053216934204,1150.0927720069885
8.94,8,-1.113999999999976,3,false,"","",false,1,2,3,1048.6287858486176,1228.531568288803,1392.6402733325958,1384.608899116516
0.894,9,-1.113999999999976,3,false,"","",false,1,2,3,1056.6601600646973,1231.744117975235,1644.8254237174988,1641.612874031067
