consensus text,line number,line slope,consensus score,line edited (T/F),original transcriber username,line editor username,flagged for low consensus (T/F),page number,column,number of transcribers,line start x,line end x,line start y,line end y
Aug.[superscript]t[/superscript] 31[superscript]st[/superscript],1,-0.1560000000000059,3.5,true,"",Fierengraw,false,1,1,4,495.7242019661512,750.7429921758799,135.66999639157567,123.42909446150864
"Barom""[superscript]r[/superscript] 30. Thermom.[superscript]r[/superscript]. 68.",2,-0.1560000000000059,3,true,"",Fierengraw,false,1,1,4,298.8496959242407,856.830808903127,197.89458120274944,184.63360411184354
"6 grs of potass""[superscript]m[/superscript] carefully freed from Naptha",3,-0.1560000000000059,3.625,true,"",Fierengraw,false,1,1,4,292.7292449592072,1132.2511023296338,280.5206692307015,288.6812705174128
were heated in a green glass retort,4,-0.1560000000000059,3,false,"","",false,1,1,3,301.9099214067574,1096.5484717002719,334.58465275516403,330.50435211180843
filled with Ammon.[superscript]e[/superscript] gas. after having,5,-0.1560000000000059,3.5,false,"","",false,1,1,4,281.5084181899791,1085.3276449310438,375.3876591887206,388.64863627962654
 been first exhaus.[superscript]d[/superscript] from hydrogene.,6,-0.1560000000000059,3.6,true,"",Fierengraw,false,1,1,4,299.8697710850796,1096.5484717002719,421.2910414264718,438.63231916073335
The appearances were [deletion]similar[/deletion] as usual. .,7,-0.1560000000000059,3.8333333333333335,true,"",Fierengraw,false,1,1,4,286.6087939941737,1118.990125238728,482.4955510768067,490.656152363518
