consensus text,line number,line slope,consensus score,line edited (T/F),original transcriber username,line editor username,flagged for low consensus (T/F),page number,column,number of transcribers,line start x,line end x,line start y,line end y
51,1,-2.5779999999999745,3,false,"","",false,1,2,3,1161.1648838954575,1235.1840390696898,67.20156230009019,72.39587985376164
Win dyke at Ballentoy on the shore,2,-2.5779999999999745,3.076923076923077,true,escholzia,E_L_Bird,false,1,1,5,74.25291409073742,1139.0890528686987,198.35821056470854,120.44334818579739
the white Limestone more approaching,3,-2.5779999999999745,3,false,"","",false,1,1,3,93.7316234933503,1114.4160011439546,274.9744378261672,191.86528266204448
[underline]to Marble[/underline]. near in thickness ten or,4,-2.5779999999999745,3.1538461538461537,true,deehar,E_L_Bird,false,1,1,5,103.65046752387883,1146.4107009697018,335.89685959950066,257.9820219890494
11 feet - The Basalt very soft,5,-2.5779999999999745,3.1666666666666665,true,E_L_Bird,E_L_Bird,false,1,1,5,114.15872546735955,1175.0991322721816,408.46291477542223,334.44385867502916
towards [underline]the edges of the dyke[/underline],6,-2.5779999999999745,2.909090909090909,true,E_L_Bird,E_L_Bird,true,1,1,5,121.00179684224037,1126.10324660029,481.4488763824704,428.2069914229239
not in distinct prisms. . -,7,-2.5779999999999745,3.6666666666666665,false,"","",false,1,1,4,137.8833598522474,1141.6861744928447,561.9607860801481,528.197660060134
