consensus text,line number,line slope,consensus score,line edited (T/F),original transcriber username,line editor username,flagged for low consensus (T/F),page number,column,number of transcribers,line start x,line end x,line start y,line end y
Fairhead,1,-82.20299999999997,4,false,"","",false,1,1,4,400.55589115619654,397.1287292242049,1147.3779946565628,928.0396310091019
"[Pencil sketch of cliffs facing onto the sea, with a bay sweeping round on the right-hand side. A couple of small cottages are visible. Sketch labelled as below]",2,,0,true,"",Fierengraw,false,1,1,0,,,,
red S,3,-82.20299999999997,3.5,false,"","",false,1,1,4,605.5908461809158,634.7943361997603,888.2176859378815,826.7896552085876
S,4,-82.20299999999997,4,false,"","",false,1,1,4,628.2487263679503,638.8224037885665,639.4845123291016,606.7564631700516
West,5,-82.20299999999997,4,false,"","",false,1,2,4,666.8109652996063,679.6405183672905,269.0131331086159,125.5554033517837
sandstone,6,-82.20299999999997,4,false,"","",false,1,1,4,734.000596344471,748.4421981573104,631.3422664403915,490.6703673005104
S.,7,-82.20299999999997,4,false,"","",false,1,2,4,743.138713479042,744.6938108205795,160.8683825135231,104.10732954740524
[unclear]Coal[/unclear],8,-82.20299999999997,4,false,"","",false,1,1,4,782.326671898365,790.8896142542362,656.4903471171856,581.8704208731651
Shale,9,-82.20299999999997,4,false,"","",false,1,2,4,796.789571762085,807.2864788174629,191.19278067350385,90.88900214433664
