consensus text,line number,line slope,consensus score,line edited (T/F),original transcriber username,line editor username,flagged for low consensus (T/F),page number,column,number of transcribers,line start x,line end x,line start y,line end y
111,1,-0.8460000000000036,3,false,"","",false,1,2,3,928.7784814243801,1013.0794779716005,85.23074869978478,86.47049705581105
-.,2,-0.8460000000000036,3,false,"","",false,1,1,3,215.9394922989073,301.48018991058973,129.8606963938833,121.18264706795605
M[superscript]r[/superscript] Pepys will lend us some,3,-0.8460000000000036,3,false,"","",false,1,1,3,213.46004287841888,917.6209826779643,236.47659585080658,241.43549469178345
 Potash to order three.,4,-0.8460000000000036,3,true,"",Fierengraw,false,1,1,3,184.94649277171285,871.7513812109678,312.09949578053545,312.09949578053545
Barrels from M[superscript]r[/superscript] [underline]Fidler[/underline]. -,5,-0.8460000000000036,3,false,"","",false,1,1,3,104.36469400100722,1037.873877593356,419.955143593485,412.516842623584
- To make the Potassium,6,-0.8460000000000036,3,false,"","",false,1,1,3,201.06286671332325,936.2167823942809,480.70143685425546,516.6533115766447
exp[superscript]t[/superscript] as soon as possible,7,-0.8460000000000036,3,false,"","",false,1,1,3,299.0007404901013,890.3471809272846,610.8720112226902,572.4407107255947
