consensus text,line number,line slope,consensus score,line edited (T/F),original transcriber username,line editor username,flagged for low consensus (T/F),page number,column,number of transcribers,line start x,line end x,line start y,line end y
[deletion]12[/deletion],1,-15.062999999999988,3,false,"","",false,1,1,3,980.0846208333969,1026.9686939120293,1169.1404882669449,1167.1594710946083
[deletion][underline]12.25[/underline][/deletion],2,-15.062999999999988,3,false,"","",false,1,1,3,989.3293676376343,1066.5890373587608,1197.5240203738213,1182.9965611100197
[deletion]3 | 10.75 | 3.58[/deletion],3,-15.062999999999988,3,true,"",Fierengraw,false,1,1,3,941.1246164441109,1139.2263336777687,1240.4460591077805,1203.467071890831
[deletion][unclear]xxx[/unclear][/deletion],4,-15.062999999999988,3,false,"","",false,1,1,4,1025.252582192421,1073.7982754707336,1255.3302142620087,1243.0759615898132
[deletion][underline]15[/underline][/deletion],5,-15.062999999999988,3,false,"","",false,1,1,3,1032.7936607599258,1071.9130058288574,1277.7021071910858,1256.0215063095093
[deletion]7.16 hyd[superscript]n[/superscript][/deletion],6,-15.062999999999988,3,false,"","",false,1,1,3,1092.6509718894958,1185.5005017518997,1258.3780933618546,1221.1440179347992
[deletion]25[/deletion],7,-15.062999999999988,3,false,"","",false,1,1,3,1048.8184527158737,1078.5114495754242,1285.7145031690598,1276.7594723701477
