consensus text,line number,line slope,consensus score,line edited (T/F),original transcriber username,line editor username,flagged for low consensus (T/F),page number,column,number of transcribers,line start x,line end x,line start y,line end y
37,1,-1.809000000000026,3,false,"","",false,1,1,3,908.3561699738946,1010.4565147352232,107.20538659825229,103.98113238626036
Silicious Basalt with shells.-,2,-88.13499999999999,3,false,"","",false,1,1,3,321.7278059097068,327.101508265566,1436.9052273210598,717.9038357078334
"[Pencil sketch of rock structure, the lower part of it inked in and labelled as below]",3,,0,true,"",Fierengraw,false,1,1,0,,,,
fine grained,4,-88.13499999999999,3,false,"","",false,1,1,3,474.3410020138283,507.6579197218707,1597.0415534258605,1434.7557381790969
South,5,-88.13499999999999,3,false,"","",false,1,2,3,567.720060033248,561.2715516092641,553.9130431742997,408.82307956609577
Coarse grained,6,-88.13499999999999,3,false,"","",false,1,1,3,650.5983941881118,655.9720965439711,1576.6214885734041,1296.114200998686
Basaltic [chemical_103]Hornblende[/chemical_103] or [unclear]xxx[/unclear],7,-88.13499999999999,3.2,true,"",E_L_Bird,false,1,1,4,733.3535006641564,743.0260993077507,1575.5467440024227,1016.6817194920924
& Zeolite,8,-88.13499999999999,3,false,"","",false,1,1,3,796.5922697884693,795.0582974230006,1597.96013675749,1368.6321458626076
