consensus text,line number,line slope,consensus score,line edited (T/F),original transcriber username,line editor username,flagged for low consensus (T/F),page number,column,number of transcribers,line start x,line end x,line start y,line end y
15,1,-0.17300000000000182,2,false,"","",false,1,3,2,2641.335997816436,2715.5713550413966,476.6691358655394,478.6226978977752
- We will find,2,-0.17300000000000182,2,false,"","",false,1,2,2,1070.6721238988387,1973.2177827917865,605.6042299931034,588.022171702981
a regulation,3,-0.17300000000000182,2,false,"","",false,1,2,2,1262.1212030579488,1859.9111849221088,736.4928861529031,699.3752075404227
renovates the Atmosphere,4,-0.17300000000000182,2.6666666666666665,false,"","",false,1,2,3,1617.6694929248677,2543.6578962046447,847.8459219903448,840.0316738614015
[underline]for[/underline],5,-0.17300000000000182,2,true,"",a_s_wolf,false,1,2,2,1230.8642105421757,1385.1956110888052,937.7097754731924,943.5704615698999
[deletion]Decom[/deletion],6,-0.17300000000000182,2,false,"","",false,1,2,2,1598.1338726025094,1813.0256961484495,1135.0195407290098,1136.9731027612456
[underline]Rocks decomposed[/underline],7,-0.17300000000000182,2,false,"","",false,1,2,2,1307.0531297993725,2055.2673881456903,1406.5646632097885,1402.657539145317
[underline]essential to the order of Nature[/underline],8,-0.17300000000000182,2,false,"","",false,1,2,2,1211.3285902198174,2678.453676428916,1646.852793174794,1639.0385450458507
