consensus text,line number,line slope,consensus score,line edited (T/F),original transcriber username,line editor username,flagged for low consensus (T/F),page number,column,number of transcribers,line start x,line end x,line start y,line end y
189,1,-2.725999999999999,3,false,"","",false,1,1,3,1069.1547471284866,1138.1089346408844,74.42637610435486,71.14284336566925
{as the hydrofluoric acid acts with great,2,178.83,3,true,"",E_L_Bird,false,1,1,3,1133.6289916038513,181.40366768836975,585.1516968011856,610.6903070211412
violence upon glass producing silicated,3,178.83,3.8,false,"","",false,1,1,4,1115.387127161026,154.95296424627304,520.3930780291557,544.1075018048288
fluoric gas; [deletion]I therefore[/deletion] I had recourse,4,178.83,3.7142857142857144,false,"","",false,1,1,4,1101.1693680286407,145.3253756761551,447.67743921279913,472.54330790042894
[deletion]of[/deletion] to [deletion][unclear]xxxxx[/unclear][/deletion] an apparatus made,5,178.83,3.8333333333333335,false,"","",false,1,1,4,1095.217029452324,280.8911380171776,365.65766298770905,387.87806642055523
of platina. a small [deletion]capsule of[/deletion],6,178.83,3,false,"","",false,1,1,3,1045.3206095695496,200.87570893764496,299.69125354290014,306.6536967754366
trough of platina was filled,7,178.83,3,false,"","",false,1,1,3,1034.3024971485138,288.58399653434753,224.33420610427856,234.49598860740673
with pure hydrofluoric acid &,8,178.83,3,false,"","",false,1,1,3,1053.8443865776062,272.9504849910736,150.07502627372742,165.70853781700146
introduced into a tube of platina},9,178.83,3,true,"",E_L_Bird,false,1,1,3,1028.0490925312042,140.84731245040894,82.06925106048584,96.92108702659618
