consensus text,line number,line slope,consensus score,line edited (T/F),original transcriber username,line editor username,flagged for low consensus (T/F),page number,column,number of transcribers,line start x,line end x,line start y,line end y
[unclear]P[superscript]l[/superscript][/unclear] Granite the shist & the secondary,1,-1.1399999999999864,3,false,"","",false,1,1,3,13.00841498374939,1256.5052317380905,179.21306836605072,147.3285346031189
Granite all cut by Granite,2,-1.1399999999999864,3.8,false,"","",false,1,1,4,76.77748250961304,1130.0665633678436,259.4741361141205,207.79920208454132
[underline]dikes[/underline] - These dikes all of different,3,-1.1399999999999864,3.7142857142857144,false,"","",false,1,1,4,99.8662828207016,1240.0132315158844,347.4314706325531,306.751203417778
Material & often [unclear]interested[/unclear] one by,4,-1.1399999999999864,3.6666666666666665,false,"","",false,1,1,4,71.280149102211,1077.292162656784,433.1898717880249,413.39947152137756
"another , [deletion]xxxxxxx xxxxx[/deletion] & again cut by",5,-1.1399999999999864,3.5,false,"","",false,1,1,4,116.35828304290771,1058.6012290716171,507.9536061286926,516.7493395805359
Sulphate of Barytes showing,6,-1.1399999999999864,3,false,"","",false,1,1,3,97.17886090278625,1131.77700817585,608.4600946903229,599.6643612384796
at least 5 formations. -,7,-1.1399999999999864,3.8,false,"","",false,1,1,4,120.26766121387482,948.1660723686218,700.8152959346771,682.1243623495102
- These interesting geological facts,8,-1.1399999999999864,3,false,"","",false,1,1,3,123.56606125831604,1152.6668751239777,788.7726304531097,781.0763636827469
