consensus text,line number,line slope,consensus score,line edited (T/F),original transcriber username,line editor username,flagged for low consensus (T/F),page number,column,number of transcribers,line start x,line end x,line start y,line end y
[marginal note]1809[/marginal note],1,-0.06099999999997863,3,true,"",Fierengraw,false,1,1,3,423.2411655187607,519.2016667127609,160.23666298389435,160.23666298389435
Returns to [person_371]M[superscript]r[/superscript]. Knights[/person_371],2,-0.06099999999997863,3.75,true,"",RebekahMM,false,1,1,4,807.0831702947617,1272.1225222349167,193.7613273859024,191.91593313217163
[marginal note]March 9[superscript]th[/superscript][/marginal note] 14 [deletion][unclear]xxxxx[/unclear][/deletion] large & small porcelain Retorts },3,-0.06099999999997863,3.75,true,"",Fierengraw,false,1,1,4,550.5733690261841,1381.0007832050323,232.51460671424866,226.97842395305634
Some stoppered. - - - },4,-0.06099999999997863,3.6666666666666665,true,"",Fierengraw,false,1,1,4,861.3885964155197,1417.7028712034225,263.94796311855316,259.6904559135437
},5,93.621,3,false,"","",false,1,1,3,1437.831235970772,1434.6429473695403,209.31241214066742,259.6873574452991
