consensus text,line number,line slope,consensus score,line edited (T/F),original transcriber username,line editor username,flagged for low consensus (T/F),page number,column,number of transcribers,line start x,line end x,line start y,line end y
[deletion]Oct 2.[/deletion],1,0.956,3,true,"",E_L_Bird,false,1,1,3,668.1226168201013,900.1954514161974,75.11613540604105,79.91102777582503
[deletion]Barom[superscript]r[/superscript] 30.27[/deletion],2,0.956,3,false,"","",false,1,2,3,968.28290843428,1263.6482345144232,112.51632881426929,116.35220246975831
[deletion]Ther. 63[superscript]o[/superscript] Fah[superscript]r[/superscript][/deletion],3,0.956,3,false,"","",false,1,2,3,1112.1296795278,1344.2024409596447,147.99848479390755,178.68580327695025
[deletion]2 grs of Arsenic Acid[/deletion],4,0.956,3,false,"","",false,1,1,3,447.5575678100374,994.175297965413,222.7988350282384,207.4551574956542
[deletion]3 Cub .In of oxymur[superscript]c[/superscript] gas Entered[/deletion],5,0.956,3,false,"","",false,1,1,3,461.94224491938945,1282.8278039935594,311.0248253665634,312.94278963090215
20 grs of clean tin filings,6,0.956,3,false,"","",false,1,1,3,417.82923145916413,1128.432284319365,519.123161531614,523.918053901398
5 [deletion][unclear]1/2[/unclear][/deletion] 1/5 Cub. In. diluted Mur[superscript]c[/superscript]. acid,7,0.956,3,false,"","",false,1,1,3,467.6961194213428,1304.8843381602665,606.3902246109581,595.8414394481579
did not succeed -,8,0.956,3.75,false,"","",false,1,1,4,608.603571640047,1078.6350034030932,669.4590637712394,669.4590637712394
