consensus text,line number,line slope,consensus score,line edited (T/F),original transcriber username,line editor username,flagged for low consensus (T/F),page number,column,number of transcribers,line start x,line end x,line start y,line end y
3 of Hydrogen go to [unclear]7[/unclear] Nitrogen,1,-1.016999999999996,3.4285714285714284,false,"","",false,1,1,4,152.30896365642548,855.1894642114639,1031.8369287252426,1014.6515864133835
Then 5 remain,2,-1.016999999999996,3,false,"","",false,1,1,3,75.83419036865234,364.54794120788574,1146.5777212381363,1117.3626393079758
24 Hydrogen . 3 of Hy drogene take 1,3,-1.016999999999996,3,true,"",Fierengraw,false,1,1,3,156.60529923439026,438.44491314888,1324.4460499286652,1325.3053170442581
of oxygene.,4,-1.016999999999996,3.5,false,"","",false,1,2,4,651.5431578159332,872.3748065233231,1341.6313922405243,1347.646262049675
24 Sulphur,5,-1.016999999999996,3,false,"","",false,1,1,3,154.0274978876114,438.44491314888,1424.1210353374481,1417.2468984127045
[underline]remains 21 of Hydrogen[/underline] there must,6,-1.016999999999996,3,false,"","",false,1,1,3,114.50121057033539,805.3519715070724,1536.6850274801254,1536.6850274801254
[underline]be free hydrogine[/underline],7,-1.016999999999996,3,false,"","",false,1,1,3,113.64194345474243,483.12680315971375,1643.2340635061264,1638.0784608125687
