consensus text,line number,line slope,consensus score,line edited (T/F),original transcriber username,line editor username,flagged for low consensus (T/F),page number,column,number of transcribers,line start x,line end x,line start y,line end y
1811,1,-1.4879999999999995,6,false,"","",false,1,2,6,936.3855867385864,1123.234677783073,196.40339415014805,197.0195724243027
[underline]Lecture B.[/underline],2,-1.4879999999999995,4.5,true,"",LH1980Lancaster,false,1,1,5,383.057496547699,841.4941325187683,293.3005576133728,277.27992248535156
On the decomposition of,3,-1.4879999999999995,9,false,"","",false,1,1,10,449.6047501564026,1213.6658101081848,447.3451261520386,428.8597779273987
the Earths & on Meteoric,4,-1.4879999999999995,3.4,false,"","",false,1,1,4,282.00425958633423,1123.703782081604,549.6307196617126,527.4483017921448
stones,5,-1.4879999999999995,3,true,"",LH1980Lancaster,false,1,1,4,295.5601816177368,447.14003705978394,646.9868869781494,643.2898173332214
[deletion]1[superscript]st[/superscript] properties of Sodium[/deletion],6,-1.4879999999999995,4.75,true,deehar,E_L_Bird,false,1,1,6,309.1161036491394,1161.9068350791931,882.3669838905334,863.8816356658936
- The analogy between the earths,7,-1.4879999999999995,3.8333333333333335,false,"","",false,1,1,4,208.06286668777466,1320.8808298110962,1227.4268383979797,1197.850281238556
& the Metallic oxides -,8,-1.4879999999999995,3.6,false,"","",false,1,1,4,152.60682201385498,1073.1771636009216,1360.521345615387,1323.5506491661072
 Barytes  - poisonous qualities,9,-1.4879999999999995,4.2,true,"",LH1980Lancaster,false,1,1,5,274.61012029647827,1322.1131863594055,1773.3607997894287,1732.693033695221
