consensus text,line number,line slope,consensus score,line edited (T/F),original transcriber username,line editor username,flagged for low consensus (T/F),page number,column,number of transcribers,line start x,line end x,line start y,line end y
157,1,-2.3220000000000027,3,true,TEHark,FrankPearson,false,1,1,3,1119.6461480855942,1200.3351908922195,100.31612014770508,97.04494273662567
Where winter seems to mingle with the spring.,2,-179.879,3,true,TEHark,FrankPearson,false,1,1,3,1183.7973914146423,144.6533671617508,612.328023314476,582.8874266147616
And lower still the olive tree appears,3,-179.879,3,true,TEHark,FrankPearson,false,1,1,3,1191.430138707161,355.0991139411926,536.0005503892899,530.548588037491
- The work of [unclear]alturn[/unclear] & the leafless vine,4,-179.879,3.7777777777777777,true,E_L_Bird,FrankPearson,false,1,1,4,1172.8934667110443,187.17867350578308,458.58265435695654,465.12500917911547
"And the green [unclear]redden[/unclear], where the torrents sleeping",5,-179.879,3.7777777777777777,true,E_L_Bird,FrankPearson,false,1,1,4,1173.0472172498703,65.20846736431122,387.1163994073868,399.11071658134483
"Or moves obedient to the wants of Man,",6,-179.879,3,true,Leander,FrankPearson,false,1,1,3,1149.6550827026367,78.91636419296265,326.88723516464233,344.71637201309215
- [deletion]A[/deletion] Nature in savage wildness mountain [insertion]strength[/insertion],7,-179.879,3.875,true,E_L_Bird,FrankPearson,false,1,1,4,1140.9739062786102,75.66046273708344,238.14348113536835,229.42034137249004
[unclear]Oh[/unclear] Breathes in our pictures,8,-179.879,3.2,true,E_L_Bird,FrankPearson,false,1,1,4,1098.448599934578,328.63151586055756,159.63522326946259,117.10991692543041
with the [unclear]forms[/unclear] of art,9,-179.879,3,true,E_L_Bird,FrankPearson,false,1,2,3,640.7819411754607,109.76080811023712,59.49904084205639,71.49335801601421
