consensus text,line number,line slope,consensus score,line edited (T/F),original transcriber username,line editor username,flagged for low consensus (T/F),page number,column,number of transcribers,line start x,line end x,line start y,line end y
Mem to get as much,1,-1.4580000000000268,3,false,"","",false,1,1,3,139.0315146446228,983.0926294326782,305.0429129600525,281.34996938705444
information as possible,2,-1.4580000000000268,3.6666666666666665,false,"","",false,1,1,4,156.80122232437134,923.8602705001831,423.5076308250427,398.8274812698364
of the plants growing,3,-1.4580000000000268,3,false,"","",false,1,1,3,173.58372402191162,993.951895236969,528.1514554023743,518.2793955802917
upon the different,4,-1.4580000000000268,3,false,"","",false,1,1,3,219.98240518569946,1005.798367023468,638.7185254096985,630.8208775520325
Mountain districts.-,5,-1.4580000000000268,3.5,true,"",Fierengraw,false,1,1,4,210.11034536361694,1027.5168986320496,779.8889875411987,753.2344260215759
[underline]Limestone[/underline] is not found,6,-1.4580000000000268,3,false,"","",false,1,1,3,181.48137187957764,1034.4273405075073,974.3685660362244,924.0210609436035
in [underline]Corniwallls[/underline] in its,7,-1.4580000000000268,3.75,false,"","",false,1,1,4,209.1231393814087,908.0649747848511,1052.3578634262085,1064.2043352127075
[underline]primitive .state[/underline]. -,8,-1.4580000000000268,3.6666666666666665,true,"",Fierengraw,false,1,1,4,196.28946161270142,835.9989380836487,1197.4771428108215,1194.5155248641968
91,9,-1.4580000000000268,3,false,"","",false,1,1,3,97.56886339187622,170.62210607528687,1733.5299129486084,1728.5938830375671
