consensus text,line number,line slope,consensus score,line edited (T/F),original transcriber username,line editor username,flagged for low consensus (T/F),page number,column,number of transcribers,line start x,line end x,line start y,line end y
180,1,-179.343,3,true,TEHark,FrankPearson,false,1,2,3,210.82062792778015,150.1564564704895,626.8631287813188,624.616307616234
[deletion][unclear]xxxxx[/unclear][/deletion] [unclear]South 'looks South[/unclear],2,-179.343,4,true,E_L_Bird,FrankPearson,false,1,1,7,941.5335502624512,308.47635650634766,615.0205659866333,622.1679859161378
B,3,-179.343,3,true,TEHark,FrankPearson,false,1,1,3,1006.2160209417343,946.6752600669861,510.17356288433086,507.926741719246
B,4,-179.343,3,true,TEHark,FrankPearson,false,1,1,3,742.2145340442657,681.5503625869751,443.8923435211183,442.76893293857586
Lava porous,5,-179.343,3,true,TEHark,FrankPearson,false,1,1,3,859.7945404052734,617.9777941703796,375.9864931106568,384.97039699554455
d,6,-179.343,3,true,TEHark,FrankPearson,false,1,1,3,864.2864923477173,838.8320980072021,308.6072082519532,308.6072082519532
Lava containing quartz & sand,7,-179.343,3,true,Leander,FrankPearson,false,1,1,3,817.2071821689606,265.8195899128914,282.1985412240029,284.8399189114572
de,8,-179.343,3,true,TEHark,FrankPearson,false,1,1,3,915.9439396858215,872.521737575531,279.4095234870911,277.1635475158692
