consensus text,line number,line slope,consensus score,line edited (T/F),original transcriber username,line editor username,flagged for low consensus (T/F),page number,column,number of transcribers,line start x,line end x,line start y,line end y
a day of gloom & rain,1,-164.691,3.8333333333333335,true,"",E_L_Bird,false,1,1,4,948.8837056159973,351.19161754846573,1424.7639002799988,1268.0656000375748
contrast to the day,2,-164.691,3,false,"","",false,1,1,3,941.4218817949295,237.77189546823502,1285.9739844799042,1088.981835603714
I spent at,3,-164.691,3,false,"","",false,1,1,3,893.6662093400955,366.86144757270813,1143.453149497509,993.4704906940461
Fairhead,4,-164.691,3,true,"",Fierengraw,false,1,1,3,916.7978631854057,460.88042771816254,1029.2872632145882,896.4667991995811
last year,5,-164.691,3,false,"","",false,1,1,3,876.5040145516396,421.33276146650303,855.4267681837082,736.0375870466233
