consensus text,line number,line slope,consensus score,line edited (T/F),original transcriber username,line editor username,flagged for low consensus (T/F),page number,column,number of transcribers,line start x,line end x,line start y,line end y
36,1,179.466,3,false,"","",false,1,1,3,860.3833932876586,742.9613337516784,1424.6845424175262,1433.5801529884338
0094,2,179.466,3,false,"","",false,1,1,3,675.3546934127806,479.6512608528136,1137.5342791080475,1142.871645450592
094,3,179.466,3,false,"","",false,1,1,3,714.4953799247742,541.9205348491669,614.4723870754243,612.6932649612428
[underline]36[/underline],4,179.466,3,false,"","",false,1,1,3,686.0294260978698,520.5710694789885,537.021266937256,537.021266937256
56.4,5,179.466,3,false,"","",false,1,1,4,719.8327462673186,547.2579011917113,465.3819477558137,461.8237035274507
[underline]272[/underline],6,179.466,3,false,"","",false,1,1,3,807.009729862213,591.7359540462493,374.64671993255627,374.64671993255627
3284,7,179.466,3,false,"","",false,1,1,3,778.5437760353087,513.4545810222625,278.57412576675426,276.79500365257275
