consensus text,line number,line slope,consensus score,line edited (T/F),original transcriber username,line editor username,flagged for low consensus (T/F),page number,column,number of transcribers,line start x,line end x,line start y,line end y
But the middle of,1,-4.071000000000026,3,true,ESollis,Eleanor_Lucy_Bird,false,1,1,4,265.3722229003906,931.7937622070312,226.57574462890625,197.00755310058594
a detached piece of,2,-4.071000000000026,4,false,"","",false,1,1,4,209.84320068359375,830.4134521484375,322.9498291015625,271.38641357421875
Bark had formed wood,3,-4.071000000000026,3.25,true,"",Eleanor_Lucy_Bird,false,1,1,4,196.25196838378906,989.5243530273438,416.15777587890625,362.1540222167969
A new Bark is formed,4,-4.071000000000026,3.8,true,HaydenYKo,aplacey,false,1,1,4,236.38998413085938,916.5460815429688,599.3329467773438,535.8419799804688
under the new wood upon,5,-4.071000000000026,3.8,false,"","",false,1,1,4,274.33856201171875,997.5519409179688,667.2025756835938,602.9817504882812
the old Bark. - ie upon,6,-4.071000000000026,8.285714285714286,true,ESollis,Eleanor_Lucy_Bird,false,1,1,11,278.7172546386719,987.3349609375,746.0189208984375,703.6915893554688
the bared part,7,-4.071000000000026,4,false,"","",false,1,1,4,290.3914489746094,682.7386474609375,830.44921875,806.5671997070312
