consensus text,line number,line slope,consensus score,line edited (T/F),original transcriber username,line editor username,flagged for low consensus (T/F),page number,column,number of transcribers,line start x,line end x,line start y,line end y
35,1,-2.9350000000000023,3,false,"","",false,1,2,3,1185.2724974155426,1254.1556985378265,75.54853868484497,82.21465492248535
show the order & nature of,2,-2.9350000000000023,3,false,"","",false,1,1,3,76.47516322135925,1009.7314364910126,161.09703040122986,105.54606175422668
"Granite Veins, all formed by",3,-2.9350000000000023,3,false,"","",false,1,1,3,110.14499402046204,1061.1775772571564,226.5273151397705,167.64328837394714
deposition after the primary Rock,4,-2.9350000000000023,3,false,"","",false,1,1,3,131.25436210632324,1185.6117470264435,309.85376811027527,223.19425702095032
[underline]had been formed[/underline].. For a large,5,-2.9350000000000023,3,false,"","",false,1,1,3,147.9196527004242,1078.9538872241974,398.73531794548035,328.74109745025635
dike [deletion]xxx[/deletion] passing through both the,6,-2.9350000000000023,3.6666666666666665,false,"","",false,1,1,4,144.586594581604,1141.170972108841,484.28380966186523,414.28958916664124
granite & the shist has broken,7,-2.9350000000000023,3,false,"","",false,1,1,3,170.14004015922546,1147.8370883464813,566.4992432594299,489.83890652656555
another large dike . & has envelloped,8,-2.9350000000000023,3,true,"",Fierengraw,false,1,1,3,175.69513702392578,1210.0541732311249,648.7146768569946,557.6110882759094
in it some pieces of Shist,9,-2.9350000000000023,3,false,"","",false,1,1,3,190.1383888721466,1122.2836427688599,708.709722995758,668.7130255699158
