consensus text,line number,line slope,consensus score,line edited (T/F),original transcriber username,line editor username,flagged for low consensus (T/F),page number,column,number of transcribers,line start x,line end x,line start y,line end y
This note book began at Clifton,1,-2.5950000000000273,3,false,"","",false,1,1,3,192.7968728542328,1113.9306296110153,154.56584572792053,131.13674080371857
finished in London -,2,-2.5950000000000273,3,true,"",Fierengraw,false,1,1,3,194.0299836397171,944.9944519996643,239.6504899263382,207.58960950374603
first notes written,3,-2.5950000000000273,3,false,"","",false,1,1,3,192.7968728542328,1120.096183538437,330.90068805217743,286.5086997747421
in London dated 13 March,4,-2.5950000000000273,3,false,"","",false,1,1,3,171.83398950099945,1168.1875041723251,430.78266167640686,361.7284576892853
1801,5,-2.5950000000000273,3,false,"","",false,1,1,3,152.10421693325043,301.3106219768524,536.8301892280579,530.6646353006363
"[Five ink sketches of faces in profile, varying degrees of detail. Most feature a long straight nose reminiscent of later portraits of Davy himself]",6,,0,true,"",Fierengraw,false,1,1,0,,,,
