consensus text,line number,line slope,consensus score,line edited (T/F),original transcriber username,line editor username,flagged for low consensus (T/F),page number,column,number of transcribers,line start x,line end x,line start y,line end y
601,1,1.02,3,false,"","",false,1,1,3,962.8421266078949,1050.7199685573578,140.96914041042328,144.63071715831757
13.5,2,1.02,3,false,"","",false,1,1,3,719.3472728729248,810.886691570282,319.4710068702698,322.2171894311905
7,3,1.02,3,false,"","",false,1,1,3,723.9242438077927,807.2251148223877,480.5803828239441,481.49577701091766
[underline]5[/underline],4,1.02,3,false,"","",false,1,1,3,678.1545344591141,804.478932261467,538.2502166032791,541.9117933511734
5,5,1.02,3,false,"","",false,1,1,3,717.5164844989777,808.1405090093613,587.681502699852,589.5122910737991
[Ink sketch of test tube],6,1.02,3,true,"",E_L_Bird,false,1,1,3,464.75861740112305,638.4866256713867,1550.5185997486115,1546.1753995418549
