consensus text,line number,line slope,consensus score,line edited (T/F),original transcriber username,line editor username,flagged for low consensus (T/F),page number,column,number of transcribers,line start x,line end x,line start y,line end y
In Anglesea the arrangement is similar,1,0.992,3,false,"","",false,1,1,3,86.16257903812988,1206.9903238168233,152.43257328990234,181.57409465414833
to that of Canarfonshire ; the Highest,2,0.992,3,false,"","",false,1,1,3,89.52506227246596,1214.836118030274,234.25299865874695,251.0654148304273
peaks of the Island are either chlorite,3,0.992,3,true,"",Fierengraw,false,1,1,3,96.25002874113812,1237.252672925848,297.01935236635376,313.83176853803417
"feldspar shist , Hornblende, or feldspar",4,0.992,3,false,"","",false,1,1,3,118.66658363671198,1259.6692278214218,374.35646675608365,390.04805518298537
Rock - remarkable Rock of compact,5,0.992,3,false,"","",false,1,1,3,123.14989461582675,1157.6739030465608,441.60613144280524,458.4185476144856
feldspar near [underline]Beaumaris[/underline] - the,6,0.992,3.8,false,"","",false,1,1,4,125.39155010538414,1071.3701666986015,518.943245832535,534.6348342594367
[underline]chorite Shist feldspar[/underline] near Kemlyn,7,0.992,3,true,"",Fierengraw,false,1,1,3,132.1165165740563,1168.8821804943477,604.1261544357158,611.9719486491666
passes into [underline]Serpentine[/underline] & here contains,8,0.992,3,false,"","",false,1,1,3,116.42492814715459,1176.7279747077987,670.2549913776586,694.9132017627899
veins of [underline]asbestos[/underline] & of a species of,9,0.992,3,false,"","",false,1,1,3,105.21665069936768,1167.7613527495691,757.6795554703967,785.7002490898641
