consensus text,line number,line slope,consensus score,line edited (T/F),original transcriber username,line editor username,flagged for low consensus (T/F),page number,column,number of transcribers,line start x,line end x,line start y,line end y
truly secondary country - along the coast,1,1.57,3.5714285714285716,false,"","",false,1,1,4,92.71012828097994,1205.8681540580355,151.95873406039794,171.25509044388608
by Bangor ferry - lowest stratum,2,1.57,3.1666666666666665,false,"","",false,1,1,4,107.18237486586148,1117.8285332340547,239.99833418164425,282.20907754073903
barn [underline]sandstone[/underline] containing char coal,3,1.57,3.2,false,"","",false,1,1,4,128.8907861486529,1193.8079002642537,318.3897147056774,340.0981052857343
[underline]& decomposing wood[/underline] - upon this limestone,4,1.57,3.857142857142857,false,"","",false,1,1,5,134.92089234280925,1280.6415453954194,397.98717443619864,446.22802398944987
containing vegetable & marine remains,5,1.57,3.6666666666666665,true,"",Fierengraw,false,1,1,5,157.83530002115052,1156.247094598024,469.142431667791,498.4077758175591
alternate layers of these substances [unclear],6,1.57,3.6666666666666665,false,"","",false,1,1,5,181.95574550051063,1137.9481959649966,549.9459084965966,572.8866086478122
"with shist , whole thickness of the",7,1.57,3.4285714285714284,false,"","",false,1,1,4,152.8296479433038,1094.359002431578,621.9535801204155,643.0029198489121
exposed stratum about 60 feet -,8,1.57,3.1666666666666665,false,"","",false,1,1,4,148.238568124755,1051.3536260123765,725.7508389118143,745.6887316334361
