consensus text,line number,line slope,consensus score,line edited (T/F),original transcriber username,line editor username,flagged for low consensus (T/F),page number,column,number of transcribers,line start x,line end x,line start y,line end y
[unclear]xxxx[/unclear],1,-1.7869999999999777,3,false,"","",false,1,1,3,292.6317187661199,385.75360053646955,157.42032394511506,155.20313628391625
Geo Notes.,2,-1.7869999999999777,3,false,"","",false,1,1,3,447.834855050036,609.6895543175486,138.57422882492523,136.35704116372642
Speculation on Science,3,-1.7869999999999777,3,false,"","",false,1,1,3,436.74891674404205,747.1551893118746,168.50626225110904,158.52891777571443
Also in London Inst[superscript]n[/superscript],4,-1.7869999999999777,3,false,"","",false,1,1,3,441.18329206643966,696.159873104302,210.6328278138863,207.30704632208813
22C,5,-1.7869999999999777,3,false,"","",false,1,1,3,189.53249252037548,386.8621943670689,286.0172082946456,278.2570514804498
[underline]near Axbridge Mill[/underline],6,-1.7869999999999777,3,false,"","",false,1,1,3,253.83093469514077,873.5348860002063,491.1070669555349,443.4375322397606
near [unclear]Lainaston[/unclear],7,-1.7869999999999777,3,false,"","",false,1,1,3,229.44187042195395,852.4716032188177,616.3781698132673,604.1836376766739
