consensus text,line number,line slope,consensus score,line edited (T/F),original transcriber username,line editor username,flagged for low consensus (T/F),page number,column,number of transcribers,line start x,line end x,line start y,line end y
146,1,0.382,1,false,"","",true,1,1,1,436.83461506500237,646.6266751254718,201.00468336716733,214.1166871209466
5,2,0.382,1,false,"","",true,1,2,1,1383.5213461098606,1611.6701313963013,337.369529909221,334.7471191548002
[deletion]147[/deletion],3,0.382,1,false,"","",true,1,2,1,1414.9900750896113,1648.3837819215432,468.48956744701445,468.48956744701445
Published in the Quarterly Journal of Science,4,0.382,1,false,"","",true,1,1,1,673.9106168741524,2263.9589099772834,613.5340608654928,600.424107705495
Vol. 1 p. 1 Date about Feb[superscript]y[/superscript] 1816,5,0.382,1,true,"",RebekahMM,true,1,1,1,580.2681963648779,1988.650250834814,746.5063051330123,733.3964234165115
