consensus text,line number,line slope,consensus score,line edited (T/F),original transcriber username,line editor username,flagged for low consensus (T/F),page number,column,number of transcribers,line start x,line end x,line start y,line end y
{- Or we would haunt,1,-177.573,3,true,"",E_L_Bird,false,1,1,3,969.9306092262268,354.7390432357788,1201.9809033870697,1203.9590113162994
that silent lake,2,-177.573,3,false,"","",false,1,2,3,661.3457722663879,240.0087833404541,1116.922262430191,1107.0317227840424
And we a resting place,3,-177.573,3.8,true,TEHark,E_L_Bird,false,1,1,4,1030.2629010677338,272.64756417274475,928.0129551887512,932.9582250118257
would make,4,-177.573,3,false,"","",false,1,2,3,594.0901026725768,318.1440465450286,844.9324221611024,838.9980983734132
On that high cliff above,5,-177.573,3,false,"","",false,1,1,3,1060.9235739707947,335.9470179080962,759.8737812042236,752.9504034519197
the lake,6,-177.573,3,false,"","",false,1,2,3,591.1229407787322,322.10026240348805,675.8042352199556,653.0559940338136
The shaggy moss upon whose,7,-177.573,3,false,"","",false,1,1,3,1062.9016819000244,287.4833736419678,596.6799185276031,562.0630297660829
brest,8,-177.573,3,false,"","",false,1,2,3,498.1518681049346,384.41066217422474,495.7964141368867,481.94965863227856
Was ne'er by human on foot imprest},9,-177.573,3.4285714285714284,true,"",E_L_Bird,false,1,1,4,1041.1424946784973,258.8008086681366,435.46412229537964,385.0223701000215
