consensus text,line number,line slope,consensus score,line edited (T/F),original transcriber username,line editor username,flagged for low consensus (T/F),page number,column,number of transcribers,line start x,line end x,line start y,line end y
535,1,0.878,3,false,"","",false,1,2,3,973.8651885986328,1053.7470951080322,122.4855899810791,123.5506820678711
[underline]March 6.[/underline],2,0.878,3,false,"","",false,1,1,3,364.6325149536133,694.8110618591309,190.6514835357666,200.23731231689453
[underline]Exp[superscript]ts[/superscript] [deletion]xx[/deletion] in Sulphur -[/underline],3,0.878,3,false,"","",false,1,1,3,238.9516487121582,758.7165870666504,354.6756649017334,367.4567699432373
to make the [underline]sulphuretted liquior[/underline],4,0.878,3,false,"","",false,1,1,3,265.578950881958,1047.3565425872803,458.3446407318115,475.3861141204834
[Ink sketch of apparatus],5,,0,true,"",E_L_Bird,false,1,1,0,,,,
[deletion]March 7[/deletion],6,0.878,3,true,"",E_L_Bird,false,1,1,4,376.3485279083252,644.7517337799072,975.9793930053711,977.0444850921631
Exp[superscript]t[/superscript] on Chinese weed,7,0.878,3.25,true,"",E_L_Bird,false,1,1,5,323.62751173973083,905.2779905796051,1140.8419380187988,1142.480390071869
[underline]A solution of[/underline],8,0.878,3,false,"","",false,1,1,3,257.05821418762207,619.1895236968994,1317.873966217041,1322.134334564209
