consensus text,line number,line slope,consensus score,line edited (T/F),original transcriber username,line editor username,flagged for low consensus (T/F),page number,column,number of transcribers,line start x,line end x,line start y,line end y
35,1,-1.3039999999999736,3,false,"","",false,1,3,3,947.167482498324,1032.1513691918933,93.53750519732093,99.05594158533599
Fortune & her festive reign,2,-1.3039999999999736,3,true,"",sruston,false,1,1,3,169.06793073703653,957.1006848376826,240.3279046980558,199.49148805744287
Love & all that Love imparts,3,-1.3039999999999736,3,false,"","",false,1,1,3,197.76380416494771,994.6260691171162,304.341779429729,278.95695941416125
The union of two gentle hearts,4,-1.3039999999999736,3,false,"","",false,1,1,3,130.43887602093116,985.7965372144295,397.05150653814917,361.7335052343871
And ever as returns this day,5,-1.3039999999999736,3,false,"","",false,1,1,3,134.85364197227454,1012.2850487178332,456.65063636964317,446.7174340302847
Cherished in the jocund lay,6,-1.3039999999999736,3,false,"","",false,1,1,3,204.3859530919628,984.6928667777579,537.2197950039645,523.975581354591
"May Joy & Virtue, pair divine",7,-1.3039999999999736,3,false,"","",false,1,1,3,181.20849500090253,1055.328869385282,618.8926493363545,611.1668299726678
Hail thee still their Valentine,8,-1.3039999999999736,3,false,"","",false,1,1,3,177.89744158855916,1042.0845715312516,761.2683249880744,698.358141744237
Nicolissa ,9,-1.3039999999999736,3,true,"",sruston,false,1,2,3,575.2249036279718,943.8563869836523,799.8973797041798,797.689996728508
