consensus text,line number,line slope,consensus score,line edited (T/F),original transcriber username,line editor username,flagged for low consensus (T/F),page number,column,number of transcribers,line start x,line end x,line start y,line end y
29,1,-0.9110000000000014,3,true,E_L_Bird,FrankPearson,false,1,2,3,1182.4187442483058,1256.6106625951643,80.20747929390109,88.22822722329124
Volcan [deletion][unclear]Tour[/unclear][/deletion] Tour de Balros,2,-0.9110000000000014,3,true,"",E_L_Bird,false,1,1,3,270.7376082166339,1210.8439422058332,157.23371518065142,166.34327268054676
[unclear]de P. init[/unclear],3,-0.9110000000000014,3.6666666666666665,true,E_L_Bird,FrankPearson,false,1,1,4,443.1349703727313,623.5369913339405,379.6951128442659,366.2024409164192
[deletion]De[/deletion] [unclear]200[/unclear] feet,4,-0.9110000000000014,3.6666666666666665,true,E_L_Bird,FrankPearson,false,1,1,4,280.4815517666748,683.8860348713921,516.4794186655595,473.43626041865423
