consensus text,line number,line slope,consensus score,line edited (T/F),original transcriber username,line editor username,flagged for low consensus (T/F),page number,column,number of transcribers,line start x,line end x,line start y,line end y
[underline]at a time[/underline] when the Atheistical,1,-0.47100000000000364,2.8333333333333335,true,"",aplacey,false,1,1,3,337.437673600342,2363.1886080563563,388.45350130863864,344.1561722120395
[underline]fanatics[/underline] & [underline]persecutors[/underline] of France were,2,-0.47100000000000364,2.5,true,"",aplacey,false,1,1,3,407.29115409882525,2317.1875355329653,528.1604623056052,492.38185034296737
employed.,3,-0.47100000000000364,2,false,"","",false,1,1,2,398.7724369648639,884.3393136006621,669.571166729364,667.8674233025716
[underline]Neither idol[/underline] worship nor symbols,4,-0.47100000000000364,2,false,"","",false,1,1,2,596.4066744727677,2146.8131928537377,862.094173956891,860.3904305300988
nor personifications of the phenomena,5,-0.47100000000000364,2,false,"","",false,1,1,2,388.5499764041102,2313.780048679381,1000.0973915270653,1000.0973915270653
[underline]of Nature[/underline] polluted the pure,6,-0.47100000000000364,2,false,"","",false,1,1,2,410.69864095240985,2083.7746860624234,1139.8043525240316,1117.655687975732
stream of [underline]religious[/underline] feeling in that,7,-0.47100000000000364,2,true,"",aplacey,false,1,1,2,407.29115409882525,2185.99929166996,1305.0674649228822,1248.8439318387373
[deletion]system in which b[/deletion],8,-0.47100000000000364,2,false,"","",false,1,1,2,410.69864095240985,1918.511573663573,1437.9594522126797,1380.0321757017423
one nation,9,-0.47100000000000364,2,false,"","",false,1,1,2,436.25479235429395,998.4901231957444,1558.9252355149313,1589.592617197192
