consensus text,line number,line slope,consensus score,line edited (T/F),original transcriber username,line editor username,flagged for low consensus (T/F),page number,column,number of transcribers,line start x,line end x,line start y,line end y
[underline]of Ammonium[/underline] [short horizontal rule],1,177.345,3,true,"",FrankPearson,false,1,1,3,1275.380411758148,129.5593572203661,1692.0147162659327,1705.248752706052
The surface of the,2,177.345,3,true,TEHark,FrankPearson,false,1,1,3,1222.209205098666,373.7816901408453,1403.0407670296177,1440.0294325318662
Earth from being,3,177.345,3,true,TEHark,FrankPearson,false,1,1,3,1256.886079007024,493.9948530231525,1231.9681890817192,1268.956854583968
composed of bodies,4,177.345,3,true,TEHark,FrankPearson,false,1,1,3,1263.8214537886954,394.5878144858598,1065.5191943216018,1151.0554832955513
in which the inflammable,5,177.345,4,true,TEHark,FrankPearson,false,1,1,4,1206.0266639414324,110.74943199347456,917.5645323126089,922.1881155003899
principle is nearly,6,177.345,3,true,TEHark,FrankPearson,false,1,1,3,1261.5096621948048,378.4052733286262,744.1801627708198,790.4159946486304
[underline]neutralized[/underline] is in a,7,177.345,3,true,TEHark,FrankPearson,false,1,1,3,1229.1445798803375,260.5039020402096,580.0429596045929,658.6438737968708
state of chemical rest.,8,177.345,3,true,TEHark,FrankPearson,false,1,1,3,1206.0266639414324,237.38598610130452,404.34679846891345,457.51800512839554
