consensus text,line number,line slope,consensus score,line edited (T/F),original transcriber username,line editor username,flagged for low consensus (T/F),page number,column,number of transcribers,line start x,line end x,line start y,line end y
7,1,0.727,3,false,"","",false,1,2,3,944.4903719425201,997.7233121991158,169.83755213022232,168.14761751890182
a paler green bar under the 2[superscript]d[/superscript] dorsal,2,0.727,3,false,"","",false,1,1,3,191.62450259923935,952.0950776934624,210.39598280191422,236.5899692773819
fin. otherwise colored like the Schill,3,0.727,3,true,"",RebekahMM,false,1,1,3,198.38424104452133,906.466843187809,288.97794222831726,306.72225564718246
A fish congenerous to the Shill,4,0.727,3,false,"","",false,1,1,3,188.45415238760972,879.4319502635465,1456.8115544159245,1476.839896383343
& Schreber the six [deletion]fins[/deletion] spines,5,0.727,3,false,"","",false,1,1,3,173.43289591204586,914.4815487065289,1517.8979821361386,1522.9050676279933
cross [unclear]stricks[/unclear],6,91.394,3,false,"","",false,1,1,3,491.66400229930883,483.21432924270636,1238.5607988238335,1414.313998401165
olive -,7,91.394,3,false,"","",false,1,1,3,435.8961601257325,435.05119282007223,1256.3051122426987,1398.2596195936203
white belly,8,91.394,3,false,"","",false,1,1,3,328.35423976182943,330.04417437314993,937.8565054535866,1123.749312698841
fin above fish olive,9,91.394,3,true,"",a_s_wolf,false,1,1,3,271.74143028259283,254.84208416938787,932.7867016196251,1254.7192450761795
