consensus text,line number,line slope,consensus score,line edited (T/F),original transcriber username,line editor username,flagged for low consensus (T/F),page number,column,number of transcribers,line start x,line end x,line start y,line end y
19,1,-0.65300000000002,2,false,"","",false,1,2,2,1388.5632594823837,1479.8767713308334,138.59947204589844,140.2300704717636
investigation it was scarcely,2,-0.65300000000002,2,false,"","",false,1,1,2,198.9865207672119,1394.4875435829163,217.39759826660156,188.01855611801147
possible to look round without,3,-0.65300000000002,2,false,"","",false,1,1,2,253.22475242614746,1466.8051857948303,328.13398790359497,301.0148720741272
perceiving some novel objects. -,4,-0.65300000000002,2.75,true,"",E_L_Bird,false,1,1,3,269.04423666000366,1484.8845963478088,432.09059858322144,411.7512617111206
[deletion]About 1766 M[superscript]r[/superscript] Cavendish [/deletion],5,-0.65300000000002,2.75,true,"",RebekahMM,false,1,1,3,334.5820999145508,1331.2096066474915,549.6067671775818,540.5670619010925
[deletion]published his first papers[/deletion],6,-0.65300000000002,2.25,false,"","",false,1,1,3,273.5640892982483,1276.971374988556,667.1229357719421,646.7835988998413
[deletion]on the subject of air. -[/deletion],7,-0.65300000000002,2.5714285714285716,true,"",E_L_Bird,false,1,1,3,282.60379457473755,1211.4335117340088,759.779914855957,755.2600622177124
[deletion]He examined with more[/deletion],8,-0.65300000000002,2.5,false,"","",false,1,1,3,273.5640892982483,1209.1735854148865,854.6968202590942,863.7365255355835
[deletion]accurate[/deletion],9,-0.65300000000002,2,false,"","",false,1,1,3,255.48467874526978,535.7155423164368,960.913357257843,951.8736519813538
