consensus text,line number,line slope,consensus score,line edited (T/F),original transcriber username,line editor username,flagged for low consensus (T/F),page number,column,number of transcribers,line start x,line end x,line start y,line end y
call them into activity. -,1,-0.5400000000000205,5.5,true,"",FrankPearson,false,1,1,7,1032.6808893666407,2081.809297447394,399.0715470872535,387.50027869189387
-. And pride & superstition,2,-0.5400000000000205,3.6,true,TEHark,FrankPearson,false,1,1,4,1192.1072490203865,2121.66581011428,512.2128331595608,514.7842457544788
"& ignorance, equally oppose",3,-0.5400000000000205,3,true,TEHark,FrankPearson,false,1,1,3,1060.9662072063102,2097.2376553078734,609.9257650497955,591.926024021655
themselves to. the progress,4,-0.5400000000000205,3,false,"","",false,1,1,3,1068.6803861365502,2092.094830118037,707.6387190104733,694.7817737449119
of Knowledge.,5,-0.5400000000000205,2.6666666666666665,true,"",FrankPearson,true,1,1,5,1085.3944502944887,1689.6717900208523,829.779860883222,831.0655966079383
[Horizontal rule],6,,0,true,"",E_L_Bird,false,1,1,0,,,,
