consensus text,line number,line slope,consensus score,line edited (T/F),original transcriber username,line editor username,flagged for low consensus (T/F),page number,column,number of transcribers,line start x,line end x,line start y,line end y
The M[superscript]s[/superscript] [underline]bordering[/underline] in Kildare in Wicklow,1,0.038,3.5714285714285716,false,"","",false,1,1,4,90.71852898597717,1145.7948867082596,162.3154149055481,146.0834709405899
at the base appeared of the se[superscript]d[/superscript] order,2,0.038,3,false,"","",false,1,1,3,40.94056749343872,1128.4808131456375,235.9002275466919,220.75041317939758
"[underline]Chlorite Shist[/underline], trap, Grauwacke, Sienite",3,0.038,3,false,"","",false,1,1,3,59.33677065372467,1113.3309987783432,325.7169841527939,317.05994737148285
The bed of the Slaney near GrangeCon.,4,0.038,3.875,true,"",E_L_Bird,false,1,1,4,62.58315944671631,1144.7127571105957,391.7268896102905,391.7268896102905
of [underline]this formation .[/underline] Veins of Quartz,5,0.038,3.7142857142857144,false,"","",false,1,1,4,70.15806663036346,1104.6739619970322,465.3116980707273,470.7223460590467
& many distinct Rocks of compact,6,0.038,3,false,"","",false,1,1,3,62.58315944671631,1144.7127571105957,545.3892882978544,547.5535474931821
[underline]feldspar[/underline] -,7,0.038,3,false,"","",false,1,1,3,72.32232582569122,339.60833644866943,612.4813233530149,625.4668785249814
7 June Made an excursion to the Wicklow,8,0.038,3.6666666666666665,true,"",Fierengraw,false,1,1,4,46.35121548175812,1216.1333105564117,715.2836351310834,673.0805808221921
[underline]Mountains[/underline] -. Their bases Granite or,9,0.038,3,true,"",Fierengraw,false,1,1,3,59.33677065372467,1183.6694226264954,792.1148365652189,765.0615966236219
