consensus text,line number,line slope,consensus score,line edited (T/F),original transcriber username,line editor username,flagged for low consensus (T/F),page number,column,number of transcribers,line start x,line end x,line start y,line end y
103,1,0.868,3,true,TEHark,FrankPearson,false,1,1,3,1138.1790492534637,1210.1443858146667,82.86512017250061,83.95550405979156
Mons Ciminius,2,179.274,3,true,TEHark,FrankPearson,false,1,1,3,887.9248923659325,591.0181204676628,594.2725835442543,594.2725835442543
Greener wood the lofty summit crown,3,179.274,3.6666666666666665,true,Leander,FrankPearson,false,1,1,4,1086.6081087589264,367.9297967553139,477.60424667596817,509.6101527810098
Trees such as shade the pristine Hills that rise,4,179.274,3,true,AmiKamm,FrankPearson,false,1,1,3,1085.7143089175224,125.4791134595871,407.93690997362137,427.22547721862804
[deletion]Above the [unclear]xxxxx[/unclear][/deletion] [unclear]Of xxxxxx[/unclear] where She became Queen,5,179.274,3,true,"",FrankPearson,false,1,1,3,1084.8854744434357,77.94395571947098,347.8631383776665,361.48272609710705
Sends forth the reverend Rays to bless mankind,6,179.274,3,true,TEHark,FrankPearson,false,1,1,3,1066.7560107707977,155.16155010461807,287.90113139152527,287.9011313915254
"With [unclear]commerce[/unclear] [deletion][unclear]with[/unclear][/deletion] with arts,. The Beech the oak",7,179.274,7,true,E_L_Bird,FrankPearson,false,1,1,9,1054.9767329096794,68.49686974287022,210.05978593230253,228.13842251896875
And graceful chestnut form a lofty glade,8,179.274,3,true,TEHark,FrankPearson,false,1,1,3,1055.708736360073,146.00283753871918,142.58473163843155,155.79159384965908
[deletion]Beneath the Brown xx Hazel in[/deletion],9,179.274,3,true,TEHark,FrankPearson,false,1,1,3,1045.8376507759094,492.3420023918152,69.19769144058228,59.75485229492199
