consensus text,line number,line slope,consensus score,line edited (T/F),original transcriber username,line editor username,flagged for low consensus (T/F),page number,column,number of transcribers,line start x,line end x,line start y,line end y
Liber Trium,1,-1.6510000000000105,3,false,"","",false,1,1,3,361.3360900878906,830.160888671875,257.44427490234375,225.4061279296875
Verborum. Kalid,2,-1.6510000000000105,3.5,true,Mickthecat,a_s_wolf,false,1,1,4,377.35516357421875,863.2669677734375,380.25714111328125,348.2190246582031
1682.,3,-1.6510000000000105,3,false,"","",false,1,1,3,370.6983947753906,581.7745361328125,477.833740234375,465.4981384277344
255.,4,-1.6510000000000105,3,false,"","",false,1,2,3,809.2980346679688,921.0037841796875,442.8828430175781,450.42120361328125
Lapis iste de quo,5,-1.6510000000000105,3,false,"","",false,1,1,3,295.1239318847656,831.2288208007812,586.6539916992188,578.1104736328125
– The preparation of,6,-1.6510000000000105,3.6666666666666665,true,"",aplacey,false,1,1,4,213.761962890625,833.2839965820312,706.0425415039062,680.000732421875
salts known to the,7,-1.6510000000000105,3,false,"","",false,1,1,3,251.3384552001953,926.2753295898438,790.8615112304688,771.638671875
Workers of this age.,8,-1.6510000000000105,3,false,"","",false,1,1,3,300.4635925292969,916.6638793945312,903.1730346679688,891.4257202148438
