consensus text,line number,line slope,consensus score,line edited (T/F),original transcriber username,line editor username,flagged for low consensus (T/F),page number,column,number of transcribers,line start x,line end x,line start y,line end y
Bar[superscript]r[/superscript] [unclear]27 8[/unclear],1,-1.2040000000000077,3,false,"","",false,1,1,3,292.19289719334364,827.1786272854708,193.84796990965816,175.9207977262084
Ther.[superscript]r[/superscript] 62,2,-1.2040000000000077,3,false,"","",false,1,1,3,292.19289719334364,627.1487141598574,275.9357362924663,258.9520511805669
cubical Inches entered -,3,-1.2040000000000077,3,false,"","",false,1,1,3,441.27182696945454,963.9915592591185,352.36225630809247,345.75752286936006
65 of,4,-1.2040000000000077,3,false,"","",false,1,1,3,475.23916120015554,728.1071937873122,927.9201224565389,922.2589300790036
[underline]34[/underline],5,-1.2040000000000077,3,false,"","",false,1,1,3,443.15890909184856,667.7208538154863,970.3793082414641,979.8146828603362
37 the [unclear]atm[/unclear] of Sulphur,6,-1.2040000000000077,3,false,"","",false,1,1,3,451.65072465297493,1011.1684323534798,1063.7895313655386,1055.2976798113143
