consensus text,line number,line slope,consensus score,line edited (T/F),original transcriber username,line editor username,flagged for low consensus (T/F),page number,column,number of transcribers,line start x,line end x,line start y,line end y
[unclear]Lloorig Eden[/unclear],1,0.315,2.5,false,"","",true,1,1,5,434.98105068252636,625.3443880108687,116.67891624432345,111.19316810919689
[underline]Lurrig[/underline] above new Town Glens,2,0.315,3,true,"",E_L_Bird,false,1,1,4,386.55219680070877,900.1957877874374,151.68106126785278,132.69238877296448
a Basaltic top - Limestone below,3,0.315,3.3333333333333335,false,"","",false,1,1,4,360.4912282379774,967.5011630979868,199.57461509796292,178.7923836873128
The lowest craigs below the clouds,4,0.315,3.5,false,"","",false,1,1,4,388.06618476033776,1029.2693824150651,254.77757776731738,239.85675298063066
Porphyry passing into [unclear]trass[/unclear] & Breccia,5,0.315,3,false,"","",false,1,1,4,403.64200204610825,1034.0659288764,319.2149347066879,318.2655010819435
& probably on Mic. Shist,6,0.315,3.6,true,"",E_L_Bird,false,1,1,4,401.4733831979966,805.4815112335168,372.6682273130136,368.79777223047404
