consensus text,line number,line slope,consensus score,line edited (T/F),original transcriber username,line editor username,flagged for low consensus (T/F),page number,column,number of transcribers,line start x,line end x,line start y,line end y
10. grains of iron give,1,0.411,3.8,false,"","",false,1,1,4,426.78785278887057,896.3089313669252,125.96911354730183,128.2594253241553
9 cubical inches & half of gas,2,0.411,3,false,"","",false,1,1,3,312.84309449453394,983.9146673784776,174.63893776378856,179.21962684484086
during their solution.,3,0.411,3,false,"","",false,1,1,3,339.1820730924211,775.4931503722344,228.46209453288643,222.7362277209589
Barom[superscript]r[/superscript]. 30.12 Ther: 62[superscript]o[/superscript] Fah[superscript]r[/superscript],4,0.411,3,false,"","",false,1,1,3,485.76425474078553,1164.852093583304,475.8195451766439,507.8844342713554
2 grains of Potassium absorb upon,5,0.411,3,false,"","",false,1,1,3,314.52379925289586,1010.0991867895863,572.7373004209146,591.8203010512992
muriate of Potash 2 cubical inches &,6,0.411,3,false,"","",false,1,1,3,281.1285481497229,984.3371650569153,618.5364946542505,629.0321668397231
6/10 of oxygene,7,0.411,3,false,"","",false,1,1,3,268.72460501956,644.6596955993742,711.0890549912026,686.2811687308767
[Ink sketch of apparatus],8,0.411,3,false,"","",false,1,1,3,535.0067005863826,893.4459542760644,1500.7496914061962,1513.3465809184781
