consensus text,line number,line slope,consensus score,line edited (T/F),original transcriber username,line editor username,flagged for low consensus (T/F),page number,column,number of transcribers,line start x,line end x,line start y,line end y
505,1,2.782,3,false,"","",false,1,2,3,1006.3268903766044,1082.8015764951974,109.9060406684861,124.99973174862217
55 grs potash - (heated to a,2,2.782,3,false,"","",false,1,1,3,340.1919830295508,1064.6891164908411,164.24334391107251,192.41822625027825
[deletion]du[/deletion] cherry red for some Minutes - then,3,2.782,3,false,"","",false,1,1,3,272.7734885278947,1024.439273610478,219.58687787157143,234.6805689517075
to whiteness.) Treated with Strong Sulph[superscript]c[/superscript].,4,2.782,3,false,"","",false,1,1,3,285.85467978696437,1071.7328850571942,253.79922128873503,290.02410291220644
- gained at a dull red just visible in the,5,2.782,3,false,"","",false,1,1,3,248.62356744558042,1088.8390375731553,304.1115248891886,327.2552152535904
dark 39 grs - at a white heat 24.,6,2.782,3,false,"","",false,1,1,3,275.7922190668736,1061.6704243371034,365.4925583128868,379.57998028986896
On being heated again more intensely for some,7,2.782,3,false,"","",false,1,1,3,283.8421799658979,1073.7453464930193,412.7861083432166,426.87356870544016
minutes it lost 1 1/2 grn = 22 1/2 increase.,8,2.782,3,false,"","",false,1,1,3,232.52362645491115,1069.7203468508865,466.1171616752698,487.24831383336374
