consensus text,line number,line slope,consensus score,line edited (T/F),original transcriber username,line editor username,flagged for low consensus (T/F),page number,column,number of transcribers,line start x,line end x,line start y,line end y
{most accused of ignorance and folly,1,-177.672,3,true,"",E_L_Bird,false,1,1,3,1226.0107498168945,168.23781776428223,1453.7667388916016,1409.73761177063
when He grovels in the dust having,2,-177.672,3.857142857142857,false,"","",false,1,1,4,1224.9368686676025,149.98183822631836,1373.2255954742432,1327.0487060546877
wings which can carry him to the,3,-177.672,3,false,"","",false,1,1,3,1217.4197006225586,177.90274810791016,1289.4629306793213,1237.916635513306
[underline]skies[/underline]-},4,-177.672,3,true,"",E_L_Bird,false,1,1,3,1207.7547702789307,741.690351486206,1183.148639678955,1167.0404224395752
