consensus text,line number,line slope,consensus score,line edited (T/F),original transcriber username,line editor username,flagged for low consensus (T/F),page number,column,number of transcribers,line start x,line end x,line start y,line end y
instances of such sacrifices of,1,-0.875,1,false,"","",true,1,1,1,323.6608393192291,1605.9235484600067,443.26872289180756,416.7025065422058
the selfish feelings; - & that,2,-0.875,1,true,"",sruston,true,1,1,1,328.9740825891495,1685.622197508812,572.5576424598694,538.9071017503738
they should be faithfully,3,-0.875,1,false,"","",true,1,1,1,371.48002874851227,1460.6948990821838,685.9068322181702,678.8225078582764
recorded is [insertion]necessary[/insertion] for the honour of,4,-0.875,1,false,"","",true,1,1,1,378.56435310840607,1682.080035328865,831.135481595993,816.9668328762054
"Human nature - ""& for demonstrating",5,-0.875,1,true,"",sruston,true,1,1,1,412.2148938179016,1733.441386938095,958.6533200740814,944.4846713542938
to use the language of [person_124]Bacon[/person_124],6,-0.875,1,true,"",RebekahMM,true,1,1,1,422.8413803577423,1740.525711297989,1080.8579152822495,1054.2916989326477
that Wisdom is justified by,7,-0.875,1,false,"","",true,1,1,1,422.8413803577423,1667.9113866090775,1203.0625104904175,1178.2673752307892
her Children.,8,-0.875,1,true,"",sruston,true,1,1,1,426.3835425376892,1053.3462483882904,1323.496024608612,1318.1827813386917
