consensus text,line number,line slope,consensus score,line edited (T/F),original transcriber username,line editor username,flagged for low consensus (T/F),page number,column,number of transcribers,line start x,line end x,line start y,line end y
Ignes fatui bewilder and destroy their,1,-0.6929999999999836,3,false,"","",false,1,1,3,136.4048309326172,1172.140869140625,203.27529907226562,169.93385314941406
"unhappy followers, shall vanish for",2,-0.6929999999999836,3,false,"","",false,1,1,3,164.36862182617188,1185.0472412109375,281.7890319824219,268.8826599121094
"ever: Truth bright, permanent",3,-0.6929999999999836,3,true,"",Eleanor_Lucy_Bird,false,1,1,3,158.990966796875,1196.8780517578125,365.680419921875,338.79217529296875
and [deletion]un[/deletion]immutable as the meridian,4,-0.6929999999999836,3,true,"",Eleanor_Lucy_Bird,false,1,1,3,171.8973388671875,1219.4642333984375,446.3452453613281,421.6080322265625
"sun, shall enlighten and rejoice",5,-0.6929999999999836,3,false,"","",false,1,1,3,164.36862182617188,1197.95361328125,514.1036987304688,510.8770751953125
"Mankind, shall conduct its followers",6,-0.6929999999999836,3,false,"","",false,1,1,3,162.21755981445312,1258.183349609375,599.0706176757812,613.052490234375
to the path of eternal Happiness.,7,-0.6929999999999836,3,false,"","",false,1,1,3,179.42605590820312,1220.539794921875,699.094970703125,699.094970703125
[Horizonal rule] [Ink sketch squiggles],8,,0,true,"",Eleanor_Lucy_Bird,false,1,1,0,,,,
