consensus text,line number,line slope,consensus score,line edited (T/F),original transcriber username,line editor username,flagged for low consensus (T/F),page number,column,number of transcribers,line start x,line end x,line start y,line end y
Sulp[superscript]d[/superscript]. liquor,1,-1.6449999999999818,3,false,"","",false,1,1,3,382.35033360169746,737.5164311301688,244.4576773311864,259.06893120379016
Phosphoric Sublimate,2,-1.6449999999999818,3,false,"","",false,1,1,3,345.2601715500447,900.4882045842844,324.25763201042975,328.7534222212461
Phosphuretted D[superscript]o[/superscript],3,-1.6449999999999818,3,false,"","",false,1,1,3,422.81227399891293,880.2571915106437,411.9251981210852,361.3477511870494
Muriate of Tin Libavius,4,-1.6449999999999818,3,false,"","",false,1,1,3,418.31648378809643,980.2881592635276,492.8491217905492,462.50264505512104
