consensus text,line number,line slope,consensus score,line edited (T/F),original transcriber username,line editor username,flagged for low consensus (T/F),page number,column,number of transcribers,line start x,line end x,line start y,line end y
27,1,1.48,3,false,"","",false,1,2,3,970.075776885632,1040.7733099040393,124.451795611304,128.61050873855814
Buckstein between 600,2,1.48,3,false,"","",false,1,1,3,241.26683632252127,1025.1782546576655,285.6006871325444,242.9742154837446
7000 [deletion]& perhaps 8000[/deletion],3,1.48,3,false,"","",false,1,1,3,383.7016996219785,1040.7733099040393,336.5445469619872,331.34620790448434
feet,4,1.48,3,false,"","",false,1,2,3,874.4260793252961,1027.257620739759,395.8057568982075,398.9247679474822
[underline]You are very[/underline],5,1.48,3,false,"","",false,1,1,3,162.25191512347112,807.8872023233449,387.48836871756464,422.8371733006336
[deletion]naughty[/deletion],6,1.48,3.6666666666666665,true,TEHark,E_L_Bird,false,1,1,6,262.0602687002632,703.9201927300967,481.0587001958072,504.9711436228239
To walk,7,1.48,3,false,"","",false,1,1,3,179.92629837807294,667.531705105981,649.485289296404,664.0406995755964
in the sun,8,1.48,3,false,"","",false,1,1,3,194.4816705834,824.5219025369,782.5631194480369,814.7928749079658
