consensus text,line number,line slope,consensus score,line edited (T/F),original transcriber username,line editor username,flagged for low consensus (T/F),page number,column,number of transcribers,line start x,line end x,line start y,line end y
I had this morning immediately after,1,179.359,3,false,"","",false,1,1,3,973.7215991477868,229.66866353264015,1081.906007338996,1067.8861717637285
breathing the gas a coldness in the x,2,179.359,3,false,"","",false,1,1,3,1021.7896122917092,203.63183422164957,1023.8238040978649,1023.8238040978651
face of one side,3,179.359,3,false,"","",false,1,1,3,991.7470993016289,582.1674902564552,976.7572309742304,968.7458636160511
[Horizontal rule],4,179.359,3,false,"","",false,1,1,3,877.5855537594268,408.9223396538649,945.7132779638623,949.7189616429521
Quere is Atmospheric air a,5,179.359,3,false,"","",false,1,1,3,962.706007231321,344.8316299946147,892.6381793215933,894.6410211611383
chemical compound. -,6,179.359,3,false,"","",false,1,1,3,988.742855642827,415.9322287907256,819.5347386859373,844.570166177671
if so is it formed by means,7,179.359,3.5714285714285716,false,"","",false,1,1,4,719.4670607023302,267.63770072793693,774.5764053440294,794.6056286328024
"of water, its analysis",8,179.359,3,false,"","",false,1,1,3,935.6677379000425,167.58083391396553,712.38302497905,739.42137071239
explanation of the use of water. -,9,179.359,3,false,"","",false,1,1,3,948.6861716560531,208.63891971999612,642.2838662032267,645.2881480630595
