consensus text,line number,line slope,consensus score,line edited (T/F),original transcriber username,line editor username,flagged for low consensus (T/F),page number,column,number of transcribers,line start x,line end x,line start y,line end y
is that they connected [underline]established[/underline],1,-0.024999999999977263,1,false,"","",true,1,1,1,403.19664847512036,2042.7841926163724,459.8371685393257,419.09002247191006
"[underline]facts together [/underline], & direct us",2,-0.024999999999977263,1,false,"","",true,1,1,1,418.71937078651683,1819.6450593900481,601.4820096308187,556.8541829855536
in the research after new,3,-0.024999999999977263,1,false,"","",true,1,1,1,430.36141252006416,1868.1535666131617,747.0075313001604,714.0217463884429
facts.-,4,-0.024999999999977263,1,true,"",sruston,true,1,1,1,399.3159678972713,795.1453868378811,911.936455858748,929.3995184590689
