consensus text,line number,line slope,consensus score,line edited (T/F),original transcriber username,line editor username,flagged for low consensus (T/F),page number,column,number of transcribers,line start x,line end x,line start y,line end y
And in no part do they exhibit any,1,1.051,1,false,"","",true,1,1,1,155.21043122545325,2181.6374022369155,625.5141374553097,653.8954163233996
marks of having been produced from,2,1.051,1,false,"","",true,1,1,1,155.21043122545325,2289.486624410817,792.9639224783557,829.8596843952229
the rivers of a former system containing,3,1.051,1,false,"","",true,1,1,1,141.0197625595406,2349.0873626511675,985.9569812565271,1037.0433533755715
organized beings and fitted for the,4,1.051,1,false,"","",true,1,1,1,158.0485532658887,2116.3603029882224,1176.1119764579987,1207.331377366524
purposes of life.-,5,1.051,1,true,"",deehar,true,1,1,1,155.21043122545325,1233.7008990524057,1337.8855758639093,1329.3711512788677
If the Huttonian or platonic Theory of,6,1.051,1,true,"",deehar,true,1,1,1,339.6890654185829,2249.7525650623074,1513.8497270082617,1584.8030703378254
the formation of primitive Rocks be founded,7,1.051,1,true,"",deehar,true,1,1,1,123.99097185319238,2289.486624410817,1678.4613899908722,1740.900308735394
