consensus text,line number,line slope,consensus score,line edited (T/F),original transcriber username,line editor username,flagged for low consensus (T/F),page number,column,number of transcribers,line start x,line end x,line start y,line end y
Taking away from the [unclear]science[/unclear] of mind all the,1,-2.3729999999999905,12,true,"",E_L_Bird,false,1,1,15,188.67534078440536,1158.914870262146,195.332701449859,146.30793571472168
artificial logic formed upon arbitrary assumptions,2,-2.3729999999999905,10.428571428571429,true,deehar,E_L_Bird,false,1,1,14,183.06431221370116,1223.8079076706317,240.9805628657341,194.20100170791278
all the different [insertion]unmeaning[/insertion] words heaped together in,3,-2.3729999999999905,9,true,"",Fierengraw,false,1,1,13,206.50961276104516,1156.7907952921175,291.38634785284535,246.81023526191711
the form of the true prepositions & we shall,4,-2.3729999999999905,10.11111111111111,false,"","",false,1,1,13,218.3578893166853,1121.0431106090546,340.49137529730797,296.19953513320223
find [deletion]but little[/deletion],5,-2.3729999999999905,1,false,"","",true,1,1,1,252.06547796726227,542.8859513998032,395.78817987442017,385.6726851463318
