consensus text,line number,line slope,consensus score,line edited (T/F),original transcriber username,line editor username,flagged for low consensus (T/F),page number,column,number of transcribers,line start x,line end x,line start y,line end y
"[deletion]&[/deletion] -""The heat excited by Voltaic",1,1.349,3,false,"","",false,1,1,3,136.9325362443924,1122.8688000440598,163.2760750055313,156.9962261915207
electricity exceeds all others,2,1.349,3.5,true,"",E_L_Bird,false,1,1,4,195.54445850849152,1124.9612504839897,220.84135580062866,223.98544269800186
both as to intensity & facility,3,1.349,3,false,"","",false,1,1,3,211.24408054351807,1062.163594841957,300.3861074447632,300.3861074447632
"of application-"" The apparatus",4,1.349,3.75,false,"","",false,1,1,4,213.3373634815216,1113.4490268230438,369.4644385576248,386.21070206165314
for its excitement & application,5,1.349,3,false,"","",false,1,1,3,201.82430732250214,1181.4807223081589,456.33568048477173,479.36179280281067
is described in a succeeding,6,1.349,3,false,"","",false,1,1,3,208.10415613651276,993.0852578878403,521.2274515628815,551.5800541639328
part of this [underline]work[/underline].,7,1.349,3,false,"","",false,1,1,3,202.8709487915039,779.5703982114792,598.6789202690125,606.0054105520248
-,8,1.349,2,false,"","",true,1,1,2,173.56498765945435,290.7888321876526,1349.1208301782608,1360.6338863372803
