consensus text,line number,line slope,consensus score,line edited (T/F),original transcriber username,line editor username,flagged for low consensus (T/F),page number,column,number of transcribers,line start x,line end x,line start y,line end y
2,1,-0.6349999999999909,2,false,"","",false,1,1,2,156.38896369934082,285.38852310180664,234.11029243469238,234.11029243469238
[underline]invention of Arts[/underline] - To the savage,2,-0.6349999999999909,2.7142857142857144,false,"","",false,1,1,3,296.86193293885594,2397.6572743495817,371.8344721517798,375.66804029304024
Man they are unknown,3,-0.6349999999999909,2.5,false,"","",false,1,1,3,308.3626373626373,2202.145299145299,621.0164013337089,586.5142880623649
& even a slight progress in,4,-0.6349999999999909,2.6666666666666665,false,"","",false,1,1,3,272.32501439115765,2236.8746093566556,772.5492728842337,749.9683304642738
them [underline]demands[/underline] an abstraction,5,-0.6349999999999909,2,false,"","",false,1,1,2,373.533295764065,2466.66150089227,935.3689889170658,920.034716352024
"[underline]of ideas[/underline], a refinement of",6,-0.6349999999999909,2.4,false,"","",false,1,1,3,365.87505081390293,2265.9073833151356,1137.0716712674343,1111.2646960869993
methods; and a construction,7,-0.6349999999999909,2.75,false,"","",false,1,1,3,411.0371111406455,2356.2313869774052,1291.9129373939695,1243.5250197935743
of language which belong only,8,-0.6349999999999909,2,false,"","",false,1,1,2,385.03400018784623,2324.819479665633,1449.0671198459659,1437.5664154221845
a [deletion]civilized[/deletion] civilized Society,9,-0.6349999999999909,2.25,true,"",RebekahMM,false,1,1,3,454.03822673053435,2171.476754015215,1646.967975779924,1612.46586250858
