consensus text,line number,line slope,consensus score,line edited (T/F),original transcriber username,line editor username,flagged for low consensus (T/F),page number,column,number of transcribers,line start x,line end x,line start y,line end y
Note for 3[superscript]d[/superscript]. edition of,1,0.682,1,false,"","",true,1,1,1,305.8022910182831,1518.6420872644399,420.2119536785189,423.3662834476897
Salmonia - Art. Instinct -,2,0.682,1,true,"",a_s_wolf,true,1,1,1,311.5849304997485,1636.4034335514673,541.9062168649489,549.7920412878758
"Dog, in the Highlands, separated",3,0.682,1,false,"","",true,1,1,1,291.0817870001386,1765.7309540874685,683.851056477633,679.1195618238769
from his master by stream ;-,4,0.682,1,false,"","",true,1,1,1,308.4306007305778,1589.088487013906,800.5612579369512,798.9840930523658
offering recollect : of bridge -,5,0.682,1,true,"",RebekahMM,true,1,1,1,310.0077656151632,1514.9617374383931,880.9966670508055,887.305326589147
[unclear]5[/unclear]0,6,-179.115,1,false,"","",true,1,1,1,801.8493737492147,659.1839920166951,2930.437631754075,2923.158785747314
50,7,-179.115,1,false,"","",true,1,1,1,587.8513011504353,499.0493798679487,2829.989556860771,2828.5337876594185
[underline]36.63 1/2[/underline],8,-179.115,1,false,"","",true,1,1,1,628.6128387882981,116.18207991230952,2735.364558772875,2751.3780199877497
"13,3.6 1/2",9,-179.115,1,false,"","",true,1,1,1,590.7628395531399,193.33784758397815,2643.651099087684,2633.460714678218
