consensus text,line number,line slope,consensus score,line edited (T/F),original transcriber username,line editor username,flagged for low consensus (T/F),page number,column,number of transcribers,line start x,line end x,line start y,line end y
remains; but brown oxide,1,1.136,3.2,true,TEHark,E_L_Bird,false,1,1,4,476.46413250144764,1025.2417510445275,139.56706736323534,146.45549329306982
oxide -,2,1.136,3.5,false,"","",false,1,1,4,493.6851863771827,796.775752108281,210.74743652156153,196.97058466189256
[underline]How analogous[/underline],3,1.136,3,false,"","",false,1,1,3,610.7883614912619,1044.7589104007036,289.9643018681046,315.22181251619213
to [underline]Manganese[/underline],4,1.136,3,false,"","",false,1,1,3,514.3504422689837,923.0634805303378,403.62323117071287,396.7348271385807
2 grs brown oxide of Cobalt,5,1.136,3,false,"","",false,1,1,3,433.9855241822203,1191.711938509966,992.5832649617696,1002.9159148053726
"3/10 Cub. In. oxymur[superscript]c[/superscript],, gas absorbed",6,1.136,3,false,"","",false,1,1,3,415.61641756626483,1293.8901214333464,1067.2078317566215,1120.0190899194517
", a little white Sublimate",7,1.136,3,false,"","",false,1,1,3,474.16798322560203,1161.8620417193779,1138.3881965354071,1177.4226028385683
