consensus text,line number,line slope,consensus score,line edited (T/F),original transcriber username,line editor username,flagged for low consensus (T/F),page number,column,number of transcribers,line start x,line end x,line start y,line end y
77,1,-0.7160000000000082,3,false,"","",false,1,2,3,1267.55750477314,1349.2743884325027,69.79748320579529,76.60722351074219
but sleive Donard. & other of the,2,-0.7160000000000082,3,false,"","",false,1,1,3,114.44147980213165,1106.3936508893967,144.70462727546692,100.44131529331207
Morne Mountains are of Granite,3,-0.7160000000000082,3,false,"","",false,1,1,3,125.0529156923294,1179.4277062416077,202.88936734199524,159.76101207733154
but. [underline]Bangor - Dona[superscript]l[/superscript].[/underline] & the [unclear]coast[/unclear] of the,4,-0.7160000000000082,3.4444444444444446,true,"",Fierengraw,false,1,1,4,148.88700675964355,1228.230845093727,278.9314639568329,244.8827624320984
Mull of Galloway are all shistose,5,-0.7160000000000082,3,false,"","",false,1,1,3,170.4511843919754,1123.8148270845413,345.89391005039215,312.9801652431488
Fawn colored slowly dissolving limes tone,6,-0.7160000000000082,3.6666666666666665,false,"","",false,1,1,4,168.1812709569931,1181.69761967659,416.26122629642487,390.1572217941284
occur in a quarry [deletion]near the[/deletion] in the Grauwacke,7,-0.7160000000000082,3,false,"","",false,1,1,3,177.2609246969223,1298.5981615781784,474.14401960372925,455.98471212387085
Country [deletion]but[/deletion] near Bangor ; but I saw,8,-0.7160000000000082,3,false,"","",false,1,1,3,174.5049718618393,1178.941666841507,558.0960825681686,544.4766019582748
no shells in it,9,-0.7160000000000082,3,false,"","",false,1,1,3,163.1554046869278,657.9965335130692,631.868269443512,637.5430530309677
