consensus text,line number,line slope,consensus score,line edited (T/F),original transcriber username,line editor username,flagged for low consensus (T/F),page number,column,number of transcribers,line start x,line end x,line start y,line end y
The upper Lake,1,-4.4529999999999745,3,false,"","",false,1,1,3,208.7064207792282,605.488089799881,313.13203275203705,297.6586529016495
The upper Lake,2,-4.4529999999999745,3,false,"","",false,1,1,3,203.18021368980408,636.4348495006561,391.60417342185974,375.02555215358734
[underline]J. D[/underline],3,-4.4529999999999745,3,false,"","",false,1,2,3,599.9618827104568,672.9078162908554,424.76141595840454,425.86665737628937
[Pencil sketch showing mountains with a lake in the foreground],4,-4.4529999999999745,3,false,"","",false,1,1,3,235.8570648783531,958.4964018358435,1270.3723375813206,1266.920238837893
44a,5,-4.4529999999999745,3,false,"","",false,1,3,3,1065.2685196399689,1148.1616259813309,1539.9499965906143,1512.3189611434937
