consensus text,line number,line slope,consensus score,line edited (T/F),original transcriber username,line editor username,flagged for low consensus (T/F),page number,column,number of transcribers,line start x,line end x,line start y,line end y
- Where the Counties of Antrim & of :,1,0.42,3,true,"",Fierengraw,false,1,1,3,95.76070666313171,1062.7321147918701,146.60882139205933,140.14078521728516
Down are divided by [underline]the river[/underline]. -,2,0.42,3.857142857142857,true,"",Fierengraw,false,1,1,4,115.16481518745422,1154.3626272678375,215.60120725631714,215.60120725631714
The [underline]transition strata[/underline] begin in the,3,0.42,3,false,"","",false,1,1,3,109.77478504180908,1150.0506031513214,293.2176399230957,305.075706243515
"Down side , fine grained slaty Grauwacke",4,0.42,3,false,"","",false,1,1,3,120.55484533309937,1244.915133714676,380.536128282547,378.38011622428894
[deletion]where[/deletion] in several places intersected by,5,0.42,3.8333333333333335,true,"",Fierengraw,false,1,1,4,139.67574214935303,1180.2045270204544,456.4074704051018,473.06376922130585
[underline]W dikes[/underline] but without any notable,6,0.42,3,false,"","",false,1,1,3,68.15163546800613,1142.9728002548218,537.7293999195099,546.547440469265
"[underline]effect[/underline] ie [underline]no hardening[/underline], nor evident",7,0.42,3,false,"","",false,1,1,3,92.64619255065918,1118.4782431721687,627.8693699836731,621.0108940005302
change . - -. Where the [unclear]shistus[/unclear] &,8,0.42,3,false,"","",false,1,1,3,123.01944333314896,1124.0622656345367,697.4339120984077,713.2061972022057
"Grauwacke terminate I know not.,",9,0.42,3,true,"",Fierengraw,false,1,1,3,101.46423310041428,1105.7410734891891,762.0995427966118,783.6547530293465
