consensus text,line number,line slope,consensus score,line edited (T/F),original transcriber username,line editor username,flagged for low consensus (T/F),page number,column,number of transcribers,line start x,line end x,line start y,line end y
Suppose,1,0.344,3,false,"","",false,1,1,3,302.1539535522461,468.9554443359375,645.3115613460541,644.269052028656
480 gain 1.,2,0.344,3,false,"","",false,1,1,3,261.4960901737213,633.6719164848328,854.8559341430664,854.8559341430664
Then 481 will gain 1/480 of 481,3,0.344,3,false,"","",false,1,1,3,257.326052904129,1071.5258297920227,1001.8497478961945,986.2121081352234
Then 481 will gain 1 + 1/480,4,0.344,3,false,"","",false,1,1,3,139.52250003814697,879.7041153907776,1203.0540251731873,1222.8617022037506
And 482 + 1/48[deletion]0[/deletion]1,5,0.344,3,true,"",Fierengraw,false,1,1,3,145.7775559425354,602.3966369628906,1332.325180530548,1337.5377271175385
483 + 1/482,6,0.344,3,false,"","",false,1,1,3,236.4758665561676,630.5443885326385,1447.001205444336,1461.596335887909
484 + 1/483,7,0.344,3,false,"","",false,1,1,3,222.92324542999268,628.4593698978424,1592.9525451660156,1589.8250172138214
