consensus text,line number,line slope,consensus score,line edited (T/F),original transcriber username,line editor username,flagged for low consensus (T/F),page number,column,number of transcribers,line start x,line end x,line start y,line end y
"Barometer 29.5 Ther., 52",1,0.675,3,true,"",E_L_Bird,false,1,1,3,622.6220550537109,1346.022945523262,282.33233523368835,306.56687092781067
"Capacity of Retort 30 Cub,,. Inches",2,0.675,3,false,"","",false,1,1,3,517.2018247842789,1384.7982026338577,391.38774585723877,405.92846727371216
2 Nitrous gas & oxy[superscript]e[/superscript]~,3,0.675,3,false,"","",false,1,1,3,414.0740669965744,824.9386856555939,792.9726039171219,797.0105854272842
16 Nitrous gas,4,0.675,3,false,"","",false,1,1,3,766.4367287158966,1115.900198996067,1472.6658734083176,1469.8701656460762
7 oxygene,5,0.675,3,false,"","",false,1,1,3,783.2109752893448,1059.054141163826,1536.0352493524551,1538.8309571146965
7 1/2 absorbp,6,0.675,3,false,"","",false,1,1,3,683.4973984360695,1016.1866221427917,1661.8420986533165,1666.5016115903854
"2 1/2 - [unclear]d[superscript]o[/superscript],,[/unclear]",7,0.675,3,false,"","",false,1,1,3,682.5654958486557,977.9786160588264,1738.258110821247,1740.1219159960747
