{"low_consensus_lines":0,"transcribed_lines":1,"frame0":[{"clusters_x":[154.6155172769894,185.69912427453158],"clusters_y":[148.41801433380834,148.9223826341987],"clusters_text":[["2","2","2","2","2","2","2","2","2","2","2"]],"consensus_text":"2","consensus_score":11,"edited_consensus_text":"","extract_index":[0,0,0,0,0,0,0,0,0,0,0],"flagged":false,"gold_standard":[false,false,false,false,false,false,false,false,false,false,false],"gutter_label":0,"line_editor":"","line_slope":0.93,"low_consensus":false,"number_views":11,"original_transcriber":"","seen":false,"slope_label":0,"user_ids":[1550104,2329178,2340466,1498622,2340504,2340502,1914233,null,2340513,1995598,2204612]}]}