consensus text,line number,line slope,consensus score,line edited (T/F),original transcriber username,line editor username,flagged for low consensus (T/F),page number,column,number of transcribers,line start x,line end x,line start y,line end y
79,1,,0,true,"",E_L_Bird,false,1,1,0,,,,
Here at Kinbane-,2,-89.50900000000001,3,false,"","",false,1,1,3,215.83264029026023,222.34440231323222,1257.575800538063,665.9357081651688
Tufa B[superscript]t[/superscript]. formed below the chalk as if,3,-89.50900000000001,3,false,"","",false,1,1,3,296.7645397186279,320.0208326578137,1436.1841303110123,261.2762110233308
a great dyke & has envelloped Chalk,4,-89.50900000000001,3,true,"",Fierengraw,false,1,1,3,376.35946798324585,413.56953668594326,1529.890926361084,221.0267597436906
& concealed it into Marble & reddened,5,-89.50900000000001,3.857142857142857,false,"","",false,1,1,4,485.5883485078811,497.6816208362576,1552.497125506401,182.2363455295564
& whitened the flints.,6,-89.50900000000001,3,true,"",E_L_Bird,false,1,1,3,591.5721263885498,585.9906160831449,1538.8284643888474,867.1867243051528
