consensus text,line number,line slope,consensus score,line edited (T/F),original transcriber username,line editor username,flagged for low consensus (T/F),page number,column,number of transcribers,line start x,line end x,line start y,line end y
ΑΙΩΝΟΣ ΚΑΙ ΑΙΩΝΙΟΣ,1,1.438,3,true,"",sruston,false,1,1,3,222.7728606522282,1132.1268990771675,235.69002706957502,263.62240222182834
varied - everduring,2,1.438,3.6666666666666665,true,"",sruston,false,1,1,4,298.5651707015342,1043.923635332726,325.068229068229,351.3363687909142
3.3 oxymuriatic,3,1.438,3,true,"",E_L_Bird,false,1,1,3,395.4289359289358,1053.774187728733,533.5715881170426,563.1232453050634
22. Sodium,4,1.438,3.5,true,"",E_L_Bird,false,1,1,4,393.7871771962679,1002.8796670160305,651.7782168691258,669.8375629284719
36.,5,1.438,3,true,TEHark,E_L_Bird,false,1,1,4,347.81793268156895,600.6487775124137,792.9694678785586,796.2529853438942
8.5,6,1.438,3,false,"","",false,1,1,3,447.9652153743062,626.9169172350989,896.4002680366315,886.5497156406245
27.,7,1.438,3,false,"","",false,1,1,3,336.3256215528941,549.7542567997111,1039.2332777787321,1049.0838301747392
3,8,1.438,3,false,"","",false,1,1,3,397.07069466160357,513.6355646810191,1224.7520145701963,1231.3190495008675
