consensus text,line number,line slope,consensus score,line edited (T/F),original transcriber username,line editor username,flagged for low consensus (T/F),page number,column,number of transcribers,line start x,line end x,line start y,line end y
Guibert denies,1,-4.084000000000003,3,false,"","",false,1,1,3,330.6520690917969,787.207763671875,811.723876953125,782.58203125
the transmutation,2,-4.084000000000003,3.5,true,anthonylynch,aplacey,false,1,1,4,230.92344665527344,817.322509765625,934.1173706054688,889.4721069335938
of [deletion][unclear]lead into[/unclear][/deletion] iron,3,-4.084000000000003,3.5,false,"","",false,1,1,4,246.46449279785156,774.2557983398438,1033.7056884765625,999.167236328125
into copper,4,-4.084000000000003,3.5,false,"","",false,1,1,5,322.0174560546875,723.5274047851562,1120.2318115234375,1087.85205078125
which Libavius,5,-4.084000000000003,3,false,"","",false,1,1,3,297.1929016113281,826.0635375976562,1197.0439453125,1156.029541015625
[unclear]stickles[/unclear] for -,6,-4.084000000000003,3,true,"",aplacey,false,1,1,3,314.462158203125,713.8134155273438,1314.690673828125,1288.7867431640625
