consensus text,line number,line slope,consensus score,line edited (T/F),original transcriber username,line editor username,flagged for low consensus (T/F),page number,column,number of transcribers,line start x,line end x,line start y,line end y
63,1,-0.8670000000000186,3,false,"","",false,1,2,3,1193.787086343287,1268.9608853967948,85.39473449858217,81.43824457572246
a basaltic stratum.,2,-0.8670000000000186,3,false,"","",false,1,1,3,88.60127918379456,639.8753276344248,143.42358037997326,110.45264236158862
. At Ballytoy - .Basalt forming the,3,-0.8670000000000186,3,true,"",Fierengraw,false,1,1,3,166.4126878762165,1150.2655085306098,188.26407620883992,167.16267084610786
bay & alternating with Limestone,4,-0.8670000000000186,3,false,"","",false,1,1,3,159.81850027253952,1232.0333945684768,275.3073324535119,241.0175770382554
"[Ink sketch of two mountains with a level horizon line between them - left-hand mountain labelled 'B', mountain on the right labelled 'L']",5,,0,true,"",Fierengraw,false,1,1,0,,,,
In the Limestone a [underline]basaltic dyke[/underline].,6,-0.8670000000000186,3,false,"","",false,1,1,3,114.97802959850227,1073.7728920802303,608.9732151376329,579.9588299291814
& near the dike the [deletion]Basalt[/deletion] [insertion]Limestone[/insertion] much,7,-0.8670000000000186,3,false,"","",false,1,1,3,91.23893913236768,1063.2222522859379,684.1469638814816,652.4948935696277
indurated & having a chrystalized,8,-0.8670000000000186,3.5,true,"",Fierengraw,false,1,1,4,112.34034449509974,1125.207575512774,738.2193324174278,698.6542067953662
texture. - [unclear]x[/unclear],9,-0.8670000000000186,3,true,"",Fierengraw,false,1,1,4,134.76059240953307,447.325069730922,797.5669705408613,802.8423407476664
