consensus text,line number,line slope,consensus score,line edited (T/F),original transcriber username,line editor username,flagged for low consensus (T/F),page number,column,number of transcribers,line start x,line end x,line start y,line end y
55,1,0.595,3,false,"","",false,1,2,3,1170.6885959287097,1254.1059436392627,71.36094699285502,77.8779257289732
Fairhead. [unclear]T[/unclear],2,0.595,3,false,"","",false,1,1,3,286.986289255208,674.094836124747,120.88997544323263,145.6544648081204
[Pencil sketch of rock layer inked over and labelled 'B.'] Shale & coal into Semijasper near,3,0.595,3.6666666666666665,true,"",Fierengraw,false,1,1,4,383.44936499307454,1179.029223119184,244.71791205160025,227.35188830067716
the Win,4,0.595,3,false,"","",false,1,1,3,370.42485753082417,604.865867640027,298.9866586411702,304.4135333001272
[Pencil sketch of rock layer inked over and labelled 'B'] Basalt,5,0.595,3,true,"",Fierengraw,false,1,1,3,120.15161869440266,223.11987775300935,359.41148668224054,367.2317418361377
[Pencil sketch of rock layer partially inked over and labelled in pencil 'D[superscript]o[/superscript]] Shale & coal with Semijasper - fullers,6,0.595,3,true,"",Fierengraw,false,1,1,3,413.83985480248015,1205.0782380436847,458.53674049149157,418.3779011382241
earth &c,7,0.595,3,false,"","",false,1,1,3,419.26672946143714,709.0618445304941,519.3178029178384,512.8054870810615
