consensus text,line number,line slope,consensus score,line edited (T/F),original transcriber username,line editor username,flagged for low consensus (T/F),page number,column,number of transcribers,line start x,line end x,line start y,line end y
83,1,0,3,false,"","",false,1,1,3,1159.2149690389633,1211.161405324936,84.80900645256042,84.80900645256042
Around [deletion]the chrystal waters[/deletion] [insertion]Transparent rivers[/insertion] flow,2,179.992,3.7142857142857144,true,E_L_Bird,FrankPearson,false,1,1,4,1110.1333956718445,283.1416754722595,540.2656345367432,545.0003199577333
Whose tints [deletion]seem stolen from[/deletion] [insertion]are bright as Summers sky[/insertion] the sky,3,179.992,3.0714285714285716,true,AliCat54,FrankPearson,false,1,1,4,1093.9677090644836,268.554217338562,455.38048124313354,455.38048124313366
Upon their banks the olives grow,4,179.992,3,true,TEHark,FrankPearson,false,1,1,3,1084.4968712329865,297.14280956983566,392.84677952528,393.5368356704713
[deletion]A bright green delights the eye.[/deletion],5,179.992,3,true,TEHark,FrankPearson,false,1,1,3,1072.3505774736404,311.218649327755,338.1102884411812,333.27989542484295
The greening pine aspiring high,6,179.992,3,true,TEHark,FrankPearson,false,1,1,3,1059.616737306118,388.8821641802788,269.838181078434,271.2182933688165
"Tower midst thy cliffs, The chestnut loves",7,179.992,3.4285714285714284,true,"",FrankPearson,false,1,1,4,1054.098955631256,149.77404022216797,204.4362347126007,198.91243505477917
They sow their vines their tendrils near,8,179.992,3.125,true,E_L_Bird,FrankPearson,false,1,1,5,1067.5138976573944,162.3998680114746,134.20503449440002,133.41592025756847
