consensus text,line number,line slope,consensus score,line edited (T/F),original transcriber username,line editor username,flagged for low consensus (T/F),page number,column,number of transcribers,line start x,line end x,line start y,line end y
118,1,-1.752999999999986,1,false,"","",true,1,1,1,334.5324157913799,400.9894965592176,276.7229264759145,274.5440057950018
6,2,-1.752999999999986,1,true,"",deehar,true,1,2,1,1003.4610648315827,1033.9659543643606,390.0268018833756,388.93734154291917
Published in an 8[superscript]vo[/superscript] volume Davy on Safety,3,-1.752999999999986,1,true,"",deehar,true,1,1,1,521.9195943498733,1466.4817095255341,516.4042013763129,490.2571532053604
lamp & flame p.1 - Date April 30. 1818,4,-1.752999999999986,1,false,"","",true,1,1,1,480.52010141253163,1434.8873596523,604.6504889532778,579.5929011227815
