consensus text,line number,line slope,consensus score,line edited (T/F),original transcriber username,line editor username,flagged for low consensus (T/F),page number,column,number of transcribers,line start x,line end x,line start y,line end y
144,1,178.631,3,true,TEHark,FrankPearson,false,1,2,3,206.5856475830078,147.61412155628204,615.8217424154284,618.0470830202105
Of that class of rocks & with the general,2,178.631,3.888888888888889,true,Leander,FrankPearson,false,1,1,4,1259.1717536449432,213.26166939735413,571.3149303197861,573.5402709245684
theory of geology.-,3,178.631,3,true,TEHark,FrankPearson,false,1,1,3,1243.3710079193115,722.6322560310363,491.3747763633728,471.15191221237194
[deletion][unclear]The x[/unclear][/deletion] [deletion]Amongst the [unclear]sets[/unclear] of volcanos of[/deletion],4,178.631,4.875,true,E_L_Bird,FrankPearson,false,1,1,7,1177.5999896526337,300.1670576930046,333.86518877744675,379.1264350414277
[deletion][unclear]xxxx[/unclear][/deletion],5,178.631,2,true,E_L_Bird,FrankPearson,true,1,1,5,1188.6138808727264,1082.0137286186218,277.32931542396545,281.96410465240484
The district in Languedoc which exhibits,6,178.631,3,true,TEHark,FrankPearson,false,1,1,3,1169.9980465173721,214.21425676345825,204.17011988162994,254.24028348922752
most distinctly the agency of ancient,7,178.631,3,true,TEHark,FrankPearson,false,1,1,3,1235.9943628311157,351.244056224823,143.41448211669922,160.60391664505016
Volcanoes extends from [deletion][unclear]xxxx[/unclear][/deletion] Agde the lake of Thau,8,178.631,3,true,"",E_L_Bird,false,1,1,3,1226.8940739631653,168.22713565826416,76.679030418396,80.7236032485963
