consensus text,line number,line slope,consensus score,line edited (T/F),original transcriber username,line editor username,flagged for low consensus (T/F),page number,column,number of transcribers,line start x,line end x,line start y,line end y
194,1,-1.6850000000000023,3,true,E_L_Bird,FrankPearson,false,1,1,3,124.70807301998138,199.8644894361496,95.60145998001099,93.39097714424133
the basis of [unclear]silicum[/unclear] & [unclear]fluoric[/unclear] acid,2,178.211,3.7142857142857144,true,AliCat54,FrankPearson,false,1,1,4,1290.4018048793384,233.0178516656468,610.3716405630112,655.4779165983201
[unclear]gas[/unclear] is a compound of fluoric acid,3,178.211,3.5714285714285716,true,deehar,FrankPearson,false,1,1,4,1272.9163030982018,221.87604123353958,545.2793238162994,581.1729930043222
& the basis of [unclear]boron[/unclear]. -,4,178.211,3.5,true,E_L_Bird,FrankPearson,false,1,1,4,1273.5093749761581,703.8124204277992,470.73631948232656,491.90438079833996
- Whoever will consider [unclear]the investigation[/unclear],5,178.211,3,true,E_L_Bird,FrankPearson,false,1,1,3,1219.9304839372635,200.8978966474533,367.1833242177964,389.28815257549303
the different facts that have been,6,178.211,3,true,E_L_Bird,FrankPearson,false,1,1,3,1255.6035540103912,214.46613836288452,300.9164518117905,344.0208671092989
brought forward by Scheele Gay-Lussac,7,178.211,3,true,AliCat54,FrankPearson,false,1,1,3,1230.1830013990402,165.83551597595215,233.49672532081604,268.8644506931307
& [unclear]Thenard[/unclear] [deletion][unclear]xxx[/unclear][/deletion] John [unclear]Davy[/unclear] & myself,8,178.211,3.7142857142857144,true,E_L_Bird,FrankPearson,false,1,1,4,1228.8475261330605,147.92141944169998,158.28082704544067,180.38565540313743
will find that they [unclear]will xxxxx of[/unclear],9,178.211,5.142857142857143,true,E_L_Bird,FrankPearson,false,1,1,6,1205.4951769709587,169.18052297830582,106.16148382425308,119.04639071226137
