consensus text,line number,line slope,consensus score,line edited (T/F),original transcriber username,line editor username,flagged for low consensus (T/F),page number,column,number of transcribers,line start x,line end x,line start y,line end y
[underline]Hydrogene.[/underline] -,1,178.881,3,true,"",FrankPearson,false,1,1,3,1239.4243716337528,348.2789497307008,1732.2657091561935,1753.206463195691
Even though these,2,178.881,3.6666666666666665,true,TEHark,FrankPearson,false,1,1,4,1188.235861759426,325.0114452423704,1511.2244165170555,1550.779174147217
should be a philosophic,3,178.881,3.2,true,deehar,FrankPearson,false,1,1,4,1213.8301166965894,145.8516606822268,1383.2531418312385,1390.2333931777375
[underline]principle[/underline] the Bases,4,178.881,3,true,TEHark,FrankPearson,false,1,1,3,1234.7708707360866,231.94142728904922,1225.034111310592,1269.24236983842
will be still,5,178.881,3.6666666666666665,true,TEHark,FrankPearson,false,1,1,4,1206.84986535009,331.99169658886944,1017.953321364452,1071.468581687612
unknown,6,178.881,3,true,TEHark,FrankPearson,false,1,1,3,1192.889362657092,657.736759425494,864.3877917414718,871.368043087971
Expt to ascertain the,7,178.881,3,true,TEHark,FrankPearson,false,1,1,3,1183.58236086176,155.15866247755912,454.8797127468582,466.5134649910235
action of [insertion]Hydrogene or Potassium in[/insertion] a plate glass,8,178.881,3.4444444444444446,true,"",raspence,false,1,1,4,1185.9091113105928,148.17841113105965,317.601436265709,331.5619389587075
tube filled [deletion][underline]filled with vapour[/underline][/deletion] [insertion]removed by[/insertion] [insertion]Naphtha[/insertion],9,178.881,3.625,true,TEHark,FrankPearson,false,1,1,5,1202.1963644524242,269.1694344703774,208.24416517055647,205.91741472172362
