consensus text,line number,line slope,consensus score,line edited (T/F),original transcriber username,line editor username,flagged for low consensus (T/F),page number,column,number of transcribers,line start x,line end x,line start y,line end y
8[deletion]2[/deletion]0 of air from bladders of,1,-2.4560000000000173,3,true,"",Eleanor_Lucy_Bird,false,1,1,3,289.2813415527344,1024.294677734375,287.91925048828125,238.76231384277344
seaweed just cast on the shore,2,-2.4560000000000173,3,false,"","",false,1,1,3,300.9853820800781,1035.998779296875,344.0986328125,294.9416809082031
were exposed to Phosphorus,3,-2.4560000000000173,3.75,true,"",Eleanor_Lucy_Bird,false,1,1,4,312.6894226074219,1092.1781005859375,402.6188049316406,372.18829345703125
& apparently filld a space,4,-2.4560000000000173,3,true,"",Eleanor_Lucy_Bird,false,1,1,3,296.30377197265625,1103.8822021484375,468.161376953125,435.3901062011719
equal to 82 on Oct[superscript]r[/superscript] 5[superscript]th[/superscript],5,-2.4560000000000173,3.6666666666666665,false,"","",false,1,1,4,284.5997314453125,1134.3126220703125,521.9999389648438,484.5470275878906
{57} ,6,-2.4560000000000173,3,true,"",Eleanor_Lucy_Bird,false,1,1,3,184.37152099609375,233.80587768554688,1523.8140869140625,1523.8140869140625
In altis erat insignia [unclear]regea[/unclear] solus,7,-89.20100000000002,3.8333333333333335,false,"","",false,1,1,4,151.0033416748047,164.59776306152344,1197.5472412109375,222.45462036132812
