consensus text,line number,line slope,consensus score,line edited (T/F),original transcriber username,line editor username,flagged for low consensus (T/F),page number,column,number of transcribers,line start x,line end x,line start y,line end y
heard the dependence of,1,178.276,1,true,NorthWater,FrankPearson,true,1,1,1,1512.7143359184265,327.11331939697266,2532.4069871902466,2542.9691343307495
life upon so slight a,2,178.276,1,true,NorthWater,FrankPearson,true,1,1,1,1467.825210571289,298.0674147605894,2387.1774640083313,2429.426052570343
charge as that of respiration,3,178.276,1,true,NorthWater,FrankPearson,true,1,1,1,1454.6225266456604,84.18393516540527,2257.7911615371704,2247.2290143966675
quoted in favour of this,4,178.276,1,true,NorthWater,FrankPearson,true,1,1,1,1462.5441370010376,269.0215101242063,2123.123785495758,2149.5291533470154
doctrine.,5,178.276,1,true,NorthWater,FrankPearson,false,1,1,2,1393.9537410815328,1245.1617715093719,1161.3830688786854,1174.9639055957803
285,6,,0,true,"",FrankPearson,false,1,1,0,,,,
