consensus text,line number,line slope,consensus score,line edited (T/F),original transcriber username,line editor username,flagged for low consensus (T/F),page number,column,number of transcribers,line start x,line end x,line start y,line end y
the external universe as the magnifi-,1,0.131,3,false,"","",false,1,1,3,249.21535969454317,2104.340761667079,326.1673745285515,339.5908978280253
-cent schrine in which she was,2,0.131,3.6666666666666665,true,"",aplacey,false,1,1,4,230.42246394397523,1937.8894168614274,473.8257621358093,489.93394093691745
concealed. - |_There can be no copyists,3,0.131,5.75,true,"",C.NG,false,1,1,7,235.79189784289497,2195.620277679156,664.4391293518204,683.2320865502138
no imitations in the pursuit of Physical,4,0.131,3,false,"","",false,1,1,3,222.36837454342117,2139.241651875278,838.9444406623745,860.4220533624023
Science. -,5,0.131,3,true,"",aplacey,false,1,1,3,219.68371904178696,968.714033293311,1024.1884968751172,1018.8190629761973
