consensus text,line number,line slope,consensus score,line edited (T/F),original transcriber username,line editor username,flagged for low consensus (T/F),page number,column,number of transcribers,line start x,line end x,line start y,line end y
po,1,-1.214999999999975,3,false,"","",false,1,1,4,634.4650268554688,673.9088134765625,1146.1492919921875,1145.9495849609375
possess,2,-1.214999999999975,3,false,"","",false,1,1,3,820.1497192382812,953.9473266601562,1159.556640625,1155.314697265625
poss,3,-1.214999999999975,3,false,"","",false,1,1,3,683.4805297851562,755.6610107421875,1225.980224609375,1226.7652587890625
poss,4,-1.214999999999975,3,false,"","",false,1,1,3,499.7721862792969,556.6516723632812,1238.4854736328125,1232.7218017578125
possess,5,-1.214999999999975,3,false,"","",false,1,1,3,811.2390747070312,963.91845703125,1278.2047119140625,1281.39306640625
