consensus text,line number,line slope,consensus score,line edited (T/F),original transcriber username,line editor username,flagged for low consensus (T/F),page number,column,number of transcribers,line start x,line end x,line start y,line end y
141,1,-1.8480000000000132,3,true,TEHark,FrankPearson,false,1,1,3,1101.1067733764648,1168.7107000350952,70.72968578338623,68.54891395568848
[deletion]oriental pyrenees in which M. J G Berard[/deletion],2,179.381,3,true,"",E_L_Bird,false,1,1,3,1159.8057928085327,60.696791648864746,570.7625274658203,594.7510175704958
[deletion]was so good as to accompany me[/deletion],3,179.381,3,true,TEHark,FrankPearson,false,1,1,3,1133.9085969924927,212.53249979019165,496.9502921104431,529.6618695259095
which I made with M[superscript]r[/superscript] G Berard,4,179.381,4.25,true,"",FrankPearson,false,1,1,5,1116.2537117004395,67.30246257781982,443.3467427492142,477.1487060785295
to the oriental Pyrenees & the,5,179.381,3,true,TEHark,FrankPearson,false,1,1,3,1109.0664070248604,174.83282965421677,380.7667457461357,381.6053755283357
last with less detail because [insertion][deletion]Soon[/deletion][/insertion] they,6,179.381,3,true,deehar,FrankPearson,false,1,1,3,1129.7477053403854,189.09342896938324,304.29050600528717,313.37018048763287
offered fewer objects of interest,7,179.381,3,true,TEHark,FrankPearson,false,1,1,3,1108.7348617315292,324.2509864568709,236.32253968715668,241.77034437656414
in company with M. [deletion]J. G Berard[/deletion] [unclear]Batral[/unclear],8,179.381,3,true,"",E_L_Bird,false,1,1,3,1108.808957695961,100.47088325023651,158.98817086219788,175.8268224000932
& Mr. J G Berard.,9,179.381,4.8,true,"",FrankPearson,false,1,1,5,1125.7295882701874,639.8864297866821,94.89361429214478,76.7425622940064
