consensus text,line number,line slope,consensus score,line edited (T/F),original transcriber username,line editor username,flagged for low consensus (T/F),page number,column,number of transcribers,line start x,line end x,line start y,line end y
Great Basaltic Cliff [unclear]Bujavancé[/unclear],1,-7.492999999999995,3,true,"",Fierengraw,false,1,1,3,370.22352660502156,455.76903855013336,187.06269949652835,167.88868505051175
in the Parish of Macgilligan,2,-7.492999999999995,3,false,"","",false,1,1,3,414.3381825641257,900.2475664860733,212.7132247150597,174.06375750286628
[Horizontal rule],3,,0,true,"",Fierengraw,false,1,1,0,,,,
All the craigs demolished are Basalt,4,-7.492999999999995,3,true,"",E_L_Bird,false,1,1,4,240.79885813945845,460.9037645200567,316.207048603113,294.50656487544836
White Limestone Flint or seams of Coal,5,-7.492999999999995,1,true,"",Fierengraw,true,1,1,1,684.8552319178409,932.1831882399651,307.0030992855608,288.64250864156026
have been found below -,6,-7.492999999999995,3,false,"","",false,1,1,4,243.92380656655354,654.2338365218175,404.55424544207904,362.63584965042827
flint,7,-161.027,3,false,"","",false,1,1,3,1011.545875810936,609.9933387395736,466.87106116774794,328.8178290083411
