consensus text,line number,line slope,consensus score,line edited (T/F),original transcriber username,line editor username,flagged for low consensus (T/F),page number,column,number of transcribers,line start x,line end x,line start y,line end y
206,1,-0.6209999999999809,1,false,"","",true,1,1,1,519.6440604605797,712.7313923229526,178.36693175548763,179.65416074719158
7,2,-0.6209999999999809,1,false,"","",true,1,2,1,1472.2080615706168,1570.039085393183,478.2958903823542,473.14690075858084
Published in the Quarterly Journal of Science,3,-0.6209999999999809,1,false,"","",true,1,1,1,739.894647068362,2280.298773082648,614.9677947886336,609.0828221321306
Vol 1 p.67. Date about March 1816. MF,4,-0.6209999999999809,1,true,"",RebekahMM,true,1,1,1,622.1942258005477,2239.103585650614,744.4382455553458,754.7370424133542
