consensus text,line number,line slope,consensus score,line edited (T/F),original transcriber username,line editor username,flagged for low consensus (T/F),page number,column,number of transcribers,line start x,line end x,line start y,line end y
115,1,3.61,3,false,"","",false,1,2,3,1124.3749023675919,1201.6262449026108,131.87601280212402,139.60114705562592
Carbon S. [unclear]Shal[/unclear],2,3.61,3.6666666666666665,false,"","",false,1,1,4,400.41946375370026,837.4413443803787,301.82896614074707,321.69359707832336
B,3,3.61,3,false,"","",false,1,1,3,419.74604946374893,479.0196778178215,380.3488426208496,397.57954853773117
if __,4,3.61,3,false,"","",false,1,1,3,352.18599623441696,485.2070459127426,480.957547724247,491.2959712743759
[unclear]Carbon[/unclear],5,3.61,3,false,"","",false,1,1,4,210.89420771598816,339.77988797426224,485.7821453809738,476.8221783041954
[unclear]T[/unclear],6,3.61,3,false,"","",false,1,1,4,527.2656543850899,586.5392827391624,529.2221417427063,525.77600055933
