consensus text,line number,line slope,consensus score,line edited (T/F),original transcriber username,line editor username,flagged for low consensus (T/F),page number,column,number of transcribers,line start x,line end x,line start y,line end y
{[deletion]To destroy all selfish[/deletion],1,-178.995,3,true,"",E_L_Bird,false,1,1,3,1096.265817318074,204.8274504592796,1326.0298490108462,1352.1048286630232
[deletion]feeling-[/deletion],2,-178.995,3,true,"",E_L_Bird,false,1,1,3,1039.2267993289372,643.213045861502,1223.3596166304,1236.3971064564885
[deletion]All[/deletion],3,-178.995,3,false,"","",false,1,1,3,1117.4517382854676,866.4800591332659,1060.3909938042952,1060.3909938042952
[deletion]All selfish feelings;[/deletion],4,-178.995,3,true,"",E_L_Bird,false,1,1,3,1115.8220520572065,403.64917030712763,918.6082919455838,913.7192332608007
"[deletion]To exalt, the sense[/deletion]",5,-178.995,3,true,"",E_L_Bird,false,1,1,3,1145.1564041659055,470.46630566583076,749.1209242064347,721.416258325997
[deletion]To forget[/deletion],6,-178.995,3,true,"",E_L_Bird,false,1,1,3,1141.8970317093833,793.1441788615186,615.4866534890285,599.1897912064181
[deletion]To create.[/deletion],7,-178.995,3,false,"","",false,1,1,3,1146.7860903941664,736.1051608723819,490.0008139129277,485.1117552281447
-.[deletion][unclear]xxxx[/unclear] The eternal aspiration[/deletion],8,-178.995,3,true,"",E_L_Bird,false,1,1,3,1158.1938939919937,190.16027440493008,382.4415228476984,328.66187731508387
"[deletion]for the good, The Beautiful[/deletion]}",9,-178.995,3,true,"",E_L_Bird,false,1,1,3,1164.712638905038,209.71650914406268,250.43693835855333,195.02760659767773
