consensus text,line number,line slope,consensus score,line edited (T/F),original transcriber username,line editor username,flagged for low consensus (T/F),page number,column,number of transcribers,line start x,line end x,line start y,line end y
Absorption in an expt on,1,-0.8709999999999809,3,false,"","",false,1,1,3,767.2730765342712,1533.8998279571533,184.72935581207275,158.86724853515625
Sodagen 38 . grain measures,2,-0.8709999999999809,3,true,"",Fierengraw,false,1,1,3,806.066237449646,1506.1904273033142,241.99545049667358,243.8427438735962
the globule of mercury,3,-0.8709999999999809,3,false,"","",false,1,1,3,778.3568367958069,1380.574477672577,341.7492928504944,317.7344789505005
corespondnt to the,4,-0.8709999999999809,3.6666666666666665,false,"","",false,1,1,4,782.0514235496521,1437.8405723571777,419.3356146812439,402.70997428894043
substance about 1/[deletion]x[/deletion]8 of a grain,5,-0.8709999999999809,3,false,"","",false,1,1,3,789.4405970573425,1607.7915630340576,485.83817625045776,469.2125358581543
1 A globule from Potash the size of which in quicksilver,6,-0.8709999999999809,3.8181818181818183,false,"","",false,1,1,4,619.4896063804626,1676.141417980194,644.7053894996643,641.0108027458191
weighed 1/2 & 1/32 = 17/32 Quantity of oxygene absorped,7,-0.8709999999999809,3,false,"","",false,1,1,3,671.2138209342957,1687.2251782417297,703.8187775611877,703.8187775611877
by this Equal to 70 Grains of mercury,8,-0.8709999999999809,3.875,false,"","",false,1,1,4,654.5881805419922,1424.9095187187195,766.6267523765564,753.6956987380981
