consensus text,line number,line slope,consensus score,line edited (T/F),original transcriber username,line editor username,flagged for low consensus (T/F),page number,column,number of transcribers,line start x,line end x,line start y,line end y
469,1,9.996,3,false,"","",false,1,1,3,993.4495830535889,1088.8209247589111,120.2684497833252,127.0806884765625
[Ink sketches of apparatus],2,,0,true,"",E_L_Bird,false,1,1,0,,,,
3[unclear]1[/unclear],3,9.996,3,false,"","",false,1,1,7,224.6397876739502,293.7353515625,165.03459358215332,164.06141662597656
Solution,4,9.996,3,false,"","",false,1,1,3,380.76102781295776,503.74492931365967,707.4054641723633,711.9816093444824
of Barytes,5,9.996,3,false,"","",false,1,1,3,396.20551776885986,488.87245750427246,732.0022444725037,770.8994784355164
