consensus text,line number,line slope,consensus score,line edited (T/F),original transcriber username,line editor username,flagged for low consensus (T/F),page number,column,number of transcribers,line start x,line end x,line start y,line end y
rich[deletion]es[/deletion][insertion]ness[/insertion] of your soil. ;-. they have,1,-0.36099999999999,3.4285714285714284,true,"",FrankPearson,false,1,1,4,189.69140476114384,1304.180299528795,256.596757507466,258.06512789455405
hitherto arisen by their own,2,-0.36099999999999,3,true,austin100,FrankPearson,false,1,1,3,148.5772019636922,1243.9773657197056,381.40776429374466,356.44555173375466
"strength, by their own unassisted",3,-0.36099999999999,3,true,austin100,FrankPearson,false,1,1,3,161.79247943381344,1371.725057266489,503.28203030584723,478.3198177458572
efforts: if cultivated &,4,-0.36099999999999,3,true,"",FrankPearson,false,1,1,3,191.15977514823194,1396.6873258401504,619.2828707832689,606.0675653063121
propagated; the harvest,5,-0.36099999999999,3,true,TEHark,FrankPearson,false,1,1,3,183.8179512196273,1274.8130038143765,748.4990167376475,727.9418313184146
will[deletion]ould[/deletion]be more abundant;,6,-0.36099999999999,3.25,true,TEHark,FrankPearson,false,1,1,4,176.47612729102266,1380.5352235753462,841.0059310216601,836.600903880903
[deletion]& more worthy of the [unclear]xxxxx[/unclear][/deletion],7,-0.36099999999999,3.3333333333333335,true,TEHark,FrankPearson,false,1,1,4,257.23621851250925,1048.6848044078854,898.2721800702449,895.3354953097399
[deletion]both for use & for Glory. —[/deletion],8,-0.36099999999999,3,true,TEHark,FrankPearson,false,1,1,3,202.90668223126508,1401.0923529809077,980.5005856651482,1005.4628542388094
both for [underline]use &[/underline] for Glory. —,9,-0.36099999999999,3,true,austin100,FrankPearson,false,1,1,3,201.43833985101267,1301.2436147682902,1121.4635826888884,1128.8054066174932
