consensus text,line number,line slope,consensus score,line edited (T/F),original transcriber username,line editor username,flagged for low consensus (T/F),page number,column,number of transcribers,line start x,line end x,line start y,line end y
Presented by,1,-0.34199999999998454,1,true,THCANADA,FrankPearson,true,1,1,1,422.8025682182986,1077.759871589085,1061.7545746388441,1059.0425361155696
M Faraday,2,-0.34199999999998454,1,true,THCANADA,FrankPearson,true,1,1,1,597.7290529695024,1144.2048154093097,1327.534349919743,1316.686195826645
"April 2nd, 1849.",3,-0.34199999999998454,1,true,THCANADA,FrankPearson,true,1,1,1,816.0481540930979,1485.921669341894,1430.5918138041732,1434.6598715890848
