consensus text,line number,line slope,consensus score,line edited (T/F),original transcriber username,line editor username,flagged for low consensus (T/F),page number,column,number of transcribers,line start x,line end x,line start y,line end y
be diminished -,1,1.279,3.6666666666666665,false,"","",false,1,1,4,146.23208938234416,999.4574540742167,185.48377493301575,235.6735022678318
Sep[superscript]r[/superscript] 22 . tried this,2,1.279,3.8,false,"","",false,1,1,4,185.51100642698276,1165.3017704849133,460.43619424548626,471.3470045356636
exp[superscript]t[/superscript] without success,3,1.279,3.6666666666666665,true,"",E_L_Bird,false,1,1,4,157.14289967252154,1167.4839325429487,584.8194315535086,630.6448347722537
to try it in another,4,1.279,3,false,"","",false,1,1,3,148.41425144037964,1198.0342013554455,787.7605029508082,783.3961788347373
form. on a Mercurial,5,1.279,3,false,"","",false,1,1,3,172.4180340787699,1230.7666322259777,927.418874665079,942.6940090713273
[deletion]fluid[/deletion] thermometer,6,1.279,3,true,"",E_L_Bird,false,1,1,3,133.1391170341313,1067.1044778733167,1056.1664360891723,1062.7129222632789
[Ink sketch of apparatus],7,1.279,3,true,"",E_L_Bird,false,1,1,3,218.24343729751496,951.4498887974362,1339.8475036337848,1357.3048000980687
