consensus text,line number,line slope,consensus score,line edited (T/F),original transcriber username,line editor username,flagged for low consensus (T/F),page number,column,number of transcribers,line start x,line end x,line start y,line end y
349,1,3.181,3,false,"","",false,1,2,3,945.3044176101685,1019.0576295852661,88.09411382675171,93.21586465835571
Sept[superscript]r[/superscript] 25. -,2,3.181,3,false,"","",false,1,1,3,366.546573638916,582.684458732605,116.77591848373413,131.11682081222534
This day ascertained that Potassium,3,3.181,3,false,"","",false,1,1,3,180.95525693893433,910.6872661113739,201.59145879745483,234.8774802684784
"decomposes Mur[superscript]c[/superscript],, Soda & [deletion][unclear]xxxx[/unclear][/deletion] Pure",4,3.181,3.5,true,"",E_L_Bird,false,1,1,4,163.88550233840942,911.5407538414001,254.50769805908203,282.6727931499481
Sodium is obtained. - - -,5,3.181,3.5714285714285716,true,"",E_L_Bird,false,1,1,4,171.6630527973175,709.3603227138519,292.1733684539795,313.5105617046356
Bar 30.19 Ther. 62 [superscript]Fah[superscript]r[/superscript][/superscript],6,3.181,3,false,"","",false,1,1,3,431.97681045532227,985.8903472423553,563.5824496746063,585.7731306552887
"20 grs Iron turnings, (Clean/",7,3.181,3,false,"","",false,1,1,3,397.83730125427246,956.871764421463,606.2568361759186,638.6893699169159
Retort filled with diluted,8,3.181,3,false,"","",false,1,1,3,448.1930773258209,976.5019822120667,658.3195877075195,684.7777073383331
Sulph[superscript]c[/superscript]. acid,9,3.181,3,false,"","",false,1,1,3,480.62561106681824,749.4742460250854,702.7009496688843,724.8916306495667
