consensus text,line number,line slope,consensus score,line edited (T/F),original transcriber username,line editor username,flagged for low consensus (T/F),page number,column,number of transcribers,line start x,line end x,line start y,line end y
53,1,-3.369000000000028,3,false,"","",false,1,3,3,990.6439399719238,1050.6307315826416,139.39661407470703,126.98555374145508
M. C,2,-3.369000000000028,3,false,"","",false,1,1,3,71.1912202835083,149.794602394104,940.9442481994629,940.9442481994629
2,3,-3.369000000000028,3,false,"","",false,1,2,3,451.79707050323486,530.4004526138306,1318.4473552703857,1312.2418251037598
2,4,-3.369000000000028,3,false,"","",false,1,3,3,1018.5688257217407,1083.7268924713135,1062.9863653182983,1066.0891304016113
"[Pencil sketch of a mountain range, with shading, continues from previous page]",5,,0,true,"",E_L_Bird,false,1,1,0,,,,
