{"low_consensus_lines":7,"transcribed_lines":18,"frame0":[{"clusters_x":[1093.707594388042,1148.883072246168],"clusters_y":[123.07851908833763,123.06921237752775],"clusters_text":[["17","19","19","19","19","19","17","19","17","19"]],"consensus_text":"19","consensus_score":7,"edited_consensus_text":"","extract_index":[0,0,0,0,0,2,0,0,0,0],"flagged":false,"gold_standard":[false,false,false,false,false,false,false,false,false,false],"gutter_label":0,"line_editor":"","line_slope":-2.3999999999999773,"low_consensus":false,"number_views":10,"original_transcriber":"","seen":false,"slope_label":0,"user_ids":[1908355,1524758,2329172,2337154,311066,2122323,2331723,2323848,1995598,2346847]},{"clusters_x":[650.7827280200743,1011.6098770633823],"clusters_y":[239.4488625033421,246.36367771978516],"clusters_text":[["37.63"],["="],["100"]],"consensus_text":"37.63 = 100","consensus_score":1,"edited_consensus_text":"","extract_index":[0],"flagged":true,"gold_standard":[false],"gutter_label":0,"line_editor":"","line_slope":-2.3999999999999773,"low_consensus":true,"number_views":1,"original_transcriber":"","seen":false,"slope_label":0,"user_ids":[null]},{"clusters_x":[683.2556538119409,1024.0071305496526],"clusters_y":[359.9616904687847,355.8317780426167],"clusters_text":[["20.","20.","20.80","20.80=62","20.80","20.80","20.80=62","20","20.80","20.80","20","20.80","20.80"],["","","","","","","",".","","",".","",""],["80","80","","","","","","80","","","80","",""],["=","=","=","","=","=","","=","=","=","=","=","="],["62","62","62","","62","62","","62","62","62","62","62","62"]],"consensus_text":"20.80 . 80 = 62","consensus_score":7,"edited_consensus_text":"20.80 = 62","extract_index":[2,2,2,1,29,2,1,1,2,2,2,1,2],"flagged":false,"gold_standard":[false,false,false,false,false,false,false,false,false,false,false,false,false],"gutter_label":0,"line_editor":"aplacey","line_slope":-2.3999999999999773,"low_consensus":false,"number_views":13,"original_transcriber":"","seen":false,"slope_label":0,"user_ids":[1908355,1524758,2329172,2330914,2339660,2337154,2344219,2122323,2331723,2323848,1995598,null,2346847]},{"clusters_x":[693.0750779675918,773.4165838873016],"clusters_y":[465.4506035667122,461.7902742148746],"clusters_text":[["17.","17.","17.","17.","17.","17.","17.","17.","17.","17.","17.","17."]],"consensus_text":"17.","consensus_score":12,"edited_consensus_text":"","extract_index":[3,3,3,30,3,2,3,3,3,3,2,3],"flagged":false,"gold_standard":[false,false,false,false,false,false,false,false,false,false,false,false],"gutter_label":0,"line_editor":"","line_slope":-2.3999999999999773,"low_consensus":false,"number_views":12,"original_transcriber":"","seen":false,"slope_label":0,"user_ids":[1908355,1524758,2329172,2339660,2337154,2344219,2122323,2331723,2323848,1995598,null,2346847]},{"clusters_x":[213.63879302402077,854.3934742679414],"clusters_y":[577.3802921656977,571.5561078656503],"clusters_text":[["If","If.","If","","If","If","If","If","If.","If","If.","","If",""],["Nitrous","Nitrous","Nitrous","Nitron","Nitrous","Nitrous","Nitrous","Nitrous","Nitrous","Nitrous","Nitrous","Nitrous","Nitron",""],["oxide","oxide","oxide","oxide","oxide","oxide","oxide","oxide","oxide","oxide","oxide","oxide","oxide",""],["contracts","contracts","contracts","contracts","contracts","contracts","contracts","contracts","contracts","contracts","contracts","[unclear][/unclear]","contracts",""],["","1/6","1/6","1/6","1/6","1/6","1/6","1/6","1","1/6","1/6","1/6","1/6","cqwcwq1/6"],["","","","","","","","","/","","","","",""],["","","","","","","","","6","","","","",""]],"consensus_text":"If Nitrous oxide contracts 1/6 / 6","consensus_score":8.142857142857142,"edited_consensus_text":"If Nitrous oxide contracts 1/6","extract_index":[4,4,4,3,4,3,1,4,4,4,4,3,5,0],"flagged":false,"gold_standard":[false,false,false,false,false,false,false,false,false,false,false,false,false,false],"gutter_label":0,"line_editor":"aplacey","line_slope":-2.3999999999999773,"low_consensus":false,"number_views":14,"original_transcriber":"","seen":false,"slope_label":0,"user_ids":[1908355,1524758,2329172,2339660,2337154,2344219,311066,2122323,2331723,2323848,1995598,null,2346847,2331251]},{"clusters_x":[129.2638919707104,1075.0933188788697],"clusters_y":[687.3667262792587,660.9343344602895],"clusters_text":[["If","If","If","If","[unclear][/unclear][unclear][/unclear]","If","[unclear]x[/unclear]","If","[deletion][/deletion]","If","If"],["7","%","7.","7","","7","","7.","7.","7","7."],["","","","","","","","","",".",""],["Nitrous","Nitrous","Nitrous","Nitrous","Nitrous","Nitrous","Nitrous","Nitrous","Nitrous","Nitrous","Nitron"],["oxide","oxide","oxide","oxide","oxide","oxide","oxide","oxide","oxide","oxide","acids"],["produce","produce","produce","produce","produce","produce","produce","product","produce","produce","introduce"],["6","6","6","6","6","6","6","6","6","6","6"],["common","common","common","common","common","common","common","common","[unclear]common[/unclear]","common","common"],["air","air","air","air","air","air","air","air","air","air","air"]],"consensus_text":"If 7 . Nitrous oxide produce 6 common air","consensus_score":8.222222222222221,"edited_consensus_text":"","extract_index":[5,5,5,5,4,2,5,5,5,5,6],"flagged":false,"gold_standard":[false,false,false,false,false,false,false,false,false,false,false],"gutter_label":0,"line_editor":"","line_slope":-2.3999999999999773,"low_consensus":false,"number_views":11,"original_transcriber":"","seen":false,"slope_label":0,"user_ids":[1908355,1524758,2329172,2337154,2344219,311066,2122323,2331723,2323848,1995598,2346847]},{"clusters_x":[163.44888841730722,1089.4182335362234],"clusters_y":[734.6295489197887,706.8308188291877],"clusters_text":[["how","how","how","how","how","how","how","how","how","how"],["much","much","much","much","much","much","much","much","much","much"],["Nitrous","Nitrous","Nitrous","Nitrous","nitrous","Nitrous","Nitrous","Nitrous","Nitrous","Nitron"],["acid","acid","acid","acid","acid","acid","acid","acid","acid","acid"],["is","is","is","is","is","is","is","is","is","is"],["formed","formed","formed","formed","formed","formed","formed","formed","formed","formed"],["\u0026","\u0026","\u0026","\u0026","and","\u0026","\u0026","\u0026","\u0026","\u0026"],["waht","what","what","what","what","what","what","what","what","what"]],"consensus_text":"how much Nitrous acid is formed \u0026 what","consensus_score":9.5,"edited_consensus_text":"","extract_index":[6,6,6,6,5,3,6,6,6,7],"flagged":false,"gold_standard":[false,false,false,false,false,false,false,false,false,false],"gutter_label":0,"line_editor":"","line_slope":-2.3999999999999773,"low_consensus":false,"number_views":10,"original_transcriber":"","seen":false,"slope_label":0,"user_ids":[1908355,1524758,2329172,2337154,2344219,311066,2122323,2331723,1995598,2346847]},{"clusters_x":[141.40855616108772,592.2778653696851],"clusters_y":[789.7824026230071,775.7086716446197],"clusters_text":[["is","is","is","How","is","is","is","is","is","is","in","in"],["its","its","its","much","its","its","its","its","its","its","it","its"],["composition","composition","composition","nitrous","composition","composition","composition","composition","[unclear][/unclear]","composition","[unclear][/unclear]","composition."],["","","","acid","","","","","","","",""]],"consensus_text":"is its composition acid","consensus_score":7,"edited_consensus_text":"is its composition","extract_index":[7,7,7,16,7,6,4,7,7,7,8,0],"flagged":false,"gold_standard":[false,false,false,false,false,false,false,false,false,false,false,false],"gutter_label":0,"line_editor":"aplacey","line_slope":-2.3999999999999773,"low_consensus":false,"number_views":12,"original_transcriber":"","seen":false,"slope_label":0,"user_ids":[1908355,1524758,2329172,2339660,2337154,2344219,311066,2122323,2331723,1995598,2346847,null]},{"clusters_x":[316.9487174447174,553.4902014742014],"clusters_y":[1084.322909090909,1094.7893464373462],