consensus text,line number,line slope,consensus score,line edited (T/F),original transcriber username,line editor username,flagged for low consensus (T/F),page number,column,number of transcribers,line start x,line end x,line start y,line end y
67,1,-0.06700000000000728,4,true,TEHark,FrankPearson,false,1,2,4,1190.6454584598541,1237.7094277143478,95.76950204372406,101.24205660820007
-[deletion]The[/deletion] [insertion]The[/insertion] [unclear]xxxx[/unclear] in [deletion]xxxx[/deletion] with sapphire light,2,-0.06700000000000728,4.888888888888889,true,E_L_Bird,FrankPearson,false,1,1,7,233.31407207250595,1094.6941605210304,169.10174036026,150.49505484104156
[deletion]breaking in [unclear]form[/unclear] as diamond bright[/deletion],3,-0.06700000000000728,3.4285714285714284,true,"",FrankPearson,false,1,1,4,267.88769114017487,1065.2037106752396,233.71513235569,212.60970830917358
[deletion]Where the Rocks which guard them [unclear]stand[/unclear][/deletion],4,-0.06700000000000728,4.714285714285714,true,"",FrankPearson,false,1,1,6,271.01442062854767,1142.5902655124664,285.30617415905,274.3626209497452
[deletion]When smiling spring eternal [unclear]reposes[/unclear][/deletion],5,-0.06700000000000728,3.2,true,TEHark,FrankPearson,false,1,1,4,291.4144532084465,1059.8082249760628,334.65787279605865,338.56628465652466
[deletion]I wonder at [unclear]good[/unclear] transport rain[/deletion],6,-0.06700000000000728,6,true,"",FrankPearson,false,1,1,9,279.52573442459106,1066.8010039329529,400.2308096885681,399.38970363140106
[deletion]Your graceful [underline]curves[/underline] & such serene[/deletion],7,-0.06700000000000728,5,true,"",FrankPearson,false,1,1,6,266.20329761505127,1067.777370095253,468.0273275375366,457.09294879436493
[deletion]Far from beneath another sky.[/deletion],8,-0.06700000000000728,4.5,true,"",FrankPearson,false,1,1,7,260.74188327789307,1025.3072892427444,561.9980711936951,545.175950050354
{,9,93.5,4,false,"","",false,1,1,4,204.49112594127655,179.3173749446869,81.54085612297058,493.0769593715668
