consensus text,line number,line slope,consensus score,line edited (T/F),original transcriber username,line editor username,flagged for low consensus (T/F),page number,column,number of transcribers,line start x,line end x,line start y,line end y
 {86 [Horizontal rule] 30,1,177.99,3,true,"",E_L_Bird,false,1,1,3,989.1026798382647,567.5244523656987,1382.881381972529,1407.203202788254
77 [Horizontal rule] 25,2,177.99,3,true,"",E_L_Bird,false,1,1,3,987.4576660278145,533.2705835917559,1282.1571645990598,1292.2877317808684
[deletion]If 18[/deletion],3,177.99,3,false,"","",false,1,1,3,1058.014505482819,790.4744765098443,1213.979838221063,1230.1943854315464
68 [Horizontal rule] 20,4,177.99,3,true,"",E_L_Bird,false,1,1,3,1019.2370908429484,547.7639104683708,1157.2090422599986,1158.334310879149
59 [Horizontal rule] 15,5,177.99,3,true,"",E_L_Bird,false,1,1,3,1003.4838195116516,548.889179087521,1045.8108485672024,1059.3136599239049
50 [Horizontal rule] 10,6,177.99,3,true,"",E_L_Bird,false,1,1,3,1018.1118737329357,566.8929103934119,911.9080036193267,926.536032086042
41 [Horizontal rule] 5,7,177.99,3,true,"",E_L_Bird,false,1,1,3,1013.6109280291786,560.1415047150606,758.8761072372724,771.2537014839623
32 [Horizontal rule] 0,8,177.99,3,true,"",E_L_Bird,false,1,1,3,1015.8613880037727,577.0200189109389,590.090982448203,609.2199823732442
10 / 18 ( 1,9,177.99,3,false,"","",false,1,1,3,1078.8745248380974,656.9116699411416,327.9113781025153,344.7898922983936
