consensus text,line number,line slope,consensus score,line edited (T/F),original transcriber username,line editor username,flagged for low consensus (T/F),page number,column,number of transcribers,line start x,line end x,line start y,line end y
8,1,0.958,3,false,"","",false,1,2,3,1051.71013840995,1110.1265538627113,138.73899561394524,142.2439716274733
M.S. Infus with the [unclear]subc.[/unclear] pot.,2,0.958,3.3333333333333335,true,TEHark,a_s_wolf,false,1,1,4,218.69206296721424,1104.284912317435,256.74013700124743,263.7501335964916
deep red brown.,3,0.958,3,false,"","",false,1,1,3,212.85042142193808,811.0345245718494,324.50321458100075,325.67152506278074
- Lime w[superscript]t[/superscript] - [unclear]paler[/unclear],4,0.958,3.6,false,"","",false,1,1,4,210.51380045837809,1029.5119718470016,388.761271579038,395.7712236060941
__ [unclear]Subc. Soda[/unclear] - redder,5,0.958,3.8,false,"","",false,1,1,6,217.5237524854342,1101.948291353875,456.5243045906032,461.19759108591126
