consensus text,line number,line slope,consensus score,line edited (T/F),original transcriber username,line editor username,flagged for low consensus (T/F),page number,column,number of transcribers,line start x,line end x,line start y,line end y
92,1,1.256,3,false,"","",false,1,1,3,125.36223698538228,160.86327639495366,78.76793118998644,77.65852370843736
And researches of this kind when,2,1.256,3,false,"","",false,1,1,3,193.0360933598777,1061.7021514128269,184.16164193715144,186.3804569002496
multiplied to a [underline]great extent[/underline] will not,3,1.256,3,false,"","",false,1,1,3,177.50438861819023,1221.4568287558982,282.8989077950218,307.3058723891021
only enlighten the Theory of vegetation,4,1.256,3,false,"","",false,1,1,3,189.70787091523042,1230.3320886082909,383.85498861599035,419.3560280255617
but afford very useful applications,5,1.256,3,false,"","",false,1,1,3,199.69253824917232,1120.5007479349294,489.2486993631553,509.2180340310392
to the general system of practical,6,1.256,3,false,"","",false,1,1,3,200.80194573072143,1202.5969015695632,589.0953727025748,633.4716719645389
Agriculture -,7,1.256,3,false,"","",false,1,1,3,198.5831307676232,519.2018929353146,691.1608610050924,710.0207881914273
