consensus text,line number,line slope,consensus score,line edited (T/F),original transcriber username,line editor username,flagged for low consensus (T/F),page number,column,number of transcribers,line start x,line end x,line start y,line end y
22b,1,-4.264999999999986,3,false,"","",false,1,1,3,84.18946453625946,171.79627457960754,233.8885515046175,229.56228928025467
Preface - To discours sur linegalite,2,-4.264999999999986,3.3333333333333335,true,"",a_s_wolf,false,1,1,4,232.66030410870266,1184.543169033928,245.78628901806496,229.61613842477118
"""Di toutes les sciences, humaines la",3,-4.264999999999986,3.75,true,JaneChurchill,a_s_wolf,false,1,1,5,171.21373185418648,1140.3447574122583,312.62291147034574,300.76480103526364
plus difficile & la plus imparfaite,4,-4.264999999999986,3.4285714285714284,true,JaneChurchill,a_s_wolf,false,1,1,4,107.6111395205644,1208.2593899040921,380.5375439621795,361.133363250227
une peroit etre celui ci del Homme,5,-4.264999999999986,3,true,"",a_s_wolf,false,1,1,4,130.24935035117565,1237.3656609720208,441.9841162166957,417.1898853069787
2 .. Shillings ~,6,-4.264999999999986,3,false,"","",false,1,1,3,547.4392356581543,885.93438807777,487.26053787791824,482.94849771970655
by Rousseau,7,-4.264999999999986,3.3333333333333335,true,"",a_s_wolf,false,1,2,5,955.8006466843012,1136.1544747962128,507.90528233356065,410.6166242668828
"[underline]17 "" 6[/underline]",8,-4.264999999999986,3.6666666666666665,false,"","",false,1,1,5,601.3397376358,731.7789524217029,705.0185658676073,703.9405558280544
"[underline]£ 2 "" 4 "" 0 .[/underline] Mary. -",9,-4.264999999999986,3,false,"","",false,1,1,4,238.05035430646726,903.1825487106167,979.9111259536011,956.1949050834369
