consensus text,line number,line slope,consensus score,line edited (T/F),original transcriber username,line editor username,flagged for low consensus (T/F),page number,column,number of transcribers,line start x,line end x,line start y,line end y
Nitrogine,1,1.489,3,false,"","",false,1,1,6,307.8893988544936,559.0398515743561,353.99978057755095,344.09365389017245
13.4,2,1.489,3,false,"","",false,1,1,3,489.6967202454729,670.3385391277789,425.0911434406047,427.4219706272356
.4 Hydrogine },3,1.489,3,false,"","",false,1,1,4,473.3806631929833,830.0026910420123,512.4984744407902,515.9947596784154
} [deletion]7[/deletion] [unclear]3[/unclear],4,1.489,3,false,"","",false,1,1,3,818.3483772781424,1042.111165978303,554.4539862076506,581.2588989730158
.94 Basis },5,1.489,5,false,"","",false,1,1,6,450.07203566524333,853.3113185697524,625.5452823841861,622.0489971465609
[deletion]4[/deletion],6,1.489,3,false,"","",false,1,1,3,796.2051633437178,911.5828873891022,1131.342517519215,1132.5079311125305
[deletion][underline]4[/underline][/deletion],7,1.489,3,false,"","",false,1,1,3,720.6799497401713,955.1968712104355,1207.3811476749697,1211.5392484445038
[deletion]37.6[/deletion],8,1.489,3,false,"","",false,1,1,3,634.2101842428534,960.5309696312132,1264.2017122104044,1296.8337818577047
2.,9,1.489,3,false,"","",false,1,1,3,842.0965429686286,908.6261552811718,1495.1217082372023,1495.9533791491754
