consensus text,line number,line slope,consensus score,line edited (T/F),original transcriber username,line editor username,flagged for low consensus (T/F),page number,column,number of transcribers,line start x,line end x,line start y,line end y
37,1,-2.1019999999999754,3,false,"","",false,1,2,3,1001.4962096850945,1101.6242227099456,109.25735657440308,115.14723969351198
- The light from the Sun is,2,-2.1019999999999754,3,false,"","",false,1,1,3,133.32745140931627,895.4783135411344,364.87825922879586,330.71696409970957
too bright for our organs,3,-2.1019999999999754,3,false,"","",false,1,1,3,152.1750818840889,902.5462451820524,482.6759216109738,428.48901488966874
till it is reflected from,4,-2.1019999999999754,2,false,"","",true,1,1,2,146.28519876498,964.9789523211161,578.092055102283,519.1932239111941
[underline]the earth[/underline]. Divine truth,5,-2.1019999999999754,2,false,"","",true,1,1,2,160.4209272380898,1008.5641413260125,685.2879098955681,629.9229995886961
requires to be made human,6,-2.1019999999999754,2,true,"",Fierengraw,true,1,1,2,150.99710076664292,994.4283679166606,767.7463634355768,725.3391330800054
truth before it can be,7,-2.1019999999999754,2,false,"","",true,1,1,2,176.91259547797046,1001.4962096850945,859.6284412339428,824.2891425192895
relished by us.,8,-2.1019999999999754,3,false,"","",false,1,1,3,206.36203354163598,646.9252638892358,955.0445747252522,952.6886124903601
