consensus text,line number,line slope,consensus score,line edited (T/F),original transcriber username,line editor username,flagged for low consensus (T/F),page number,column,number of transcribers,line start x,line end x,line start y,line end y
Which will almost,1,177.856,5,false,"","",false,1,1,5,1059.148563521182,370.5499138052787,1438.5768588945905,1466.7788672853071
precisely correspond,2,177.856,4.5,false,"","",false,1,1,5,1072.0744802981058,390.5263775057381,1371.597100173103,1392.7486288790687
with Berthollets estimation,3,177.856,5,true,"",RebekahMM,false,1,1,5,1077.9498949773501,210.73865246016953,1244.6881744795205,1303.442321271966
if We allow for,4,177.856,5,true,"",E_L_Bird,false,1,1,5,1141.4043690306057,265.96760423609635,1157.732064122215,1181.2337228391934
the common air,5,177.856,5,false,"","",false,1,1,5,1043.8724943203174,304.74528732808244,1056.6749047436947,1127.1798808946296
contained in the,6,177.856,5,false,"","",false,1,1,5,959.2664915610962,236.5905308398735,992.0453432720047,1009.6715873097385
tube. -,7,177.856,5,false,"","",false,1,1,5,1008.6199838319219,815.9064092482148,871.0117695014673,874.5370541696993
