consensus text,line number,line slope,consensus score,line edited (T/F),original transcriber username,line editor username,flagged for low consensus (T/F),page number,column,number of transcribers,line start x,line end x,line start y,line end y
Laws of Association,1,0.121,3,true,"",a_s_wolf,false,1,1,4,301.24810791015625,861.1239318847656,141.68682861328125,136.53839111328125
Impression at the same time,2,0.121,3,false,"","",false,1,1,3,188.9716033935547,1030.4287109375,248.39865112304688,230.68557739257812
or in succession,3,0.121,3,false,"","",false,1,1,3,196.61717224121094,677.28857421875,319.283203125,318.97509765625
Similarity by which they [unclear]prob.[/unclear],4,0.121,5.6,true,"",a_s_wolf,false,1,1,6,192.9376983642578,1057.1666259765625,397.90289306640625,411.2342834472656
belong to the same regions,5,0.121,4,false,"","",false,1,1,4,217.44534301757812,992.8821411132812,474.3340759277344,487.7237548828125
of the brain D[superscript]r[/superscript] Hartleys,6,0.121,5,false,"","",false,1,1,6,212.89356994628906,969.0778198242188,533.8285522460938,536.4439086914062
Theory of complex ideas [unclear]false[/unclear],7,0.121,3.4,true,"",E_L_Bird,false,1,1,4,204.85503387451172,950.2352905273438,640.4664611816406,644.5444030761719
In indolence eternal,8,0.121,3,false,"","",false,1,1,3,250.58758544921875,869.4703979492188,753.6870727539062,729.070068359375
