consensus text,line number,line slope,consensus score,line edited (T/F),original transcriber username,line editor username,flagged for low consensus (T/F),page number,column,number of transcribers,line start x,line end x,line start y,line end y
It is by means of this science that,1,3.793,3,false,"","",false,1,1,3,91.99683511257172,1022.2048169970512,183.35215878486633,180.47225791215897
we perceive that all the changes,2,3.793,3,false,"","",false,1,1,3,90.07690119743347,980.926237821579,245.75001102685928,246.7099779844284
in the external world are owing,3,3.793,3.8333333333333335,true,gckr,E_L_Bird,false,1,1,4,81.43719857931137,1071.1631318330765,316.2691992521286,304.74959576129913
to the action of a very few elements,4,3.793,3,false,"","",false,1,1,3,83.35713249444962,1071.1631318330765,380.1453850865364,368.62578159570694
in each other-,5,3.793,3,true,"",E_L_Bird,false,1,1,3,91.0368681550026,512.4623625278473,442.54323732852936,449.2630060315132
