consensus text,line number,line slope,consensus score,line edited (T/F),original transcriber username,line editor username,flagged for low consensus (T/F),page number,column,number of transcribers,line start x,line end x,line start y,line end y
Ireland Basalts,1,-87.85399999999998,3,false,"","",false,1,2,4,224.16352288416658,233.45419817569322,991.4195620061905,238.87452867074967
app[superscript]g[/superscript] from cliffs,2,-87.85399999999998,3,true,"",Fierengraw,false,1,2,3,353.20073440402734,376.9435734478753,957.3537460407535,295.6509017394883
"[pencil sketch of four rocky peaks; minimal detail, labelled as below]",3,,0,true,"",Fierengraw,false,1,1,0,,,,
B,4,-87.85399999999998,3,false,"","",false,1,3,3,419.4396596922211,419.4396596922211,177.1465694432287,79.07828868813453
C,5,-87.85399999999998,3,false,"","",false,1,2,3,867.7884148108385,881.2082375540658,783.1672600308735,654.1300485110128
C,6,-87.85399999999998,3,false,"","",false,1,1,3,904.1586122515945,909.3201007123889,1412.8956566898407,1343.7317231289048
C,7,-87.85399999999998,3,false,"","",false,1,3,3,631.3922275548407,631.3922275548406,323.7947870201691,233.98484054750793
