consensus text,line number,line slope,consensus score,line edited (T/F),original transcriber username,line editor username,flagged for low consensus (T/F),page number,column,number of transcribers,line start x,line end x,line start y,line end y
101,1,0.955,2,false,"","",true,1,1,2,1145.7705110311508,1211.441165804863,92.48329865932465,93.57780957221985
I walk in the [unclear]Les basse[/unclear] - [deletion]B [insertion]And[/insertion] Rech the mountains brow[/deletion],2,-179.343,3.3846153846153846,true,TEHark,FrankPearson,false,1,1,4,1179.4568207263947,128.72632145881653,599.1819508075714,602.8303205966952
"[deletion]A lovely lake extends its azure waves[/deletion],",3,-179.343,2.7142857142857144,true,AliCat54,FrankPearson,true,1,1,3,1188.327914237976,396.8459926843643,532.9459271430969,532.1048198938371
Round the mountain lake,4,-179.343,2,true,TEHark,FrankPearson,true,1,1,2,806.1518174409866,260.2732126712799,457.0822335481644,452.87669730186474
"The woods are spread, [deletion][unclear]x[/unclear][/deletion] darkening its azure tints.",5,-179.343,2.888888888888889,true,AliCat54,FrankPearson,true,1,1,3,1140.9125026464462,231.67556619644165,406.6157740354538,397.3635942935945
[unclear]Beneath[/unclear] the Tiber rolls his [deletion][unclear]xxxxxx[/unclear][/deletion] troubled streams,6,-179.343,2.75,true,AliCat54,FrankPearson,true,1,1,3,1145.118038892746,236.72220969200134,337.6450160741806,338.48612332344067
And in the distant landscape [unclear]hills[/unclear] arise,7,-179.343,2.857142857142857,true,AliCat54,FrankPearson,true,1,1,3,1127.2136700749397,379.31247878074635,280.80570489168167,275.7590613961221
Of varied form & attire grey in mists,8,-179.343,2.7777777777777777,true,AliCat54,FrankPearson,true,1,1,3,1119.2793001532555,384.5702474117279,219.16982471942902,207.5511699318887
[deletion]- Their summits [unclear]xxxx[/unclear][/deletion],9,-179.343,2.5,true,AliCat54,FrankPearson,true,1,1,4,1109.027545928955,751.5830486416817,137.15577268600464,132.37162071466452
