consensus text,line number,line slope,consensus score,line edited (T/F),original transcriber username,line editor username,flagged for low consensus (T/F),page number,column,number of transcribers,line start x,line end x,line start y,line end y
shall be given to their efforts.,1,-6.163000000000011,4.666666666666667,false,"","",false,1,1,5,153.4378180212014,1236.3703975265016,256.14699646643106,142.30388692579504
that they shall be attended to,2,-6.163000000000011,3.5,false,"","",false,1,1,4,163.39909010600704,1260.562058303887,374.97074204947,246.18572438162545
encouraged & supported.-,3,-6.163000000000011,3.3333333333333335,false,"","",false,1,1,5,169.0912455830388,1136.757676678445,492.37144876325084,394.1817667844523
