consensus text,line number,line slope,consensus score,line edited (T/F),original transcriber username,line editor username,flagged for low consensus (T/F),page number,column,number of transcribers,line start x,line end x,line start y,line end y
5 8/10 of oxymur[superscript]c[/superscript]. gas Entered,1,-0.3210000000000264,3.3333333333333335,false,"","",false,1,1,4,405.79549236113337,987.370597707401,125.0599703890033,131.712017060284
2 grs of Bismuth,2,-0.3210000000000264,3,false,"","",false,1,1,3,481.81838573978695,937.9557460117085,202.98347960277175,196.33143293149104
1 1/2 Cub. In. absorbed,3,-0.3210000000000264,3,false,"","",false,1,1,3,417.19893361803946,861.9328526330548,264.75206234765756,256.19947234234286
[Horizontal rule],4,-0.3210000000000264,4,true,"",E_L_Bird,false,1,1,4,328.8223091901925,1086.2003735998667,344.57607864491956,358.8303711534171
{ Try [underline]2 grains of Mercury.[/underline] -,5,-0.3210000000000264,3,false,"","",false,1,1,3,373.4857481749894,1038.6860652382081,465.26242913364024,459.56074475572757
{ act upon 30 grains,6,-0.3210000000000264,3,false,"","",false,1,1,3,414.4116280672822,871.2112703516881,749.4932921449238,747.8647978367655
{ of oxide of arsenic by Nitric,7,-0.3210000000000264,3,false,"","",false,1,1,3,324.02879619529597,872.0255175057672,817.8910936490884,808.1199724924495
{ acid by [underline]Heat[/underline]. -,8,-0.3210000000000264,3,false,"","",false,1,1,3,345.1995638782696,784.0854581575562,860.2325979534977,859.4183197378807
