consensus text,line number,line slope,consensus score,line edited (T/F),original transcriber username,line editor username,flagged for low consensus (T/F),page number,column,number of transcribers,line start x,line end x,line start y,line end y
9,1,0.04,2,false,"","",true,1,1,5,948.0425141453743,982.6756539344788,215.94230049848557,219.6864237189293
Zen,2,0.04,3,false,"","",false,1,1,5,614.931878566742,698.7125993967056,244.63889014720917,244.63889014720917
Zen,3,0.04,2,false,"","",true,1,1,5,792.7560501694679,880.4521861076355,306.4133760333061,308.25961047410965
S,4,0.04,4,false,"","",false,1,1,4,508.10803574323654,569.886068880558,594.0987473130226,590.3546240925789
8l,5,0.04,4,false,"","",false,1,1,6,732.7554289698601,805.7658317685127,725.1430665850639,720.4629125595093
l,6,0.04,4,false,"","",false,1,1,4,501.1302133528059,578.9431487216066,809.7558660337405,809.7558660337405
