consensus text,line number,line slope,consensus score,line edited (T/F),original transcriber username,line editor username,flagged for low consensus (T/F),page number,column,number of transcribers,line start x,line end x,line start y,line end y
consolation in age; teaching that in all,1,0.274,3,false,"","",false,1,1,3,191.49200642054575,2060.8919422150884,321.54375601926154,359.9396468699838
things there is order & harmony and,2,0.274,3,false,"","",false,1,1,3,165.0948314606742,1873.7119743178173,487.1260353130015,515.9229534510432
wisdom,3,0.274,3,false,"","",false,1,1,3,165.0948314606742,520.2568218298555,659.907544141252,638.3098555377208
Exalting the sensual into the,4,0.274,3,false,"","",false,1,1,3,309.0794221508828,1820.9176243980737,791.89341894061,789.4936757624398
intellectual and the intellectual,5,0.274,3,false,"","",false,1,1,3,201.09097913322648,1878.5114606741577,947.8767255216694,967.0746709470304
into the moral and religious being. -,6,0.274,3,true,"",aplacey,false,1,1,3,191.49200642054575,2104.087319422151,1139.856179775281,1151.8548956661316
[underline]end[/underline]. -,7,0.274,3,true,"",aplacey,false,1,2,3,736.2337078651686,1148.9895345104333,1367.8317817014445,1384.6299839486355
