consensus text,line number,line slope,consensus score,line edited (T/F),original transcriber username,line editor username,flagged for low consensus (T/F),page number,column,number of transcribers,line start x,line end x,line start y,line end y
Size in life unknown unnoticed,1,-3.3079999999999927,3,true,"",LH1980Lancaster,false,1,1,3,311.5919504994266,1217.362761983469,202.26871455438092,140.2473173726124
The purple heath [unclear][deletion]first inmate of the xx[/deletion][/unclear],2,-3.3079999999999927,3,true,"",LH1980Lancaster,false,1,1,3,329.6552952485462,1209.2921310185443,308.73675459250364,246.69685950605572
[deletion]the purple he [unclear]th[/unclear][/deletion],3,-3.3079999999999927,3,true,"",LH1980Lancaster,false,1,2,3,687.663624004196,1130.4014907452975,348.0711763803482,327.7265492891132
amidst the bracken green.,4,-3.3079999999999927,3,false,"","",false,1,2,3,714.7227756772834,1287.2869604730108,406.6888364749067,386.9897149735438
The mountain ash with genial berries,5,-3.3079999999999927,3,true,"",LH1980Lancaster,false,1,1,3,331.57223287413234,1221.8376950627326,505.5298286668502,443.5084314850817
are the meadows of,6,,0,true,"",LH1980Lancaster,false,1,1,0,,,,
