consensus text,line number,line slope,consensus score,line edited (T/F),original transcriber username,line editor username,flagged for low consensus (T/F),page number,column,number of transcribers,line start x,line end x,line start y,line end y
1,1,-1.6519999999999868,2,true,"",FrankPearson,false,1,2,2,2289.2621166957647,2403.9278437883786,238.78007010320857,225.67536558804866
History,2,-1.6519999999999868,3,true,TatterTangle,FrankPearson,false,1,1,3,693.7704032976817,1109.8430844817287,500.8731762225768,491.0446165922757
of Natural Science,3,-1.6519999999999868,3,true,TatterTangle,FrankPearson,false,1,1,3,798.6075395160631,1958.3696399330838,684.3383208243998,661.4051504107322
from remote Antiquity,4,-1.6519999999999868,2,true,Hotpockets4me,FrankPearson,false,1,1,2,841.1977667024705,2115.625344260656,894.0127807247495,880.9080762095896
to the,5,-1.6519999999999868,2,true,TatterTangle,FrankPearson,false,1,1,2,814.9883576721506,1211.404232034907,1080.7540702114316,1077.4779565705037
Decline,6,-1.6519999999999868,2,true,TatterTangle,FrankPearson,false,1,1,2,595.4854943611556,1096.7385049422933,1375.6087970210094,1346.1233993254864
of the,7,-1.6519999999999868,2,true,TatterTangle,FrankPearson,false,1,1,2,746.1889714068723,1057.424516372538,1506.6553422697107,1509.931580886363
[underline]Grecian Empire[/underline],8,-1.6519999999999868,2,true,TatterTangle,FrankPearson,false,1,1,2,631.5232443142586,1611.0960950628664,1706.501398759415,1699.949046501835
