consensus text,line number,line slope,consensus score,line edited (T/F),original transcriber username,line editor username,flagged for low consensus (T/F),page number,column,number of transcribers,line start x,line end x,line start y,line end y
Picturesque description,1,1.322,3,false,"","",false,1,1,3,346.2537931203842,1054.0271906256676,252.6150505542755,268.5424406528473
of [underline]Micaceous Shist[/underline],2,1.322,3,false,"","",false,1,1,3,285.22498697042465,876.1067904233932,357.95433193445206,377.0150352716446
[underline]Cape Cornwall[/underline],3,1.322,3,false,"","",false,1,1,3,324.1751198768616,823.8970378041267,520.3846765756607,531.9868438243866
Of [underline]Sienite[/underline] - [underline]Lizard[/underline],4,1.322,3,false,"","",false,1,1,3,205.74062430858612,923.4686406254768,978.8817462325096,1008.7456026673317
decomposed at the top . -,5,1.322,3.1666666666666665,true,AliCat54,E_L_Bird,false,1,1,4,200.76331490278244,1048.8968376517296,1157.0694229602814,1174.9877368211746
regular [underline]beautiful[/underline]. -,6,1.322,3,true,AliCat54,E_L_Bird,false,1,1,4,202.7542386651039,883.6501653790474,1265.5748215317726,1290.461368560791
& of Coverac -,7,1.322,3.5,true,AliCat54,E_L_Bird,false,1,1,4,185.8313866853714,774.1493584513664,1388.0166329145432,1399.962175488472
107,8,1.322,3,true,TEHark,E_L_Bird,false,1,1,3,113.31571292877197,210.8709772825241,1689.0665274262428,1688.071065545082
