consensus text,line number,line slope,consensus score,line edited (T/F),original transcriber username,line editor username,flagged for low consensus (T/F),page number,column,number of transcribers,line start x,line end x,line start y,line end y
[Pencil sketch of rocks],1,,0,true,"",Fierengraw,false,1,1,0,,,,
8 cubical inches of Ammonia become,2,2.366,3,false,"","",false,1,1,3,264.20604544878006,986.1299485564232,854.5400704741478,869.4703701734543
16 | [underline]of these[/underline] four are,3,2.366,3,false,"","",false,1,1,3,154.42443001270294,800.818581700325,966.9564446806908,977.4954797625542
[underline]Nitrogene.[/underline] 12 [underline]Hydrogene[/underline].,4,2.366,3,true,"",Fierengraw,false,1,1,3,503.9690935611725,848.2442395687103,1060.9295408129692,1089.9118872880936
[underline]Then[/underline],5,2.366,3,false,"","",false,1,1,3,357.30085533857346,524.1689108014107,1157.537362396717,1170.7111562490463
Nitrogene consists of [deletion]2 Hydrogene[/deletion],6,2.366,3,false,"","",false,1,1,3,190.43279987573624,959.7823608517647,1225.1628264188766,1254.145172894001
[deletion]2 oxygene[/deletion] Hydrogene 4. oxygene 4 nearly,7,2.366,3,false,"","",false,1,1,3,211.51087003946304,976.4691663980484,1339.3357064723969,1348.118235707283
[deletion]three [unclear]xx[/unclear][/deletion] or in this instance,8,2.366,3,true,"",E_L_Bird,false,1,1,3,200.97183495759964,806.0880992412567,1411.3524351119995,1439.4565286636353
"of 3.5 oxygene. 3.5 Hydrogene,",9,2.366,3,false,"","",false,1,1,3,249.27574574947357,923.7739909887314,1486.003933608532,1513.229774236679
