consensus text,line number,line slope,consensus score,line edited (T/F),original transcriber username,line editor username,flagged for low consensus (T/F),page number,column,number of transcribers,line start x,line end x,line start y,line end y
41,1,-3.8310000000000173,1,false,"","",true,1,2,1,1975.7734690642644,2042.1465449428454,315.53015363795004,313.78349725324125
"principle of life, modified in",2,-3.8310000000000173,2,false,"","",false,1,1,2,259.67487456279423,2018.4094286384843,323.6162668631745,329.17655221613086
its influence exalted in its ben-,3,-3.8310000000000173,1.6666666666666667,true,"",sruston,false,1,1,2,267.935873746734,2116.754709861428,508.964202697724,509.97864518058424
-eficial effects and conteracted in,4,-3.8310000000000173,1.4,false,"","",false,1,1,2,311.8774466773101,2079.3655389989053,716.7762826772532,711.2159973242967
its destructive energies,5,-3.8310000000000173,1.6666666666666667,false,"","",false,1,1,2,353.3958308978755,1593.6409459848132,923.7442859526553,956.7678505761071
