consensus text,line number,line slope,consensus score,line edited (T/F),original transcriber username,line editor username,flagged for low consensus (T/F),page number,column,number of transcribers,line start x,line end x,line start y,line end y
An account of some,1,178.496,1,false,"","",true,1,1,1,1661.4825984829245,259.4857099230094,2459.0484363122837,2491.9682131685367
experiments on the,2,178.496,1,false,"","",true,1,1,1,1707.9576644800827,276.9138781394638,2321.5597794299447,2337.051443472304
Torpedo by Sir H. Davy,3,178.496,1,false,"","",true,1,1,1,1731.1951974786618,87.14075354280158,2133.723159007378,2131.7867287033637
Bar[superscript]t[/superscript].,4,178.496,1,true,"",RebekahMM,true,1,1,1,1659.5461681789097,1262.571898509293,1943.9500713457564,1959.4418092581968
This organ of the Torped,5,178.496,1,true,"",a_s_wolf,true,1,1,1,1661.4825984829245,91.01361415083056,1628.3071302361263,1721.2571883603619
