consensus text,line number,line slope,consensus score,line edited (T/F),original transcriber username,line editor username,flagged for low consensus (T/F),page number,column,number of transcribers,line start x,line end x,line start y,line end y
79,1,-0.507000000000005,3,false,"","",false,1,2,3,1130.655361715454,1200.321666083304,90.37790836910267,86.61216218705673
different connections - It will [insertion]offer[/insertion] [deletion][unclear]xxxx[/unclear][/deletion],2,-0.507000000000005,3.857142857142857,true,"",Fierengraw,false,1,1,4,117.66963874509517,1125.006742442385,178.87294364718232,165.69283201002153
[deletion]of many applications of[/deletion] [insertion]various illustrations of[/insertion] the practices of,3,-0.507000000000005,3.3,false,"","",false,1,1,4,98.84090783486542,1153.2498388077297,280.5480905624229,278.66521747139984
Agriculture and will afford some,4,-0.507000000000005,3,false,"","",false,1,1,3,93.19228856179652,1051.5746918924892,395.4033491148241,389.7547298417552
interesting proofs of those laws of organized,5,-0.507000000000005,3,false,"","",false,1,1,3,102.60665401691139,1205.970285356373,483.89838439290384,478.2497651198348
life by which an almost infinite diversity,6,-0.507000000000005,3,false,"","",false,1,1,3,91.30941547077353,1222.9161431755797,570.5105465799605,583.6906582171213
of appearances is produced by a few,7,-0.507000000000005,3,false,"","",false,1,1,3,85.66079619770463,1081.7006613488568,655.2398356759943,662.7713280400861
simple causes -,8,-0.507000000000005,3.6666666666666665,false,"","",false,1,1,4,121.43538492714109,629.8111195033435,728.6718862258901,738.086251681005
