consensus text,line number,line slope,consensus score,line edited (T/F),original transcriber username,line editor username,flagged for low consensus (T/F),page number,column,number of transcribers,line start x,line end x,line start y,line end y
Cesalpinos de,1,-4.420999999999992,4,true,"",Eleanor_Lucy_Bird,false,1,1,5,307.35546875,786.772705078125,328.523681640625,307.5133361816406
Metallicis 1596.,2,-4.420999999999992,4,true,"",Eleanor_Lucy_Bird,false,1,1,4,364.6563415527344,935.7549438476562,435.48529052734375,398.2397155761719
Paracelsus. - of the,3,-4.420999999999992,3,true,"",Eleanor_Lucy_Bird,false,1,1,3,213.1449737548828,906.8335571289062,660.4893798828125,601.0802612304688
supreme mysteries of,4,-4.420999999999992,3,false,"","",false,1,1,3,233.23922729492188,874.5079956054688,758.3396606445312,686.6992797851562
Nature. -,5,-4.420999999999992,3,true,"",aplacey,false,1,1,3,286.5326843261719,537.2740478515625,858.8109130859375,819.49609375
[deletion][unclear]xxxx[/unclear][/deletion] Congeries [unclear]egus[/unclear],6,-4.420999999999992,2.8,true,"",aplacey,true,1,1,5,311.175537109375,895.6443481445312,972.2034301757812,934.0028076171875
Chemicae de Transmutationibus,7,-4.420999999999992,5,false,"","",false,1,1,6,303.535400390625,1044.6265869140625,1073.4349365234375,1040.0093994140625
Metallarum -,8,-4.420999999999992,3.5,false,"","",false,1,1,4,284.43511962890625,680.76611328125,1160.3411865234375,1142.1959228515625
