consensus text,line number,line slope,consensus score,line edited (T/F),original transcriber username,line editor username,flagged for low consensus (T/F),page number,column,number of transcribers,line start x,line end x,line start y,line end y
Tertre,1,176.754,1,true,"",deehar,true,1,1,1,1413.6773886680603,1025.4164543151855,2559.5636372566223,2571.1782805919647
& I communicated these,2,176.754,1,true,"",deehar,true,1,1,1,1436.9066753387451,436.3881137371063,2332.248481988907,2425.165628671646
imperfect trials to the,3,176.754,1,true,"",deehar,true,1,1,1,1395.4258062839508,429.75117468833923,2196.1912314891815,2282.4714391231537
Royal Society in the,4,176.754,1,false,"","",true,1,1,1,1387.129632472992,497.7797999382019,2046.860102891922,2096.637145757675
hopes that they may,5,176.754,1,false,"","",true,1,1,1,1375.5149891376495,479.5282175540922,1870.9812180995941,1922.4174957275393
lead to more extensive,6,176.754,1,false,"","",true,1,1,1,1357.26340675354,207.4137165546415,1710.0354461669922,1718.3316199779513
& more profound researches.,7,176.754,1,false,"","",true,1,1,1,1363.9003458023071,189.162134170532,1564.0227870941162,1562.3635523319247
