consensus text,line number,line slope,consensus score,line edited (T/F),original transcriber username,line editor username,flagged for low consensus (T/F),page number,column,number of transcribers,line start x,line end x,line start y,line end y
When slow the paly shadows glide,1,1.698,3.8333333333333335,false,"","",false,1,1,4,120.79843664169312,887.9501111507416,338.2630207538605,367.329660654068
The violet's perfumed bank beside,2,1.698,3,false,"","",false,1,1,3,132.21747374534607,883.7977340221405,447.5051245689392,473.4574816226959
And their sweet buds the flowrets close,3,1.698,3,false,"","",false,1,1,3,121.83653092384338,991.7595393657684,544.0478928089142,568.9621555805206
"And, wakes the heart, while all repose",4,1.698,3,false,"","",false,1,1,3,131.1793794631958,1013.5595192909241,647.857321023941,653.0477924346924
"Oft e'en from air, thy form, thy face",5,1.698,3,true,"",sruston,false,1,1,3,132.21747374534607,967.8833708763123,722.6001093387604,739.2096178531647
"Thy shape, thy last, last look retrace",6,1.698,3,false,"","",false,1,1,3,128.065096616745,979.3024079799652,826.4095375537872,851.3238003253937
And with a grateful tear again,7,1.698,3,false,"","",false,1,1,3,133.25556802749634,927.3976938724518,906.8271920681,922.398606300354
Review the consecrated chain.,8,1.698,3,false,"","",false,1,1,3,133.25556802749634,836.0453970432281,990.1169998645782,1016.069356918335
Fidelissima,9,1.698,3,true,"",sruston,false,1,2,3,666.8360290527344,839.159679889679,1110.77814078331,1120.1209893226624
