consensus text,line number,line slope,consensus score,line edited (T/F),original transcriber username,line editor username,flagged for low consensus (T/F),page number,column,number of transcribers,line start x,line end x,line start y,line end y
^,1,-1.620999999999981,2,true,hoskinml,FrankPearson,false,1,1,2,484.0101308822632,637.5387449264526,493.91129970550537,503.0499076843262
^. Platina is one of his,2,-1.620999999999981,2,true,hoskinml,FrankPearson,false,1,1,2,460.2497501373291,1920.599305152893,1521.0908498764038,1393.1503381729126
remedies introduces a,3,-1.620999999999981,2.3333333333333335,true,Nomad Purple,FrankPearson,false,1,1,3,575.3962106704712,1827.385503768921,1641.7204751968384,1605.1660432815552
Waiting Woman -,4,-1.620999999999981,2,true,"",raspence,false,1,1,2,546.1526651382446,1719.5499296188354,1835.4589643478394,1769.6609869003296
