consensus text,line number,line slope,consensus score,line edited (T/F),original transcriber username,line editor username,flagged for low consensus (T/F),page number,column,number of transcribers,line start x,line end x,line start y,line end y
to [unclear]animal[/unclear] life,1,1.178,3.3333333333333335,false,"","",false,1,1,5,84.97307991981506,764.1007289886475,244.28322803974152,275.70555210113525
- this shews how,2,1.178,3,true,"",Fierengraw,false,1,1,3,149.84497475624084,827.9590004682541,388.2177447080612,383.14962792396545
perfectly the opposition,3,1.178,3,false,"","",false,1,1,3,98.15018355846405,1009.3975813388824,516.9479110240936,510.8661708831787
of electricities,4,1.178,3,false,"","",false,1,1,3,160.99483168125153,798.5639231204987,613.2421299219131,635.5418437719345
annihilate each,5,1.178,3,false,"","",false,1,1,3,138.69511783123016,876.6129215955734,785.5581055879593,797.7215858697891
other,6,1.178,3,false,"","",false,1,1,3,126.53163754940033,330.26993227005005,895.0294281244278,903.138414978981
