consensus text,line number,line slope,consensus score,line edited (T/F),original transcriber username,line editor username,flagged for low consensus (T/F),page number,column,number of transcribers,line start x,line end x,line start y,line end y
Clear & blue like thine,1,-0.45299999999997453,3.4,true,"",E_L_Bird,false,1,1,4,311.119992017746,1087.5357809066772,368.1950376033783,353.0084207057953
own eye,2,-0.45299999999997453,3,false,"","",false,1,1,3,741.0910829305649,1060.010037779808,441.28062784671783,429.8906651735306
Which loves in languid,3,-0.45299999999997453,3,false,"","",false,1,1,3,261.7634871006012,1024.8909862041473,655.7915858030319,636.8083146810532
peace to lie,4,-0.45299999999997453,3,false,"","",false,1,1,3,403.18885695934296,979.3311355113983,799.1152923107147,796.2678016424179
and [unclear]bending[/unclear] beautiful,5,-0.45299999999997453,3.6666666666666665,true,TEHark,E_L_Bird,false,1,1,6,269.3567955493927,999.263570189476,982.303839802742,975.6596949100494
in shade,6,-0.45299999999997453,3,false,"","",false,1,1,3,664.2088348865509,989.7719346284866,1091.457689523697,1098.1018344163895
Seems of the,7,-0.45299999999997453,3,true,"",E_L_Bird,false,1,1,3,298.7808657884598,916.6863408088684,1181.6282390356064,1180.6790754795074
amorous light affraid,8,-0.45299999999997453,3.3333333333333335,true,"",E_L_Bird,false,1,1,5,292.1367208957672,1083.7391266822815,1299.3245142698288,1308.8161498308182
and sending beautiful,9,169.046,2.6666666666666665,false,"","",true,1,1,3,298.3102493590237,263.43805281429957,977.2644724669095,984.0139077146043
