consensus text,line number,line slope,consensus score,line edited (T/F),original transcriber username,line editor username,flagged for low consensus (T/F),page number,column,number of transcribers,line start x,line end x,line start y,line end y
{The trump of fame,1,-178.197,3,true,"",E_L_Bird,false,1,1,3,1008.3740320205688,393.1755067706108,1182.8415734171867,1154.0491307377815
swells with the tones of,2,-178.197,3,false,"","",false,1,1,3,1038.1262227892876,281.844728410244,1045.5975966453552,1018.7246501445771
triumph,3,-178.197,3,false,"","",false,1,1,3,1080.3551387190819,730.0470861196517,937.1460625529289,941.9448029994965
& the deeds of Heroes},4,-178.197,3,true,"",E_L_Bird,false,1,1,3,1081.3148868083954,306.79817873239506,815.2580552101135,773.9888873696328
