consensus text,line number,line slope,consensus score,line edited (T/F),original transcriber username,line editor username,flagged for low consensus (T/F),page number,column,number of transcribers,line start x,line end x,line start y,line end y
till we shall discover a propert[deletion]y[/deletion]ies,1,-0.5500000000000114,3.6666666666666665,false,"","",false,1,1,4,170.42865180518757,948.5297458884735,141.1817753738053,125.20111179550906
of [deletion]all[/deletion] matter governed by known,2,-0.5500000000000114,3,false,"","",false,1,1,3,194.56581356682437,969.7939730374717,210.22006831407631,191.63918165697487
laws; producing attraction & repulsion,3,-0.5500000000000114,3,false,"","",false,1,1,3,199.97268295242696,959.8976655939598,260.295521910971,264.7009894773165
too shall . never. be able to,4,-0.5500000000000114,3.142857142857143,false,"","",false,1,1,4,183.54174838495402,954.4615113104244,332.52846750861045,323.35164155028144
understand chemistry when this,5,-0.5500000000000114,3,false,"","",false,1,1,3,179.48139821274884,952.6813342486685,387.4384479067817,373.6836052352946
is done it will become a,6,-0.5500000000000114,3,false,"","",false,1,1,3,206.380973257802,948.0616942704539,452.2069966856428,442.52946026742757
geometrical science. - & calculation,7,-0.5500000000000114,3.2,false,"","",false,1,1,4,194.68365801949062,969.062153185165,503.90242611486235,499.0509623330346
will take place of exp[superscript]t[/superscript].-,8,-0.5500000000000114,3,false,"","",false,1,1,3,209.37676275171475,940.8876719506388,575.8534513784275,583.8185491068344
