consensus text,line number,line slope,consensus score,line edited (T/F),original transcriber username,line editor username,flagged for low consensus (T/F),page number,column,number of transcribers,line start x,line end x,line start y,line end y
1,1,-1.8559999999999945,1,false,"","",true,1,2,1,1225.2973790484107,1263.5629361433646,81.1706066786139,81.1706066786139
"Date about 180[deletion]0[/deletion]2, when about A[superscript]t[/superscript]. 22",2,-1.8559999999999945,5.2105263157894735,true,"",Fierengraw,false,1,1,17,278.66487069872767,1220.537738139803,172.89154063070703,130.26498413085938
& earlier before he left Penzance . -,3,-1.8559999999999945,11.625,false,"","",false,1,1,17,134.7405734971685,1229.8920616355044,253.84972510690284,189.26570599983003
Observat,4,-1.8559999999999945,10,true,"",Fierengraw,false,1,1,17,374.3431049508097,724.415468597698,474.28650435245163,459.88287937020743
Notes & Observations,5,-1.8559999999999945,16.333333333333332,false,"","",false,1,1,18,335.6952380134626,1113.999549034751,607.0465068278127,572.3847866168635
[underline]relating to existence[/underline],6,-1.8559999999999945,5,false,"","",false,1,1,7,525.0826714390925,1130.7570799596965,678.6574530296745,664.4086098471269
"[Ink sketches and scribbles, including small shaded pyramid. Lines consistent with a sketched map have been overlaid with the text listed above] ",7,-1.8559999999999945,1,true,"",Fierengraw,true,1,1,1,751.0095634460449,1005.622528553009,846.7340315883048,848.7077755038626
1,8,177.274,1,false,"","",true,1,1,1,1254.8018292357606,1228.4030983950997,85.16739590505252,86.4244840348368
