consensus text,line number,line slope,consensus score,line edited (T/F),original transcriber username,line editor username,flagged for low consensus (T/F),page number,column,number of transcribers,line start x,line end x,line start y,line end y
[underline]March 6[/underline].,1,1.331,3.5,false,"","",false,1,1,4,627.3334976009091,1226.4492227032183,232.9007142852052,232.9007142852052
140 grs Charcoal heated to whiteness,2,1.331,3,false,"","",false,1,1,3,590.8655411279358,1294.1754133862848,383.98213823099456,413.93789219177415
77 grs Sulphur,3,1.331,3,false,"","",false,1,1,3,553.0952286146329,1153.513409124459,514.2246731252635,510.31735658630663
tube cracked. -,4,1.331,3,true,"",E_L_Bird,false,1,1,3,701.5717169035917,1449.1640793456406,585.8580809800997,607.999276388356
after [underline]exp[superscript]t[/superscript].[/underline] had been gone on,5,1.331,3.3333333333333335,true,"",E_L_Bird,false,1,1,4,645.5674261538021,1451.7688907934871,634.0477883355691,673.1205562563889
for [underline]some time[/underline].,6,1.331,3,false,"","",false,1,1,3,711.9911614293519,1300.6875413730882,721.3103132954519,723.9152737940793
[Horizontal rule],7,1.331,3,false,"","",false,1,1,3,715.8984282847151,1305.8972636359683,789.0365536621122,815.0850159257317
