consensus text,line number,line slope,consensus score,line edited (T/F),original transcriber username,line editor username,flagged for low consensus (T/F),page number,column,number of transcribers,line start x,line end x,line start y,line end y
WT - 10 +lbs--48,1,1.31,3,false,"","",false,1,1,3,140.6655370696523,902.801591919319,167.8609599740009,183.59857896171425
Trout of the [underline] Meer [/underline]blue,2,1.31,3.5,false,"","",false,1,1,4,150.81964974629923,914.8308251562041,260.2483173984149,271.5785659621755
spots like the [unclear]par [/unclear] - 7 8 9 10,3,1.31,2.8,false,"","",true,1,1,5,148.4966767308256,912.4827389189415,368.3942214953662,371.5710440516626
and the pectoral fin appears,4,1.31,3,false,"","",false,1,1,3,141.92956923302714,952.123959512727,754.0035565270265,767.0289475615382
to contain 14 or 15 Spines,5,1.31,3,false,"","",false,1,1,3,147.42099373086754,972.4572980878097,830.8123453683902,852.2506657021847
and it eat on [insertion]X a[/insertion] scale with,6,1.31,3,true,"",RebekahMM,false,1,1,3,163.64413500649968,935.1432360464628,926.1002799094226,944.0646045624187
the Hucho - - -,7,1.31,3,false,"","",false,1,1,3,148.36273954795146,704.6666430787939,1007.5173449490501,1038.1554755315133
