consensus text,line number,line slope,consensus score,line edited (T/F),original transcriber username,line editor username,flagged for low consensus (T/F),page number,column,number of transcribers,line start x,line end x,line start y,line end y
I should think from the,1,-2.0249999999999773,3,false,"","",false,1,1,3,122.6348324978243,733.0702527258914,189.58238150425555,168.1948647987709
observation of the Carniola,2,-2.0249999999999773,3,false,"","",false,1,1,3,124.41711875770625,856.0484737824282,249.28920577264202,217.20793071441503
& Carinthian limestone,3,-2.0249999999999773,3,false,"","",false,1,1,3,130.65515126238105,737.5259581772335,308.9960096443031,285.8262270756619
it was [underline]plumbiferous[/underline],4,-2.0249999999999773,2.5714285714285716,true,"",raspence,true,1,1,5,158.28068007581516,742.9609015916844,373.1585597607571,358.9036808604425
"[Pencil sketch showing trees and hills or mountains, possibly a view of the Carniola]",5,,0,true,"",raspence,false,1,1,0,,,,
57,6,177.039,3,false,"","",false,1,1,3,171.0000360242459,98.61157051594091,1443.731789463813,1447.4760184682978
