consensus text,line number,line slope,consensus score,line edited (T/F),original transcriber username,line editor username,flagged for low consensus (T/F),page number,column,number of transcribers,line start x,line end x,line start y,line end y
75,1,-1.0749999999999886,3,false,"","",false,1,2,3,1176.2367564128892,1272.3977957543552,101.77045775806846,100.16779822406102
[deletion]To feed thy wa[/deletion],2,-1.0749999999999886,3,false,"","",false,1,1,3,262.70688266896127,764.3470201436432,210.75299346674694,197.93149709953457
Without a name; but is one is far [insertion]renowned[/insertion],3,-1.0749999999999886,3,true,"",a_s_wolf,false,1,1,3,259.50152691842084,1092.8972868036863,366.2133159471002,338.9676636786679
"Vaucluse, beside whose chrystal [insertion]waters sang[/insertion]",4,-1.0749999999999886,3,true,"",LH1980Lancaster,false,1,1,3,305.17590892344475,1107.502463828185,472.82757086838427,455.4727734706419
The bard of Provence,5,-1.0749999999999886,3,false,"","",false,1,1,3,275.52837903617365,866.9187709861901,619.4374106679779,621.0401435670362
