consensus text,line number,line slope,consensus score,line edited (T/F),original transcriber username,line editor username,flagged for low consensus (T/F),page number,column,number of transcribers,line start x,line end x,line start y,line end y
36,1,-0.6549999999999727,4,false,"","",false,1,1,4,197.57088470242041,283.8972893069156,93.78275069134781,71.2416701131802
In weighing the Nitrate of Ammonia,2,-0.6549999999999727,4,false,"","",false,1,1,4,193.07082829287452,1240.975029683882,151.46898906614103,163.33377862124433
then formed. I found little or no,3,-0.6549999999999727,3.857142857142857,false,"","",false,1,1,4,217.2856321334839,1144.8737211227417,228.56936073303223,249.7794542312622
increase of weight which puzzled me,4,-0.6549999999999727,4,false,"","",false,1,1,4,169.70913886426874,1257.793475993316,278.1915630817015,315.6767910970764
very much I could hardly suppose that,5,-0.6549999999999727,3.2857142857142856,false,"","",false,1,1,4,189.038037039051,1295.2523212402373,344.6146881933221,381.53363712281123
Carbonate of Ammonia - -,6,-0.6549999999999727,6,true,"",E_L_Bird,false,1,1,6,214.79309938405584,1007.1928284867666,420.4191354377407,433.66744958045206
increase of weight which puzzled me,7,-178.274,4,false,"","",false,1,1,4,1238.2212066955362,206.4130787808128,303.6192574497861,272.5186578495196
