consensus text,line number,line slope,consensus score,line edited (T/F),original transcriber username,line editor username,flagged for low consensus (T/F),page number,column,number of transcribers,line start x,line end x,line start y,line end y
18425,1,2.255,4,false,"","",false,1,1,4,127.92701780796051,225.3062846660614,136.06320321559906,141.3990534543991
Box 18 a,2,2.255,3,false,"","",false,1,1,4,154.60626900196075,239.97987282276154,185.41984140872955,192.08965420722961
[unclear]x[/unclear] I,3,2.255,2.3333333333333335,true,"",Fierengraw,true,1,1,5,164.06196755103161,204.04990377306396,212.70015933134036,213.69986178878557
4 & 5[superscript]th[/superscript] lect.,4,2.255,3,false,"","",false,1,1,4,147.0670925115473,245.03756152027992,237.19278373392544,240.1918720385227
Agric - Chemi,5,2.255,4,true,"",Fierengraw,false,1,1,4,124.92603945528921,247.88305286594527,259.3463055972661,262.4460622378708
Box 18 I 4th and 5th Lect. Agric - Chem,6,35.702,4,false,"","",false,1,1,4,124.92079466624918,249.6362060191183,163.51268407466034,253.13706713812905
